onset	duration	sample	trial_type	coarse_label	wrist	reach_magnitude_px	reach_angle_degrees	onset_speed_px_per_sec	speech_ratio	bimanual_ratio	bimanual_overlap	bimanual_class	source_ecog_time	source_time_of_day
0.000000	92.733333	0	coarse_label	Blocklist (Data break)	n/a	n/a	n/a	n/a	n/a	n/a	n/a	n/a	n/a	0.000000
92.733333	118.966667	46367	coarse_label	Sleep/rest	n/a	n/a	n/a	n/a	n/a	n/a	n/a	n/a	n/a	92.733333
211.700000	0.066667	105850	coarse_label	Blocklist (Data break)	n/a	n/a	n/a	n/a	n/a	n/a	n/a	n/a	n/a	211.700000
211.766667	121.000000	105883	coarse_label	Sleep/rest	n/a	n/a	n/a	n/a	n/a	n/a	n/a	n/a	n/a	211.766667
332.766667	0.133333	166383	coarse_label	Blocklist (Data break)	n/a	n/a	n/a	n/a	n/a	n/a	n/a	n/a	n/a	332.766667
332.900000	119.566667	166450	coarse_label	Sleep/rest	n/a	n/a	n/a	n/a	n/a	n/a	n/a	n/a	n/a	332.900000
452.466667	0.133333	226233	coarse_label	Blocklist (Data break)	n/a	n/a	n/a	n/a	n/a	n/a	n/a	n/a	n/a	452.466667
452.600000	120.866667	226300	coarse_label	Sleep/rest	n/a	n/a	n/a	n/a	n/a	n/a	n/a	n/a	n/a	452.600000
573.466667	0.233333	286733	coarse_label	Blocklist (Data break)	n/a	n/a	n/a	n/a	n/a	n/a	n/a	n/a	n/a	573.466667
573.700000	118.866667	286850	coarse_label	Sleep/rest	n/a	n/a	n/a	n/a	n/a	n/a	n/a	n/a	n/a	573.700000
692.566667	0.166667	346283	coarse_label	Blocklist (Data break)	n/a	n/a	n/a	n/a	n/a	n/a	n/a	n/a	n/a	692.566667
692.733333	119.200000	346367	coarse_label	Sleep/rest	n/a	n/a	n/a	n/a	n/a	n/a	n/a	n/a	n/a	692.733333
811.933333	0.266667	405967	coarse_label	Blocklist (Data break)	n/a	n/a	n/a	n/a	n/a	n/a	n/a	n/a	n/a	811.933333
812.200000	122.400000	406100	coarse_label	Sleep/rest	n/a	n/a	n/a	n/a	n/a	n/a	n/a	n/a	n/a	812.200000
934.600000	0.166667	467300	coarse_label	Blocklist (Data break)	n/a	n/a	n/a	n/a	n/a	n/a	n/a	n/a	n/a	934.600000
934.766667	121.500000	467383	coarse_label	Sleep/rest	n/a	n/a	n/a	n/a	n/a	n/a	n/a	n/a	n/a	934.766667
1056.266667	0.133333	528133	coarse_label	Blocklist (Data break)	n/a	n/a	n/a	n/a	n/a	n/a	n/a	n/a	n/a	1056.266667
1056.400000	115.633333	528200	coarse_label	Sleep/rest	n/a	n/a	n/a	n/a	n/a	n/a	n/a	n/a	n/a	1056.400000
1172.033333	0.166667	586017	coarse_label	Blocklist (Data break)	n/a	n/a	n/a	n/a	n/a	n/a	n/a	n/a	n/a	1172.033333
1172.200000	121.300000	586100	coarse_label	Sleep/rest	n/a	n/a	n/a	n/a	n/a	n/a	n/a	n/a	n/a	1172.200000
1293.500000	0.166667	646750	coarse_label	Blocklist (Data break)	n/a	n/a	n/a	n/a	n/a	n/a	n/a	n/a	n/a	1293.500000
1293.666667	118.633333	646833	coarse_label	Sleep/rest	n/a	n/a	n/a	n/a	n/a	n/a	n/a	n/a	n/a	1293.666667
1412.300000	0.166667	706150	coarse_label	Blocklist (Data break)	n/a	n/a	n/a	n/a	n/a	n/a	n/a	n/a	n/a	1412.300000
1412.466667	120.033333	706233	coarse_label	Sleep/rest	n/a	n/a	n/a	n/a	n/a	n/a	n/a	n/a	n/a	1412.466667
1532.500000	0.100000	766250	coarse_label	Blocklist (Data break)	n/a	n/a	n/a	n/a	n/a	n/a	n/a	n/a	n/a	1532.500000
1532.600000	123.933333	766300	coarse_label	Sleep/rest	n/a	n/a	n/a	n/a	n/a	n/a	n/a	n/a	n/a	1532.600000
1656.533333	0.200000	828267	coarse_label	Blocklist (Data break)	n/a	n/a	n/a	n/a	n/a	n/a	n/a	n/a	n/a	1656.533333
1656.733333	116.800000	828367	coarse_label	Sleep/rest	n/a	n/a	n/a	n/a	n/a	n/a	n/a	n/a	n/a	1656.733333
1773.533333	0.066667	886767	coarse_label	Blocklist (Data break)	n/a	n/a	n/a	n/a	n/a	n/a	n/a	n/a	n/a	1773.533333
1773.600000	120.000000	886800	coarse_label	Sleep/rest	n/a	n/a	n/a	n/a	n/a	n/a	n/a	n/a	n/a	1773.600000
1893.600000	0.200000	946800	coarse_label	Blocklist (Data break)	n/a	n/a	n/a	n/a	n/a	n/a	n/a	n/a	n/a	1893.600000
1893.800000	117.933333	946900	coarse_label	Sleep/rest	n/a	n/a	n/a	n/a	n/a	n/a	n/a	n/a	n/a	1893.800000
2011.733333	0.100000	1005867	coarse_label	Blocklist (Data break)	n/a	n/a	n/a	n/a	n/a	n/a	n/a	n/a	n/a	2011.733333
2011.833333	121.800000	1005917	coarse_label	Sleep/rest	n/a	n/a	n/a	n/a	n/a	n/a	n/a	n/a	n/a	2011.833333
2133.633333	0.266667	1066817	coarse_label	Blocklist (Data break)	n/a	n/a	n/a	n/a	n/a	n/a	n/a	n/a	n/a	2133.633333
2133.900000	118.333333	1066950	coarse_label	Sleep/rest	n/a	n/a	n/a	n/a	n/a	n/a	n/a	n/a	n/a	2133.900000
2252.233333	0.133333	1126117	coarse_label	Blocklist (Data break)	n/a	n/a	n/a	n/a	n/a	n/a	n/a	n/a	n/a	2252.233333
2252.366667	121.566667	1126183	coarse_label	Sleep/rest	n/a	n/a	n/a	n/a	n/a	n/a	n/a	n/a	n/a	2252.366667
2373.933333	0.066667	1186967	coarse_label	Blocklist (Data break)	n/a	n/a	n/a	n/a	n/a	n/a	n/a	n/a	n/a	2373.933333
2374.000000	121.533333	1187000	coarse_label	Sleep/rest	n/a	n/a	n/a	n/a	n/a	n/a	n/a	n/a	n/a	2374.000000
2495.533333	0.100000	1247767	coarse_label	Blocklist (Data break)	n/a	n/a	n/a	n/a	n/a	n/a	n/a	n/a	n/a	2495.533333
2495.633333	116.933333	1247817	coarse_label	Sleep/rest	n/a	n/a	n/a	n/a	n/a	n/a	n/a	n/a	n/a	2495.633333
2612.566667	0.200000	1306283	coarse_label	Blocklist (Data break)	n/a	n/a	n/a	n/a	n/a	n/a	n/a	n/a	n/a	2612.566667
2612.766667	118.800000	1306383	coarse_label	Sleep/rest	n/a	n/a	n/a	n/a	n/a	n/a	n/a	n/a	n/a	2612.766667
2731.566667	0.166667	1365783	coarse_label	Blocklist (Data break)	n/a	n/a	n/a	n/a	n/a	n/a	n/a	n/a	n/a	2731.566667
2731.733333	120.533333	1365867	coarse_label	Sleep/rest	n/a	n/a	n/a	n/a	n/a	n/a	n/a	n/a	n/a	2731.733333
2852.266667	0.133333	1426133	coarse_label	Blocklist (Data break)	n/a	n/a	n/a	n/a	n/a	n/a	n/a	n/a	n/a	2852.266667
2852.400000	121.500000	1426200	coarse_label	Sleep/rest	n/a	n/a	n/a	n/a	n/a	n/a	n/a	n/a	n/a	2852.400000
2973.900000	0.200000	1486950	coarse_label	Blocklist (Data break)	n/a	n/a	n/a	n/a	n/a	n/a	n/a	n/a	n/a	2973.900000
2974.100000	117.533333	1487050	coarse_label	Sleep/rest	n/a	n/a	n/a	n/a	n/a	n/a	n/a	n/a	n/a	2974.100000
3091.633333	0.133333	1545817	coarse_label	Blocklist (Data break)	n/a	n/a	n/a	n/a	n/a	n/a	n/a	n/a	n/a	3091.633333
3091.766667	120.733333	1545883	coarse_label	Sleep/rest	n/a	n/a	n/a	n/a	n/a	n/a	n/a	n/a	n/a	3091.766667
3212.500000	0.200000	1606250	coarse_label	Blocklist (Data break)	n/a	n/a	n/a	n/a	n/a	n/a	n/a	n/a	n/a	3212.500000
3212.700000	121.666667	1606350	coarse_label	Sleep/rest	n/a	n/a	n/a	n/a	n/a	n/a	n/a	n/a	n/a	3212.700000
3334.366667	0.200000	1667183	coarse_label	Blocklist (Data break)	n/a	n/a	n/a	n/a	n/a	n/a	n/a	n/a	n/a	3334.366667
3334.566667	117.166667	1667283	coarse_label	Sleep/rest	n/a	n/a	n/a	n/a	n/a	n/a	n/a	n/a	n/a	3334.566667
3451.733333	0.266667	1725867	coarse_label	Blocklist (Data break)	n/a	n/a	n/a	n/a	n/a	n/a	n/a	n/a	n/a	3451.733333
3452.000000	120.700000	1726000	coarse_label	Sleep/rest	n/a	n/a	n/a	n/a	n/a	n/a	n/a	n/a	n/a	3452.000000
3572.700000	0.100000	1786350	coarse_label	Blocklist (Data break)	n/a	n/a	n/a	n/a	n/a	n/a	n/a	n/a	n/a	3572.700000
3572.800000	120.466667	1786400	coarse_label	Sleep/rest	n/a	n/a	n/a	n/a	n/a	n/a	n/a	n/a	n/a	3572.800000
3693.266667	0.066667	1846633	coarse_label	Blocklist (Data break)	n/a	n/a	n/a	n/a	n/a	n/a	n/a	n/a	n/a	3693.266667
3693.333333	119.000000	1846667	coarse_label	Sleep/rest	n/a	n/a	n/a	n/a	n/a	n/a	n/a	n/a	n/a	3693.333333
3812.333333	0.100000	1906167	coarse_label	Blocklist (Data break)	n/a	n/a	n/a	n/a	n/a	n/a	n/a	n/a	n/a	3812.333333
3812.433333	120.366667	1906217	coarse_label	Sleep/rest	n/a	n/a	n/a	n/a	n/a	n/a	n/a	n/a	n/a	3812.433333
3932.800000	0.166667	1966400	coarse_label	Blocklist (Data break)	n/a	n/a	n/a	n/a	n/a	n/a	n/a	n/a	n/a	3932.800000
3932.966667	118.500000	1966483	coarse_label	Sleep/rest	n/a	n/a	n/a	n/a	n/a	n/a	n/a	n/a	n/a	3932.966667
4051.466667	0.233333	2025733	coarse_label	Blocklist (Data break)	n/a	n/a	n/a	n/a	n/a	n/a	n/a	n/a	n/a	4051.466667
4051.700000	120.333333	2025850	coarse_label	Sleep/rest	n/a	n/a	n/a	n/a	n/a	n/a	n/a	n/a	n/a	4051.700000
4172.033333	0.066667	2086017	coarse_label	Blocklist (Data break)	n/a	n/a	n/a	n/a	n/a	n/a	n/a	n/a	n/a	4172.033333
4172.100000	120.366667	2086050	coarse_label	Sleep/rest	n/a	n/a	n/a	n/a	n/a	n/a	n/a	n/a	n/a	4172.100000
4292.466667	0.066667	2146233	coarse_label	Blocklist (Data break)	n/a	n/a	n/a	n/a	n/a	n/a	n/a	n/a	n/a	4292.466667
4292.533333	120.066667	2146267	coarse_label	Sleep/rest	n/a	n/a	n/a	n/a	n/a	n/a	n/a	n/a	n/a	4292.533333
4412.600000	0.100000	2206300	coarse_label	Blocklist (Data break)	n/a	n/a	n/a	n/a	n/a	n/a	n/a	n/a	n/a	4412.600000
4412.700000	120.000000	2206350	coarse_label	Sleep/rest	n/a	n/a	n/a	n/a	n/a	n/a	n/a	n/a	n/a	4412.700000
4532.700000	0.133333	2266350	coarse_label	Blocklist (Data break)	n/a	n/a	n/a	n/a	n/a	n/a	n/a	n/a	n/a	4532.700000
4532.833333	118.700000	2266417	coarse_label	Sleep/rest	n/a	n/a	n/a	n/a	n/a	n/a	n/a	n/a	n/a	4532.833333
4651.533333	0.266667	2325767	coarse_label	Blocklist (Data break)	n/a	n/a	n/a	n/a	n/a	n/a	n/a	n/a	n/a	4651.533333
4651.800000	124.500000	2325900	coarse_label	Sleep/rest	n/a	n/a	n/a	n/a	n/a	n/a	n/a	n/a	n/a	4651.800000
4776.300000	0.300000	2388150	coarse_label	Blocklist (Data break)	n/a	n/a	n/a	n/a	n/a	n/a	n/a	n/a	n/a	4776.300000
4776.600000	124.200000	2388300	coarse_label	Sleep/rest	n/a	n/a	n/a	n/a	n/a	n/a	n/a	n/a	n/a	4776.600000
4900.800000	0.066667	2450400	coarse_label	Blocklist (Data break)	n/a	n/a	n/a	n/a	n/a	n/a	n/a	n/a	n/a	4900.800000
4900.866667	236.466667	2450433	coarse_label	Sleep/rest	n/a	n/a	n/a	n/a	n/a	n/a	n/a	n/a	n/a	4900.866667
5137.333333	0.100000	2568667	coarse_label	Blocklist (Data break)	n/a	n/a	n/a	n/a	n/a	n/a	n/a	n/a	n/a	5137.333333
5137.433333	121.800000	2568717	coarse_label	Sleep/rest	n/a	n/a	n/a	n/a	n/a	n/a	n/a	n/a	n/a	5137.433333
5259.233333	0.066667	2629617	coarse_label	Blocklist (Data break)	n/a	n/a	n/a	n/a	n/a	n/a	n/a	n/a	n/a	5259.233333
5259.300000	112.333333	2629650	coarse_label	Sleep/rest	n/a	n/a	n/a	n/a	n/a	n/a	n/a	n/a	n/a	5259.300000
5371.633333	0.100000	2685817	coarse_label	Blocklist (Data break)	n/a	n/a	n/a	n/a	n/a	n/a	n/a	n/a	n/a	5371.633333
5371.733333	123.300000	2685867	coarse_label	Sleep/rest	n/a	n/a	n/a	n/a	n/a	n/a	n/a	n/a	n/a	5371.733333
5495.033333	0.066667	2747517	coarse_label	Blocklist (Data break)	n/a	n/a	n/a	n/a	n/a	n/a	n/a	n/a	n/a	5495.033333
5495.100000	116.600000	2747550	coarse_label	Sleep/rest	n/a	n/a	n/a	n/a	n/a	n/a	n/a	n/a	n/a	5495.100000
5611.700000	0.133333	2805850	coarse_label	Blocklist (Data break)	n/a	n/a	n/a	n/a	n/a	n/a	n/a	n/a	n/a	5611.700000
5611.833333	136.833333	2805917	coarse_label	Sleep/rest	n/a	n/a	n/a	n/a	n/a	n/a	n/a	n/a	n/a	5611.833333
5748.666667	0.133333	2874333	coarse_label	Blocklist (Data break)	n/a	n/a	n/a	n/a	n/a	n/a	n/a	n/a	n/a	5748.666667
5748.800000	112.333333	2874400	coarse_label	Sleep/rest	n/a	n/a	n/a	n/a	n/a	n/a	n/a	n/a	n/a	5748.800000
5861.133333	0.166667	2930567	coarse_label	Blocklist (Data break)	n/a	n/a	n/a	n/a	n/a	n/a	n/a	n/a	n/a	5861.133333
5861.300000	113.266667	2930650	coarse_label	Sleep/rest	n/a	n/a	n/a	n/a	n/a	n/a	n/a	n/a	n/a	5861.300000
5974.566667	0.133333	2987283	coarse_label	Blocklist (Data break)	n/a	n/a	n/a	n/a	n/a	n/a	n/a	n/a	n/a	5974.566667
5974.700000	118.133333	2987350	coarse_label	Sleep/rest	n/a	n/a	n/a	n/a	n/a	n/a	n/a	n/a	n/a	5974.700000
6092.833333	0.133333	3046417	coarse_label	Blocklist (Data break)	n/a	n/a	n/a	n/a	n/a	n/a	n/a	n/a	n/a	6092.833333
6092.966667	119.400000	3046483	coarse_label	Sleep/rest	n/a	n/a	n/a	n/a	n/a	n/a	n/a	n/a	n/a	6092.966667
6212.366667	0.166667	3106183	coarse_label	Blocklist (Data break)	n/a	n/a	n/a	n/a	n/a	n/a	n/a	n/a	n/a	6212.366667
6212.533333	123.633333	3106267	coarse_label	Sleep/rest	n/a	n/a	n/a	n/a	n/a	n/a	n/a	n/a	n/a	6212.533333
6336.166667	0.133333	3168083	coarse_label	Blocklist (Data break)	n/a	n/a	n/a	n/a	n/a	n/a	n/a	n/a	n/a	6336.166667
6336.300000	120.633333	3168150	coarse_label	Sleep/rest	n/a	n/a	n/a	n/a	n/a	n/a	n/a	n/a	n/a	6336.300000
6456.933333	0.166667	3228467	coarse_label	Blocklist (Data break)	n/a	n/a	n/a	n/a	n/a	n/a	n/a	n/a	n/a	6456.933333
6457.100000	163.400000	3228550	coarse_label	Sleep/rest	n/a	n/a	n/a	n/a	n/a	n/a	n/a	n/a	n/a	6457.100000
6620.500000	3.333333	3310250	coarse_label	Blocklist (Data break)	n/a	n/a	n/a	n/a	n/a	n/a	n/a	n/a	n/a	6620.500000
6623.833333	125.800000	3311917	coarse_label	Sleep/rest	n/a	n/a	n/a	n/a	n/a	n/a	n/a	n/a	n/a	6623.833333
6749.633333	0.033333	3374817	coarse_label	Blocklist (Data break)	n/a	n/a	n/a	n/a	n/a	n/a	n/a	n/a	n/a	6749.633333
6749.666667	117.666667	3374833	coarse_label	Sleep/rest	n/a	n/a	n/a	n/a	n/a	n/a	n/a	n/a	n/a	6749.666667
6867.333333	0.166667	3433667	coarse_label	Blocklist (Data break)	n/a	n/a	n/a	n/a	n/a	n/a	n/a	n/a	n/a	6867.333333
6867.500000	117.633333	3433750	coarse_label	Sleep/rest	n/a	n/a	n/a	n/a	n/a	n/a	n/a	n/a	n/a	6867.500000
6985.133333	0.133333	3492567	coarse_label	Blocklist (Data break)	n/a	n/a	n/a	n/a	n/a	n/a	n/a	n/a	n/a	6985.133333
6985.266667	122.100000	3492633	coarse_label	Sleep/rest	n/a	n/a	n/a	n/a	n/a	n/a	n/a	n/a	n/a	6985.266667
7107.366667	0.100000	3553683	coarse_label	Blocklist (Data break)	n/a	n/a	n/a	n/a	n/a	n/a	n/a	n/a	n/a	7107.366667
7107.466667	116.400000	3553733	coarse_label	Sleep/rest	n/a	n/a	n/a	n/a	n/a	n/a	n/a	n/a	n/a	7107.466667
7223.866667	0.033333	3611933	coarse_label	Blocklist (Data break)	n/a	n/a	n/a	n/a	n/a	n/a	n/a	n/a	n/a	7223.866667
7223.900000	120.500000	3611950	coarse_label	Sleep/rest	n/a	n/a	n/a	n/a	n/a	n/a	n/a	n/a	n/a	7223.900000
7344.400000	0.066667	3672200	coarse_label	Blocklist (Data break)	n/a	n/a	n/a	n/a	n/a	n/a	n/a	n/a	n/a	7344.400000
7344.466667	119.666667	3672233	coarse_label	Sleep/rest	n/a	n/a	n/a	n/a	n/a	n/a	n/a	n/a	n/a	7344.466667
7464.133333	0.166667	3732067	coarse_label	Blocklist (Data break)	n/a	n/a	n/a	n/a	n/a	n/a	n/a	n/a	n/a	7464.133333
7464.300000	120.866667	3732150	coarse_label	Sleep/rest	n/a	n/a	n/a	n/a	n/a	n/a	n/a	n/a	n/a	7464.300000
7585.166667	0.066667	3792583	coarse_label	Blocklist (Data break)	n/a	n/a	n/a	n/a	n/a	n/a	n/a	n/a	n/a	7585.166667
7585.233333	118.566667	3792617	coarse_label	Sleep/rest	n/a	n/a	n/a	n/a	n/a	n/a	n/a	n/a	n/a	7585.233333
7703.800000	0.066667	3851900	coarse_label	Blocklist (Data break)	n/a	n/a	n/a	n/a	n/a	n/a	n/a	n/a	n/a	7703.800000
7703.866667	121.533333	3851933	coarse_label	Sleep/rest	n/a	n/a	n/a	n/a	n/a	n/a	n/a	n/a	n/a	7703.866667
7825.400000	0.066667	3912700	coarse_label	Blocklist (Data break)	n/a	n/a	n/a	n/a	n/a	n/a	n/a	n/a	n/a	7825.400000
7825.466667	118.466667	3912733	coarse_label	Sleep/rest	n/a	n/a	n/a	n/a	n/a	n/a	n/a	n/a	n/a	7825.466667
7943.933333	0.166667	3971967	coarse_label	Blocklist (Data break)	n/a	n/a	n/a	n/a	n/a	n/a	n/a	n/a	n/a	7943.933333
7944.100000	119.600000	3972050	coarse_label	Sleep/rest	n/a	n/a	n/a	n/a	n/a	n/a	n/a	n/a	n/a	7944.100000
8063.700000	0.066667	4031850	coarse_label	Blocklist (Data break)	n/a	n/a	n/a	n/a	n/a	n/a	n/a	n/a	n/a	8063.700000
8063.766667	122.800000	4031883	coarse_label	Sleep/rest	n/a	n/a	n/a	n/a	n/a	n/a	n/a	n/a	n/a	8063.766667
8186.566667	0.066667	4093283	coarse_label	Blocklist (Data break)	n/a	n/a	n/a	n/a	n/a	n/a	n/a	n/a	n/a	8186.566667
8186.633333	117.666667	4093317	coarse_label	Sleep/rest	n/a	n/a	n/a	n/a	n/a	n/a	n/a	n/a	n/a	8186.633333
8304.300000	0.100000	4152150	coarse_label	Blocklist (Data break)	n/a	n/a	n/a	n/a	n/a	n/a	n/a	n/a	n/a	8304.300000
8304.400000	120.000000	4152200	coarse_label	Sleep/rest	n/a	n/a	n/a	n/a	n/a	n/a	n/a	n/a	n/a	8304.400000
8424.400000	0.133333	4212200	coarse_label	Blocklist (Data break)	n/a	n/a	n/a	n/a	n/a	n/a	n/a	n/a	n/a	8424.400000
8424.533333	118.866667	4212267	coarse_label	Sleep/rest	n/a	n/a	n/a	n/a	n/a	n/a	n/a	n/a	n/a	8424.533333
8543.400000	0.133333	4271700	coarse_label	Blocklist (Data break)	n/a	n/a	n/a	n/a	n/a	n/a	n/a	n/a	n/a	8543.400000
8543.533333	120.833333	4271767	coarse_label	Sleep/rest	n/a	n/a	n/a	n/a	n/a	n/a	n/a	n/a	n/a	8543.533333
8664.366667	0.066667	4332183	coarse_label	Blocklist (Data break)	n/a	n/a	n/a	n/a	n/a	n/a	n/a	n/a	n/a	8664.366667
8664.433333	126.066667	4332217	coarse_label	Sleep/rest	n/a	n/a	n/a	n/a	n/a	n/a	n/a	n/a	n/a	8664.433333
8790.500000	0.166667	4395250	coarse_label	Blocklist (Data break)	n/a	n/a	n/a	n/a	n/a	n/a	n/a	n/a	n/a	8790.500000
8790.666667	131.700000	4395333	coarse_label	Sleep/rest	n/a	n/a	n/a	n/a	n/a	n/a	n/a	n/a	n/a	8790.666667
8922.366667	0.133333	4461183	coarse_label	Blocklist (Data break)	n/a	n/a	n/a	n/a	n/a	n/a	n/a	n/a	n/a	8922.366667
8922.500000	104.966667	4461250	coarse_label	Sleep/rest	n/a	n/a	n/a	n/a	n/a	n/a	n/a	n/a	n/a	8922.500000
9027.466667	0.100000	4513733	coarse_label	Blocklist (Data break)	n/a	n/a	n/a	n/a	n/a	n/a	n/a	n/a	n/a	9027.466667
9027.566667	132.233333	4513783	coarse_label	Sleep/rest	n/a	n/a	n/a	n/a	n/a	n/a	n/a	n/a	n/a	9027.566667
9159.800000	0.200000	4579900	coarse_label	Blocklist (Data break)	n/a	n/a	n/a	n/a	n/a	n/a	n/a	n/a	n/a	9159.800000
9160.000000	104.833333	4580000	coarse_label	Sleep/rest	n/a	n/a	n/a	n/a	n/a	n/a	n/a	n/a	n/a	9160.000000
9264.833333	0.200000	4632417	coarse_label	Blocklist (Data break)	n/a	n/a	n/a	n/a	n/a	n/a	n/a	n/a	n/a	9264.833333
9265.033333	119.000000	4632517	coarse_label	Sleep/rest	n/a	n/a	n/a	n/a	n/a	n/a	n/a	n/a	n/a	9265.033333
9384.033333	0.066667	4692017	coarse_label	Blocklist (Data break)	n/a	n/a	n/a	n/a	n/a	n/a	n/a	n/a	n/a	9384.033333
9384.100000	119.600000	4692050	coarse_label	Sleep/rest	n/a	n/a	n/a	n/a	n/a	n/a	n/a	n/a	n/a	9384.100000
9503.700000	0.133333	4751850	coarse_label	Blocklist (Data break)	n/a	n/a	n/a	n/a	n/a	n/a	n/a	n/a	n/a	9503.700000
9503.833333	120.366667	4751917	coarse_label	Sleep/rest	n/a	n/a	n/a	n/a	n/a	n/a	n/a	n/a	n/a	9503.833333
9624.200000	0.266667	4812100	coarse_label	Blocklist (Data break)	n/a	n/a	n/a	n/a	n/a	n/a	n/a	n/a	n/a	9624.200000
9624.466667	130.166667	4812233	coarse_label	Sleep/rest	n/a	n/a	n/a	n/a	n/a	n/a	n/a	n/a	n/a	9624.466667
9754.633333	0.166667	4877317	coarse_label	Blocklist (Data break)	n/a	n/a	n/a	n/a	n/a	n/a	n/a	n/a	n/a	9754.633333
9754.800000	109.466667	4877400	coarse_label	Sleep/rest	n/a	n/a	n/a	n/a	n/a	n/a	n/a	n/a	n/a	9754.800000
9864.266667	0.033333	4932133	coarse_label	Blocklist (Data break)	n/a	n/a	n/a	n/a	n/a	n/a	n/a	n/a	n/a	9864.266667
9864.300000	120.833333	4932150	coarse_label	Sleep/rest	n/a	n/a	n/a	n/a	n/a	n/a	n/a	n/a	n/a	9864.300000
9985.133333	0.100000	4992567	coarse_label	Blocklist (Data break)	n/a	n/a	n/a	n/a	n/a	n/a	n/a	n/a	n/a	9985.133333
9985.233333	119.800000	4992617	coarse_label	Sleep/rest	n/a	n/a	n/a	n/a	n/a	n/a	n/a	n/a	n/a	9985.233333
10105.033333	0.033333	5052517	coarse_label	Blocklist (Data break)	n/a	n/a	n/a	n/a	n/a	n/a	n/a	n/a	n/a	10105.033333
10105.066667	124.966667	5052533	coarse_label	Sleep/rest	n/a	n/a	n/a	n/a	n/a	n/a	n/a	n/a	n/a	10105.066667
10230.033333	0.166667	5115017	coarse_label	Blocklist (Data break)	n/a	n/a	n/a	n/a	n/a	n/a	n/a	n/a	n/a	10230.033333
10230.200000	113.966667	5115100	coarse_label	Sleep/rest	n/a	n/a	n/a	n/a	n/a	n/a	n/a	n/a	n/a	10230.200000
10344.166667	0.133333	5172083	coarse_label	Blocklist (Data break)	n/a	n/a	n/a	n/a	n/a	n/a	n/a	n/a	n/a	10344.166667
10344.300000	120.033333	5172150	coarse_label	Sleep/rest	n/a	n/a	n/a	n/a	n/a	n/a	n/a	n/a	n/a	10344.300000
10464.333333	0.066667	5232167	coarse_label	Blocklist (Data break)	n/a	n/a	n/a	n/a	n/a	n/a	n/a	n/a	n/a	10464.333333
10464.400000	119.066667	5232200	coarse_label	Sleep/rest	n/a	n/a	n/a	n/a	n/a	n/a	n/a	n/a	n/a	10464.400000
10583.466667	0.166667	5291733	coarse_label	Blocklist (Data break)	n/a	n/a	n/a	n/a	n/a	n/a	n/a	n/a	n/a	10583.466667
10583.633333	120.566667	5291817	coarse_label	Sleep/rest	n/a	n/a	n/a	n/a	n/a	n/a	n/a	n/a	n/a	10583.633333
10704.200000	0.066667	5352100	coarse_label	Blocklist (Data break)	n/a	n/a	n/a	n/a	n/a	n/a	n/a	n/a	n/a	10704.200000
10704.266667	120.000000	5352133	coarse_label	Sleep/rest	n/a	n/a	n/a	n/a	n/a	n/a	n/a	n/a	n/a	10704.266667
10824.266667	0.100000	5412133	coarse_label	Blocklist (Data break)	n/a	n/a	n/a	n/a	n/a	n/a	n/a	n/a	n/a	10824.266667
10824.366667	119.500000	5412183	coarse_label	Sleep/rest	n/a	n/a	n/a	n/a	n/a	n/a	n/a	n/a	n/a	10824.366667
10943.866667	0.133333	5471933	coarse_label	Blocklist (Data break)	n/a	n/a	n/a	n/a	n/a	n/a	n/a	n/a	n/a	10943.866667
10944.000000	121.866667	5472000	coarse_label	Sleep/rest	n/a	n/a	n/a	n/a	n/a	n/a	n/a	n/a	n/a	10944.000000
11065.866667	0.166667	5532933	coarse_label	Blocklist (Data break)	n/a	n/a	n/a	n/a	n/a	n/a	n/a	n/a	n/a	11065.866667
11066.033333	122.600000	5533017	coarse_label	Sleep/rest	n/a	n/a	n/a	n/a	n/a	n/a	n/a	n/a	n/a	11066.033333
11188.633333	0.133333	5594317	coarse_label	Blocklist (Data break)	n/a	n/a	n/a	n/a	n/a	n/a	n/a	n/a	n/a	11188.633333
11188.766667	146.133333	5594383	coarse_label	Sleep/rest	n/a	n/a	n/a	n/a	n/a	n/a	n/a	n/a	n/a	11188.766667
11334.900000	0.133333	5667450	coarse_label	Blocklist (Data break)	n/a	n/a	n/a	n/a	n/a	n/a	n/a	n/a	n/a	11334.900000
11335.033333	91.466667	5667517	coarse_label	Sleep/rest	n/a	n/a	n/a	n/a	n/a	n/a	n/a	n/a	n/a	11335.033333
11426.500000	0.066667	5713250	coarse_label	Blocklist (Data break)	n/a	n/a	n/a	n/a	n/a	n/a	n/a	n/a	n/a	11426.500000
11426.566667	117.300000	5713283	coarse_label	Sleep/rest	n/a	n/a	n/a	n/a	n/a	n/a	n/a	n/a	n/a	11426.566667
11543.866667	0.166667	5771933	coarse_label	Blocklist (Data break)	n/a	n/a	n/a	n/a	n/a	n/a	n/a	n/a	n/a	11543.866667
11544.033333	119.833333	5772017	coarse_label	Sleep/rest	n/a	n/a	n/a	n/a	n/a	n/a	n/a	n/a	n/a	11544.033333
11663.866667	0.066667	5831933	coarse_label	Blocklist (Data break)	n/a	n/a	n/a	n/a	n/a	n/a	n/a	n/a	n/a	11663.866667
11663.933333	124.166667	5831967	coarse_label	Sleep/rest	n/a	n/a	n/a	n/a	n/a	n/a	n/a	n/a	n/a	11663.933333
11788.100000	0.066667	5894050	coarse_label	Blocklist (Data break)	n/a	n/a	n/a	n/a	n/a	n/a	n/a	n/a	n/a	11788.100000
11788.166667	115.733333	5894083	coarse_label	Sleep/rest	n/a	n/a	n/a	n/a	n/a	n/a	n/a	n/a	n/a	11788.166667
11903.900000	0.133333	5951950	coarse_label	Blocklist (Data break)	n/a	n/a	n/a	n/a	n/a	n/a	n/a	n/a	n/a	11903.900000
11904.033333	119.900000	5952017	coarse_label	Sleep/rest	n/a	n/a	n/a	n/a	n/a	n/a	n/a	n/a	n/a	11904.033333
12023.933333	0.166667	6011967	coarse_label	Blocklist (Data break)	n/a	n/a	n/a	n/a	n/a	n/a	n/a	n/a	n/a	12023.933333
12024.100000	119.800000	6012050	coarse_label	Sleep/rest	n/a	n/a	n/a	n/a	n/a	n/a	n/a	n/a	n/a	12024.100000
12143.900000	0.066667	6071950	coarse_label	Blocklist (Data break)	n/a	n/a	n/a	n/a	n/a	n/a	n/a	n/a	n/a	12143.900000
12143.966667	120.833333	6071983	coarse_label	Sleep/rest	n/a	n/a	n/a	n/a	n/a	n/a	n/a	n/a	n/a	12143.966667
12264.800000	0.033333	6132400	coarse_label	Blocklist (Data break)	n/a	n/a	n/a	n/a	n/a	n/a	n/a	n/a	n/a	12264.800000
12264.833333	118.566667	6132417	coarse_label	Sleep/rest	n/a	n/a	n/a	n/a	n/a	n/a	n/a	n/a	n/a	12264.833333
12383.400000	0.166667	6191700	coarse_label	Blocklist (Data break)	n/a	n/a	n/a	n/a	n/a	n/a	n/a	n/a	n/a	12383.400000
12383.566667	126.533333	6191783	coarse_label	Sleep/rest	n/a	n/a	n/a	n/a	n/a	n/a	n/a	n/a	n/a	12383.566667
12510.100000	0.200000	6255050	coarse_label	Blocklist (Data break)	n/a	n/a	n/a	n/a	n/a	n/a	n/a	n/a	n/a	12510.100000
12510.300000	121.266667	6255150	coarse_label	Sleep/rest	n/a	n/a	n/a	n/a	n/a	n/a	n/a	n/a	n/a	12510.300000
12516.894000	7.100000	6258447	nan_segment	n/a	n/a	n/a	n/a	n/a	n/a	n/a	n/a	n/a	n/a	n/a
12631.566667	0.066667	6315783	coarse_label	Blocklist (Data break)	n/a	n/a	n/a	n/a	n/a	n/a	n/a	n/a	n/a	12631.566667
12631.633333	119.233333	6315817	coarse_label	Sleep/rest	n/a	n/a	n/a	n/a	n/a	n/a	n/a	n/a	n/a	12631.633333
12750.866667	0.033333	6375433	coarse_label	Blocklist (Data break)	n/a	n/a	n/a	n/a	n/a	n/a	n/a	n/a	n/a	12750.866667
12750.900000	115.633333	6375450	coarse_label	Sleep/rest	n/a	n/a	n/a	n/a	n/a	n/a	n/a	n/a	n/a	12750.900000
12866.533333	0.066667	6433267	coarse_label	Blocklist (Data break)	n/a	n/a	n/a	n/a	n/a	n/a	n/a	n/a	n/a	12866.533333
12866.600000	118.333333	6433300	coarse_label	Sleep/rest	n/a	n/a	n/a	n/a	n/a	n/a	n/a	n/a	n/a	12866.600000
12984.933333	0.200000	6492467	coarse_label	Blocklist (Data break)	n/a	n/a	n/a	n/a	n/a	n/a	n/a	n/a	n/a	12984.933333
12985.133333	118.833333	6492567	coarse_label	Sleep/rest	n/a	n/a	n/a	n/a	n/a	n/a	n/a	n/a	n/a	12985.133333
13103.966667	0.233333	6551983	coarse_label	Blocklist (Data break)	n/a	n/a	n/a	n/a	n/a	n/a	n/a	n/a	n/a	13103.966667
13104.200000	119.866667	6552100	coarse_label	Sleep/rest	n/a	n/a	n/a	n/a	n/a	n/a	n/a	n/a	n/a	13104.200000
13224.066667	0.166667	6612033	coarse_label	Blocklist (Data break)	n/a	n/a	n/a	n/a	n/a	n/a	n/a	n/a	n/a	13224.066667
13224.233333	120.000000	6612117	coarse_label	Sleep/rest	n/a	n/a	n/a	n/a	n/a	n/a	n/a	n/a	n/a	13224.233333
13344.233333	0.100000	6672117	coarse_label	Blocklist (Data break)	n/a	n/a	n/a	n/a	n/a	n/a	n/a	n/a	n/a	13344.233333
13344.333333	120.966667	6672167	coarse_label	Sleep/rest	n/a	n/a	n/a	n/a	n/a	n/a	n/a	n/a	n/a	13344.333333
13465.300000	0.066667	6732650	coarse_label	Blocklist (Data break)	n/a	n/a	n/a	n/a	n/a	n/a	n/a	n/a	n/a	13465.300000
13465.366667	118.266667	6732683	coarse_label	Sleep/rest	n/a	n/a	n/a	n/a	n/a	n/a	n/a	n/a	n/a	13465.366667
13583.633333	0.066667	6791817	coarse_label	Blocklist (Data break)	n/a	n/a	n/a	n/a	n/a	n/a	n/a	n/a	n/a	13583.633333
13583.700000	125.300000	6791850	coarse_label	Sleep/rest	n/a	n/a	n/a	n/a	n/a	n/a	n/a	n/a	n/a	13583.700000
13709.000000	0.066667	6854500	coarse_label	Blocklist (Data break)	n/a	n/a	n/a	n/a	n/a	n/a	n/a	n/a	n/a	13709.000000
13709.066667	114.866667	6854533	coarse_label	Sleep/rest	n/a	n/a	n/a	n/a	n/a	n/a	n/a	n/a	n/a	13709.066667
13823.933333	0.266667	6911967	coarse_label	Blocklist (Data break)	n/a	n/a	n/a	n/a	n/a	n/a	n/a	n/a	n/a	13823.933333
13824.200000	119.833333	6912100	coarse_label	Sleep/rest	n/a	n/a	n/a	n/a	n/a	n/a	n/a	n/a	n/a	13824.200000
13944.033333	0.066667	6972017	coarse_label	Blocklist (Data break)	n/a	n/a	n/a	n/a	n/a	n/a	n/a	n/a	n/a	13944.033333
13944.100000	124.700000	6972050	coarse_label	Sleep/rest	n/a	n/a	n/a	n/a	n/a	n/a	n/a	n/a	n/a	13944.100000
14068.800000	0.266667	7034400	coarse_label	Blocklist (Data break)	n/a	n/a	n/a	n/a	n/a	n/a	n/a	n/a	n/a	14068.800000
14069.066667	123.066667	7034533	coarse_label	Sleep/rest	n/a	n/a	n/a	n/a	n/a	n/a	n/a	n/a	n/a	14069.066667
14192.133333	0.033333	7096067	coarse_label	Blocklist (Data break)	n/a	n/a	n/a	n/a	n/a	n/a	n/a	n/a	n/a	14192.133333
14192.166667	111.966667	7096083	coarse_label	Sleep/rest	n/a	n/a	n/a	n/a	n/a	n/a	n/a	n/a	n/a	14192.166667
14304.133333	0.100000	7152067	coarse_label	Blocklist (Data break)	n/a	n/a	n/a	n/a	n/a	n/a	n/a	n/a	n/a	14304.133333
14304.233333	128.166667	7152117	coarse_label	Sleep/rest	n/a	n/a	n/a	n/a	n/a	n/a	n/a	n/a	n/a	14304.233333
14432.400000	0.066667	7216200	coarse_label	Blocklist (Data break)	n/a	n/a	n/a	n/a	n/a	n/a	n/a	n/a	n/a	14432.400000
14432.466667	110.866667	7216233	coarse_label	Sleep/rest	n/a	n/a	n/a	n/a	n/a	n/a	n/a	n/a	n/a	14432.466667
14543.333333	0.166667	7271667	coarse_label	Blocklist (Data break)	n/a	n/a	n/a	n/a	n/a	n/a	n/a	n/a	n/a	14543.333333
14543.500000	132.600000	7271750	coarse_label	Sleep/rest	n/a	n/a	n/a	n/a	n/a	n/a	n/a	n/a	n/a	14543.500000
14676.100000	0.166667	7338050	coarse_label	Blocklist (Data break)	n/a	n/a	n/a	n/a	n/a	n/a	n/a	n/a	n/a	14676.100000
14676.266667	159.500000	7338133	coarse_label	Sleep/rest	n/a	n/a	n/a	n/a	n/a	n/a	n/a	n/a	n/a	14676.266667
14835.766667	0.066667	7417883	coarse_label	Blocklist (Data break)	n/a	n/a	n/a	n/a	n/a	n/a	n/a	n/a	n/a	14835.766667
14835.833333	67.700000	7417917	coarse_label	Sleep/rest	n/a	n/a	n/a	n/a	n/a	n/a	n/a	n/a	n/a	14835.833333
14903.533333	0.100000	7451767	coarse_label	Blocklist (Data break)	n/a	n/a	n/a	n/a	n/a	n/a	n/a	n/a	n/a	14903.533333
14903.633333	123.466667	7451817	coarse_label	Sleep/rest	n/a	n/a	n/a	n/a	n/a	n/a	n/a	n/a	n/a	14903.633333
15027.100000	0.233333	7513550	coarse_label	Blocklist (Data break)	n/a	n/a	n/a	n/a	n/a	n/a	n/a	n/a	n/a	15027.100000
15027.333333	122.400000	7513667	coarse_label	Sleep/rest	n/a	n/a	n/a	n/a	n/a	n/a	n/a	n/a	n/a	15027.333333
15149.733333	0.166667	7574867	coarse_label	Blocklist (Data break)	n/a	n/a	n/a	n/a	n/a	n/a	n/a	n/a	n/a	15149.733333
15149.900000	113.500000	7574950	coarse_label	Sleep/rest	n/a	n/a	n/a	n/a	n/a	n/a	n/a	n/a	n/a	15149.900000
15263.400000	0.066667	7631700	coarse_label	Blocklist (Data break)	n/a	n/a	n/a	n/a	n/a	n/a	n/a	n/a	n/a	15263.400000
15263.466667	119.766667	7631733	coarse_label	Sleep/rest	n/a	n/a	n/a	n/a	n/a	n/a	n/a	n/a	n/a	15263.466667
15383.233333	0.300000	7691617	coarse_label	Blocklist (Data break)	n/a	n/a	n/a	n/a	n/a	n/a	n/a	n/a	n/a	15383.233333
15383.533333	125.200000	7691767	coarse_label	Sleep/rest	n/a	n/a	n/a	n/a	n/a	n/a	n/a	n/a	n/a	15383.533333
15508.733333	0.166667	7754367	coarse_label	Blocklist (Data break)	n/a	n/a	n/a	n/a	n/a	n/a	n/a	n/a	n/a	15508.733333
15508.900000	115.966667	7754450	coarse_label	Sleep/rest	n/a	n/a	n/a	n/a	n/a	n/a	n/a	n/a	n/a	15508.900000
15624.866667	0.200000	7812433	coarse_label	Blocklist (Data break)	n/a	n/a	n/a	n/a	n/a	n/a	n/a	n/a	n/a	15624.866667
15625.066667	124.000000	7812533	coarse_label	Sleep/rest	n/a	n/a	n/a	n/a	n/a	n/a	n/a	n/a	n/a	15625.066667
15749.066667	0.066667	7874533	coarse_label	Blocklist (Data break)	n/a	n/a	n/a	n/a	n/a	n/a	n/a	n/a	n/a	15749.066667
15749.133333	114.366667	7874567	coarse_label	Sleep/rest	n/a	n/a	n/a	n/a	n/a	n/a	n/a	n/a	n/a	15749.133333
15863.500000	0.100000	7931750	coarse_label	Blocklist (Data break)	n/a	n/a	n/a	n/a	n/a	n/a	n/a	n/a	n/a	15863.500000
15863.600000	119.766667	7931800	coarse_label	Sleep/rest	n/a	n/a	n/a	n/a	n/a	n/a	n/a	n/a	n/a	15863.600000
15983.366667	0.033333	7991683	coarse_label	Blocklist (Data break)	n/a	n/a	n/a	n/a	n/a	n/a	n/a	n/a	n/a	15983.366667
15983.400000	119.766667	7991700	coarse_label	Sleep/rest	n/a	n/a	n/a	n/a	n/a	n/a	n/a	n/a	n/a	15983.400000
16103.166667	0.200000	8051583	coarse_label	Blocklist (Data break)	n/a	n/a	n/a	n/a	n/a	n/a	n/a	n/a	n/a	16103.166667
16103.366667	120.466667	8051683	coarse_label	Sleep/rest	n/a	n/a	n/a	n/a	n/a	n/a	n/a	n/a	n/a	16103.366667
16223.833333	0.033333	8111917	coarse_label	Blocklist (Data break)	n/a	n/a	n/a	n/a	n/a	n/a	n/a	n/a	n/a	16223.833333
16223.866667	119.733333	8111933	coarse_label	Sleep/rest	n/a	n/a	n/a	n/a	n/a	n/a	n/a	n/a	n/a	16223.866667
16343.600000	0.133333	8171800	coarse_label	Blocklist (Data break)	n/a	n/a	n/a	n/a	n/a	n/a	n/a	n/a	n/a	16343.600000
16343.733333	119.733333	8171867	coarse_label	Sleep/rest	n/a	n/a	n/a	n/a	n/a	n/a	n/a	n/a	n/a	16343.733333
16463.466667	0.200000	8231733	coarse_label	Blocklist (Data break)	n/a	n/a	n/a	n/a	n/a	n/a	n/a	n/a	n/a	16463.466667
16463.666667	119.600000	8231833	coarse_label	Sleep/rest	n/a	n/a	n/a	n/a	n/a	n/a	n/a	n/a	n/a	16463.666667
16583.266667	0.300000	8291633	coarse_label	Blocklist (Data break)	n/a	n/a	n/a	n/a	n/a	n/a	n/a	n/a	n/a	16583.266667
16583.566667	119.800000	8291783	coarse_label	Sleep/rest	n/a	n/a	n/a	n/a	n/a	n/a	n/a	n/a	n/a	16583.566667
16703.366667	0.033333	8351683	coarse_label	Blocklist (Data break)	n/a	n/a	n/a	n/a	n/a	n/a	n/a	n/a	n/a	16703.366667
16703.400000	120.800000	8351700	coarse_label	Sleep/rest	n/a	n/a	n/a	n/a	n/a	n/a	n/a	n/a	n/a	16703.400000
16824.200000	0.166667	8412100	coarse_label	Blocklist (Data break)	n/a	n/a	n/a	n/a	n/a	n/a	n/a	n/a	n/a	16824.200000
16824.366667	119.233333	8412183	coarse_label	Sleep/rest	n/a	n/a	n/a	n/a	n/a	n/a	n/a	n/a	n/a	16824.366667
16943.600000	0.233333	8471800	coarse_label	Blocklist (Data break)	n/a	n/a	n/a	n/a	n/a	n/a	n/a	n/a	n/a	16943.600000
16943.833333	119.366667	8471917	coarse_label	Sleep/rest	n/a	n/a	n/a	n/a	n/a	n/a	n/a	n/a	n/a	16943.833333
17063.200000	0.166667	8531600	coarse_label	Blocklist (Data break)	n/a	n/a	n/a	n/a	n/a	n/a	n/a	n/a	n/a	17063.200000
17063.366667	120.366667	8531683	coarse_label	Sleep/rest	n/a	n/a	n/a	n/a	n/a	n/a	n/a	n/a	n/a	17063.366667
17183.733333	0.266667	8591867	coarse_label	Blocklist (Data break)	n/a	n/a	n/a	n/a	n/a	n/a	n/a	n/a	n/a	17183.733333
17184.000000	119.433333	8592000	coarse_label	Sleep/rest	n/a	n/a	n/a	n/a	n/a	n/a	n/a	n/a	n/a	17184.000000
17303.433333	0.100000	8651717	coarse_label	Blocklist (Data break)	n/a	n/a	n/a	n/a	n/a	n/a	n/a	n/a	n/a	17303.433333
17303.533333	119.800000	8651767	coarse_label	Sleep/rest	n/a	n/a	n/a	n/a	n/a	n/a	n/a	n/a	n/a	17303.533333
17423.333333	0.033333	8711667	coarse_label	Blocklist (Data break)	n/a	n/a	n/a	n/a	n/a	n/a	n/a	n/a	n/a	17423.333333
17423.366667	120.533333	8711683	coarse_label	Sleep/rest	n/a	n/a	n/a	n/a	n/a	n/a	n/a	n/a	n/a	17423.366667
17543.900000	0.100000	8771950	coarse_label	Blocklist (Data break)	n/a	n/a	n/a	n/a	n/a	n/a	n/a	n/a	n/a	17543.900000
17544.000000	119.100000	8772000	coarse_label	Sleep/rest	n/a	n/a	n/a	n/a	n/a	n/a	n/a	n/a	n/a	17544.000000
17663.100000	0.266667	8831550	coarse_label	Blocklist (Data break)	n/a	n/a	n/a	n/a	n/a	n/a	n/a	n/a	n/a	17663.100000
17663.366667	122.633333	8831683	coarse_label	Sleep/rest	n/a	n/a	n/a	n/a	n/a	n/a	n/a	n/a	n/a	17663.366667
17786.000000	0.033333	8893000	coarse_label	Blocklist (Data break)	n/a	n/a	n/a	n/a	n/a	n/a	n/a	n/a	n/a	17786.000000
17786.033333	117.900000	8893017	coarse_label	Sleep/rest	n/a	n/a	n/a	n/a	n/a	n/a	n/a	n/a	n/a	17786.033333
17903.933333	0.133333	8951967	coarse_label	Blocklist (Data break)	n/a	n/a	n/a	n/a	n/a	n/a	n/a	n/a	n/a	17903.933333
17904.066667	119.266667	8952033	coarse_label	Sleep/rest	n/a	n/a	n/a	n/a	n/a	n/a	n/a	n/a	n/a	17904.066667
18023.333333	0.066667	9011667	coarse_label	Blocklist (Data break)	n/a	n/a	n/a	n/a	n/a	n/a	n/a	n/a	n/a	18023.333333
18023.400000	120.033333	9011700	coarse_label	Sleep/rest	n/a	n/a	n/a	n/a	n/a	n/a	n/a	n/a	n/a	18023.400000
18143.433333	0.133333	9071717	coarse_label	Blocklist (Data break)	n/a	n/a	n/a	n/a	n/a	n/a	n/a	n/a	n/a	18143.433333
18143.566667	127.300000	9071783	coarse_label	Sleep/rest	n/a	n/a	n/a	n/a	n/a	n/a	n/a	n/a	n/a	18143.566667
18270.866667	0.200000	9135433	coarse_label	Blocklist (Data break)	n/a	n/a	n/a	n/a	n/a	n/a	n/a	n/a	n/a	18270.866667
18271.066667	113.133333	9135533	coarse_label	Sleep/rest	n/a	n/a	n/a	n/a	n/a	n/a	n/a	n/a	n/a	18271.066667
18384.200000	0.066667	9192100	coarse_label	Blocklist (Data break)	n/a	n/a	n/a	n/a	n/a	n/a	n/a	n/a	n/a	18384.200000
18384.266667	129.633333	9192133	coarse_label	Sleep/rest	n/a	n/a	n/a	n/a	n/a	n/a	n/a	n/a	n/a	18384.266667
18449.092000	7.024000	9224546	nan_segment	n/a	n/a	n/a	n/a	n/a	n/a	n/a	n/a	n/a	n/a	n/a
18513.900000	0.100000	9256950	coarse_label	Blocklist (Data break)	n/a	n/a	n/a	n/a	n/a	n/a	n/a	n/a	n/a	18513.900000
18514.000000	109.666667	9257000	coarse_label	Sleep/rest	n/a	n/a	n/a	n/a	n/a	n/a	n/a	n/a	n/a	18514.000000
18623.666667	0.166667	9311833	coarse_label	Blocklist (Data break)	n/a	n/a	n/a	n/a	n/a	n/a	n/a	n/a	n/a	18623.666667
18623.833333	119.866667	9311917	coarse_label	Sleep/rest	n/a	n/a	n/a	n/a	n/a	n/a	n/a	n/a	n/a	18623.833333
18743.700000	0.166667	9371850	coarse_label	Blocklist (Data break)	n/a	n/a	n/a	n/a	n/a	n/a	n/a	n/a	n/a	18743.700000
18743.866667	240.166667	9371933	coarse_label	Sleep/rest	n/a	n/a	n/a	n/a	n/a	n/a	n/a	n/a	n/a	18743.866667
18984.033333	0.166667	9492017	coarse_label	Blocklist (Data break)	n/a	n/a	n/a	n/a	n/a	n/a	n/a	n/a	n/a	18984.033333
18984.200000	128.833333	9492100	coarse_label	Sleep/rest	n/a	n/a	n/a	n/a	n/a	n/a	n/a	n/a	n/a	18984.200000
19113.033333	0.200000	9556517	coarse_label	Blocklist (Data break)	n/a	n/a	n/a	n/a	n/a	n/a	n/a	n/a	n/a	19113.033333
19113.233333	110.000000	9556617	coarse_label	Sleep/rest	n/a	n/a	n/a	n/a	n/a	n/a	n/a	n/a	n/a	19113.233333
19223.233333	0.133333	9611617	coarse_label	Blocklist (Data break)	n/a	n/a	n/a	n/a	n/a	n/a	n/a	n/a	n/a	19223.233333
19223.366667	133.033333	9611683	coarse_label	Sleep/rest	n/a	n/a	n/a	n/a	n/a	n/a	n/a	n/a	n/a	19223.366667
19356.400000	0.066667	9678200	coarse_label	Blocklist (Data break)	n/a	n/a	n/a	n/a	n/a	n/a	n/a	n/a	n/a	19356.400000
19356.466667	110.133333	9678233	coarse_label	Sleep/rest	n/a	n/a	n/a	n/a	n/a	n/a	n/a	n/a	n/a	19356.466667
19466.600000	0.233333	9733300	coarse_label	Blocklist (Data break)	n/a	n/a	n/a	n/a	n/a	n/a	n/a	n/a	n/a	19466.600000
19466.833333	116.500000	9733417	coarse_label	Sleep/rest	n/a	n/a	n/a	n/a	n/a	n/a	n/a	n/a	n/a	19466.833333
19583.333333	0.066667	9791667	coarse_label	Blocklist (Data break)	n/a	n/a	n/a	n/a	n/a	n/a	n/a	n/a	n/a	19583.333333
19583.400000	121.233333	9791700	coarse_label	Sleep/rest	n/a	n/a	n/a	n/a	n/a	n/a	n/a	n/a	n/a	19583.400000
19704.633333	0.033333	9852317	coarse_label	Blocklist (Data break)	n/a	n/a	n/a	n/a	n/a	n/a	n/a	n/a	n/a	19704.633333
19704.666667	118.500000	9852333	coarse_label	Sleep/rest	n/a	n/a	n/a	n/a	n/a	n/a	n/a	n/a	n/a	19704.666667
19823.166667	0.066667	9911583	coarse_label	Blocklist (Data break)	n/a	n/a	n/a	n/a	n/a	n/a	n/a	n/a	n/a	19823.166667
19823.233333	120.200000	9911617	coarse_label	Sleep/rest	n/a	n/a	n/a	n/a	n/a	n/a	n/a	n/a	n/a	19823.233333
19943.433333	0.300000	9971717	coarse_label	Blocklist (Data break)	n/a	n/a	n/a	n/a	n/a	n/a	n/a	n/a	n/a	19943.433333
19943.733333	120.966667	9971867	coarse_label	Sleep/rest	n/a	n/a	n/a	n/a	n/a	n/a	n/a	n/a	n/a	19943.733333
20064.700000	0.133333	10032350	coarse_label	Blocklist (Data break)	n/a	n/a	n/a	n/a	n/a	n/a	n/a	n/a	n/a	20064.700000
20064.833333	119.533333	10032417	coarse_label	Sleep/rest	n/a	n/a	n/a	n/a	n/a	n/a	n/a	n/a	n/a	20064.833333
20184.366667	0.133333	10092183	coarse_label	Blocklist (Data break)	n/a	n/a	n/a	n/a	n/a	n/a	n/a	n/a	n/a	20184.366667
20184.500000	123.400000	10092250	coarse_label	Sleep/rest	n/a	n/a	n/a	n/a	n/a	n/a	n/a	n/a	n/a	20184.500000
20307.900000	0.133333	10153950	coarse_label	Blocklist (Data break)	n/a	n/a	n/a	n/a	n/a	n/a	n/a	n/a	n/a	20307.900000
20308.033333	115.200000	10154017	coarse_label	Sleep/rest	n/a	n/a	n/a	n/a	n/a	n/a	n/a	n/a	n/a	20308.033333
20423.233333	0.033333	10211617	coarse_label	Blocklist (Data break)	n/a	n/a	n/a	n/a	n/a	n/a	n/a	n/a	n/a	20423.233333
20423.266667	124.833333	10211633	coarse_label		n/a	n/a	n/a	n/a	n/a	n/a	n/a	n/a	n/a	20423.266667
20548.100000	0.133333	10274050	coarse_label	Blocklist (Data break)	n/a	n/a	n/a	n/a	n/a	n/a	n/a	n/a	n/a	20548.100000
20548.233333	116.366667	10274117	coarse_label		n/a	n/a	n/a	n/a	n/a	n/a	n/a	n/a	n/a	20548.233333
20597.852000	0.566667	10298926	reach_onset	n/a	r_wrist	61.625209	-114.309156	168.603800	0.247598	0.797855	0.566667	1.000000	20597.852000	20597.851000
20664.600000	0.066667	10332300	coarse_label	Blocklist (Data break)	n/a	n/a	n/a	n/a	n/a	n/a	n/a	n/a	n/a	20664.600000
20664.666667	119.333333	10332333	coarse_label		n/a	n/a	n/a	n/a	n/a	n/a	n/a	n/a	n/a	20664.666667
20784.000000	0.133333	10392000	coarse_label	Blocklist (Data break)	n/a	n/a	n/a	n/a	n/a	n/a	n/a	n/a	n/a	20784.000000
20784.133333	119.633333	10392067	coarse_label		n/a	n/a	n/a	n/a	n/a	n/a	n/a	n/a	n/a	20784.133333
20798.954000	0.500000	10399477	reach_onset	n/a	r_wrist	77.480856	69.871611	165.059750	0.193123	0.172303	0.000000	0.000000	20798.954000	20798.953000
20881.052000	1.033333	10440526	reach_onset	n/a	r_wrist	128.298619	-151.721322	122.039668	0.269352	0.004224	0.000000	0.000000	20881.052000	20881.053000
20903.766667	0.100000	10451883	coarse_label	Blocklist (Data break)	n/a	n/a	n/a	n/a	n/a	n/a	n/a	n/a	n/a	20903.766667
20903.866667	119.633333	10451933	coarse_label		n/a	n/a	n/a	n/a	n/a	n/a	n/a	n/a	n/a	20903.866667
21003.688000	1.600000	10501844	reach_onset	n/a	r_wrist	86.031331	-93.217775	113.737162	0.321977	0.791451	1.600000	1.000000	21003.688000	21003.688000
21023.500000	0.266667	10511750	coarse_label	Blocklist (Data break)	n/a	n/a	n/a	n/a	n/a	n/a	n/a	n/a	n/a	21023.500000
21023.766667	119.466667	10511883	coarse_label		n/a	n/a	n/a	n/a	n/a	n/a	n/a	n/a	n/a	21023.766667
21035.342000	0.633333	10517671	reach_onset	n/a	r_wrist	48.751078	-91.505754	153.121773	0.330952	0.012648	0.000000	0.000000	21035.342000	21035.342000
21090.742000	0.733333	10545371	reach_onset	n/a	r_wrist	95.857989	-71.386263	145.666266	0.302331	0.082014	0.266667	1.000000	21090.742000	21090.742000
21090.962000	12.294000	10545481	nan_segment	n/a	n/a	n/a	n/a	n/a	n/a	n/a	n/a	n/a	n/a	n/a
21143.233333	0.100000	10571617	coarse_label	Blocklist (Data break)	n/a	n/a	n/a	n/a	n/a	n/a	n/a	n/a	n/a	21143.233333
21143.333333	120.166667	10571667	coarse_label		n/a	n/a	n/a	n/a	n/a	n/a	n/a	n/a	n/a	21143.333333
21147.796000	1.500000	10573898	reach_onset	n/a	r_wrist	158.541187	-85.312381	159.875505	0.319419	0.012726	0.000000	0.000000	21147.796000	21147.796000
21263.500000	0.066667	10631750	coarse_label	Blocklist (Data break)	n/a	n/a	n/a	n/a	n/a	n/a	n/a	n/a	n/a	21263.500000
21263.566667	120.066667	10631783	coarse_label		n/a	n/a	n/a	n/a	n/a	n/a	n/a	n/a	n/a	21263.566667
21334.448000	2.733333	10667224	reach_onset	n/a	r_wrist	170.012027	-58.833999	156.687986	0.218561	0.759690	2.400000	1.000000	21334.448000	21334.449000
21383.633333	0.266667	10691817	coarse_label	Blocklist (Data break)	n/a	n/a	n/a	n/a	n/a	n/a	n/a	n/a	n/a	21383.633333
21383.900000	120.166667	10691950	coarse_label		n/a	n/a	n/a	n/a	n/a	n/a	n/a	n/a	n/a	21383.900000
21504.066667	0.166667	10752033	coarse_label	Blocklist (Data break)	n/a	n/a	n/a	n/a	n/a	n/a	n/a	n/a	n/a	21504.066667
21504.233333	118.966667	10752117	coarse_label		n/a	n/a	n/a	n/a	n/a	n/a	n/a	n/a	n/a	21504.233333
21623.200000	0.033333	10811600	coarse_label	Blocklist (Data break)	n/a	n/a	n/a	n/a	n/a	n/a	n/a	n/a	n/a	21623.200000
21623.233333	119.866667	10811617	coarse_label		n/a	n/a	n/a	n/a	n/a	n/a	n/a	n/a	n/a	21623.233333
21743.100000	0.100000	10871550	coarse_label	Blocklist (Data break)	n/a	n/a	n/a	n/a	n/a	n/a	n/a	n/a	n/a	21743.100000
21743.200000	119.900000	10871600	coarse_label		n/a	n/a	n/a	n/a	n/a	n/a	n/a	n/a	n/a	21743.200000
21754.908000	0.333333	10877454	reach_onset	n/a	r_wrist	72.969258	-16.961992	299.411732	0.049226	0.981369	0.066667	1.000000	21754.908000	21754.908000
21863.100000	0.100000	10931550	coarse_label	Blocklist (Data break)	n/a	n/a	n/a	n/a	n/a	n/a	n/a	n/a	n/a	21863.100000
21863.200000	120.200000	10931600	coarse_label		n/a	n/a	n/a	n/a	n/a	n/a	n/a	n/a	n/a	21863.200000
21983.400000	0.100000	10991700	coarse_label	Blocklist (Data break)	n/a	n/a	n/a	n/a	n/a	n/a	n/a	n/a	n/a	21983.400000
21983.500000	119.833333	10991750	coarse_label		n/a	n/a	n/a	n/a	n/a	n/a	n/a	n/a	n/a	21983.500000
22103.333333	0.233333	11051667	coarse_label	Blocklist (Data break)	n/a	n/a	n/a	n/a	n/a	n/a	n/a	n/a	n/a	22103.333333
22103.566667	121.700000	11051783	coarse_label		n/a	n/a	n/a	n/a	n/a	n/a	n/a	n/a	n/a	22103.566667
22225.266667	0.066667	11112633	coarse_label	Blocklist (Data break)	n/a	n/a	n/a	n/a	n/a	n/a	n/a	n/a	n/a	22225.266667
22225.333333	118.433333	11112667	coarse_label		n/a	n/a	n/a	n/a	n/a	n/a	n/a	n/a	n/a	22225.333333
22343.766667	0.100000	11171883	coarse_label	Blocklist (Data break)	n/a	n/a	n/a	n/a	n/a	n/a	n/a	n/a	n/a	22343.766667
22343.866667	120.033333	11171933	coarse_label		n/a	n/a	n/a	n/a	n/a	n/a	n/a	n/a	n/a	22343.866667
22463.900000	0.100000	11231950	coarse_label	Blocklist (Data break)	n/a	n/a	n/a	n/a	n/a	n/a	n/a	n/a	n/a	22463.900000
22464.000000	119.033333	11232000	coarse_label		n/a	n/a	n/a	n/a	n/a	n/a	n/a	n/a	n/a	22464.000000
22583.033333	0.200000	11291517	coarse_label	Blocklist (Data break)	n/a	n/a	n/a	n/a	n/a	n/a	n/a	n/a	n/a	22583.033333
22583.233333	121.800000	11291617	coarse_label		n/a	n/a	n/a	n/a	n/a	n/a	n/a	n/a	n/a	22583.233333
22705.033333	0.233333	11352517	coarse_label	Blocklist (Data break)	n/a	n/a	n/a	n/a	n/a	n/a	n/a	n/a	n/a	22705.033333
22705.266667	118.266667	11352633	coarse_label		n/a	n/a	n/a	n/a	n/a	n/a	n/a	n/a	n/a	22705.266667
22823.533333	0.200000	11411767	coarse_label	Blocklist (Data break)	n/a	n/a	n/a	n/a	n/a	n/a	n/a	n/a	n/a	22823.533333
22823.733333	121.100000	11411867	coarse_label		n/a	n/a	n/a	n/a	n/a	n/a	n/a	n/a	n/a	22823.733333
22944.833333	0.133333	11472417	coarse_label	Blocklist (Data break)	n/a	n/a	n/a	n/a	n/a	n/a	n/a	n/a	n/a	22944.833333
22944.966667	118.066667	11472483	coarse_label		n/a	n/a	n/a	n/a	n/a	n/a	n/a	n/a	n/a	22944.966667
23063.033333	0.166667	11531517	coarse_label	Blocklist (Data break)	n/a	n/a	n/a	n/a	n/a	n/a	n/a	n/a	n/a	23063.033333
23063.200000	121.833333	11531600	coarse_label		n/a	n/a	n/a	n/a	n/a	n/a	n/a	n/a	n/a	23063.200000
23185.033333	0.133333	11592517	coarse_label	Blocklist (Data break)	n/a	n/a	n/a	n/a	n/a	n/a	n/a	n/a	n/a	23185.033333
23185.166667	118.333333	11592583	coarse_label		n/a	n/a	n/a	n/a	n/a	n/a	n/a	n/a	n/a	23185.166667
23275.184000	1.633333	11637592	reach_onset	n/a	r_wrist	102.566535	-46.286291	170.490910	0.140471	0.121410	0.166667	1.000000	23275.184000	23275.185000
23303.500000	0.166667	11651750	coarse_label	Blocklist (Data break)	n/a	n/a	n/a	n/a	n/a	n/a	n/a	n/a	n/a	23303.500000
23303.666667	119.700000	11651833	coarse_label		n/a	n/a	n/a	n/a	n/a	n/a	n/a	n/a	n/a	23303.666667
23423.366667	0.100000	11711683	coarse_label	Blocklist (Data break)	n/a	n/a	n/a	n/a	n/a	n/a	n/a	n/a	n/a	23423.366667
23423.466667	119.966667	11711733	coarse_label		n/a	n/a	n/a	n/a	n/a	n/a	n/a	n/a	n/a	23423.466667
23543.433333	0.033333	11771717	coarse_label	Blocklist (Data break)	n/a	n/a	n/a	n/a	n/a	n/a	n/a	n/a	n/a	23543.433333
23543.466667	120.300000	11771733	coarse_label		n/a	n/a	n/a	n/a	n/a	n/a	n/a	n/a	n/a	23543.466667
23663.766667	0.166667	11831883	coarse_label	Blocklist (Data break)	n/a	n/a	n/a	n/a	n/a	n/a	n/a	n/a	n/a	23663.766667
23663.933333	119.166667	11831967	coarse_label	Blocklist (Camera move/zoom)	n/a	n/a	n/a	n/a	n/a	n/a	n/a	n/a	n/a	23663.933333
23783.100000	0.100000	11891550	coarse_label	Blocklist (Data break)	n/a	n/a	n/a	n/a	n/a	n/a	n/a	n/a	n/a	23783.100000
23783.200000	120.633333	11891600	coarse_label		n/a	n/a	n/a	n/a	n/a	n/a	n/a	n/a	n/a	23783.200000
23796.364000	2.000000	11898182	reach_onset	n/a	r_wrist	109.239710	-61.990546	247.324302	0.448930	0.225088	1.233333	1.000000	23796.364000	23796.364000
23803.530000	1.200000	11901765	reach_onset	n/a	r_wrist	97.230779	-59.555118	123.490397	0.448356	0.063171	0.000000	0.000000	23803.530000	23803.530000
23846.730000	4.000000	11923365	nan_segment	n/a	n/a	n/a	n/a	n/a	n/a	n/a	n/a	n/a	n/a	n/a
23866.864000	0.966667	11933432	reach_onset	n/a	r_wrist	133.928018	76.917263	104.837729	0.409872	0.020388	0.000000	0.000000	23866.864000	23866.864000
23901.896000	1.333333	11950948	reach_onset	n/a	r_wrist	139.177020	-24.520707	107.986373	0.356018	0.182382	0.933333	1.000000	23901.896000	23901.897000
23903.833333	0.266667	11951917	coarse_label	Blocklist (Data break)	n/a	n/a	n/a	n/a	n/a	n/a	n/a	n/a	n/a	23903.833333
23904.100000	119.466667	11952050	coarse_label		n/a	n/a	n/a	n/a	n/a	n/a	n/a	n/a	n/a	23904.100000
23911.818000	1.766667	11955909	reach_onset	n/a	r_wrist	122.798409	-99.798380	210.733664	0.347178	0.059602	0.666667	1.000000	23911.818000	23911.817000
23982.084000	2.066667	11991042	reach_onset	n/a	r_wrist	156.701700	-75.890968	115.710440	0.386142	0.017427	0.400000	1.000000	23982.084000	23982.084000
24023.566667	0.133333	12011783	coarse_label	Blocklist (Data break)	n/a	n/a	n/a	n/a	n/a	n/a	n/a	n/a	n/a	24023.566667
24023.700000	119.833333	12011850	coarse_label		n/a	n/a	n/a	n/a	n/a	n/a	n/a	n/a	n/a	24023.700000
24086.004000	1.566667	12043002	reach_onset	n/a	r_wrist	175.247230	-75.772069	158.857448	0.345987	0.010704	0.000000	0.000000	24086.004000	24086.004000
24143.533333	0.066667	12071767	coarse_label	Blocklist (Data break)	n/a	n/a	n/a	n/a	n/a	n/a	n/a	n/a	n/a	24143.533333
24143.600000	122.600000	12071800	coarse_label		n/a	n/a	n/a	n/a	n/a	n/a	n/a	n/a	n/a	24143.600000
24226.790000	1.133333	12113395	reach_onset	n/a	r_wrist	52.229007	-50.866791	126.623909	0.278892	0.167285	0.366667	1.000000	24226.790000	24226.790000
24266.200000	0.100000	12133100	coarse_label	Blocklist (Data break)	n/a	n/a	n/a	n/a	n/a	n/a	n/a	n/a	n/a	24266.200000
24266.300000	117.066667	12133150	coarse_label		n/a	n/a	n/a	n/a	n/a	n/a	n/a	n/a	n/a	24266.300000
24383.366667	0.200000	12191683	coarse_label	Blocklist (Data break)	n/a	n/a	n/a	n/a	n/a	n/a	n/a	n/a	n/a	24383.366667
24383.566667	120.766667	12191783	coarse_label		n/a	n/a	n/a	n/a	n/a	n/a	n/a	n/a	n/a	24383.566667
24504.333333	0.066667	12252167	coarse_label	Blocklist (Data break)	n/a	n/a	n/a	n/a	n/a	n/a	n/a	n/a	n/a	24504.333333
24504.400000	118.866667	12252200	coarse_label		n/a	n/a	n/a	n/a	n/a	n/a	n/a	n/a	n/a	24504.400000
24623.266667	0.100000	12311633	coarse_label	Blocklist (Data break)	n/a	n/a	n/a	n/a	n/a	n/a	n/a	n/a	n/a	24623.266667
24623.366667	120.700000	12311683	coarse_label		n/a	n/a	n/a	n/a	n/a	n/a	n/a	n/a	n/a	24623.366667
24744.066667	0.100000	12372033	coarse_label	Blocklist (Data break)	n/a	n/a	n/a	n/a	n/a	n/a	n/a	n/a	n/a	24744.066667
24744.166667	118.766667	12372083	coarse_label		n/a	n/a	n/a	n/a	n/a	n/a	n/a	n/a	n/a	24744.166667
24862.933333	0.166667	12431467	coarse_label	Blocklist (Data break)	n/a	n/a	n/a	n/a	n/a	n/a	n/a	n/a	n/a	24862.933333
24863.100000	122.433333	12431550	coarse_label		n/a	n/a	n/a	n/a	n/a	n/a	n/a	n/a	n/a	24863.100000
24985.533333	0.100000	12492767	coarse_label	Blocklist (Data break)	n/a	n/a	n/a	n/a	n/a	n/a	n/a	n/a	n/a	24985.533333
24985.633333	117.766667	12492817	coarse_label		n/a	n/a	n/a	n/a	n/a	n/a	n/a	n/a	n/a	24985.633333
25103.400000	0.166667	12551700	coarse_label	Blocklist (Data break)	n/a	n/a	n/a	n/a	n/a	n/a	n/a	n/a	n/a	25103.400000
25103.566667	121.633333	12551783	coarse_label		n/a	n/a	n/a	n/a	n/a	n/a	n/a	n/a	n/a	25103.566667
25179.180000	1.166667	12589590	reach_onset	n/a	r_wrist	157.149569	-96.623742	145.067222	0.264087	0.137047	1.166667	1.000000	25179.180000	25179.180000
25225.200000	0.200000	12612600	coarse_label	Blocklist (Data break)	n/a	n/a	n/a	n/a	n/a	n/a	n/a	n/a	n/a	25225.200000
25225.400000	118.466667	12612700	coarse_label		n/a	n/a	n/a	n/a	n/a	n/a	n/a	n/a	n/a	25225.400000
25343.866667	0.133333	12671933	coarse_label	Blocklist (Data break)	n/a	n/a	n/a	n/a	n/a	n/a	n/a	n/a	n/a	25343.866667
25344.000000	119.300000	12672000	coarse_label		n/a	n/a	n/a	n/a	n/a	n/a	n/a	n/a	n/a	25344.000000
25463.300000	0.100000	12731650	coarse_label	Blocklist (Data break)	n/a	n/a	n/a	n/a	n/a	n/a	n/a	n/a	n/a	25463.300000
25463.400000	119.700000	12731700	coarse_label		n/a	n/a	n/a	n/a	n/a	n/a	n/a	n/a	n/a	25463.400000
25583.100000	0.166667	12791550	coarse_label	Blocklist (Data break)	n/a	n/a	n/a	n/a	n/a	n/a	n/a	n/a	n/a	25583.100000
25583.266667	120.133333	12791633	coarse_label		n/a	n/a	n/a	n/a	n/a	n/a	n/a	n/a	n/a	25583.266667
25691.274000	1.200000	12845637	reach_onset	n/a	r_wrist	84.414904	-68.258326	191.413021	0.296130	0.328757	0.500000	1.000000	25691.274000	25691.274000
25703.400000	0.066667	12851700	coarse_label	Blocklist (Data break)	n/a	n/a	n/a	n/a	n/a	n/a	n/a	n/a	n/a	25703.400000
25703.466667	119.633333	12851733	coarse_label		n/a	n/a	n/a	n/a	n/a	n/a	n/a	n/a	n/a	25703.466667
25797.628000	0.700000	12898814	reach_onset	n/a	r_wrist	49.184249	-143.205834	125.789429	0.335415	0.438630	0.600000	1.000000	25797.628000	25797.628000
25823.100000	0.166667	12911550	coarse_label	Blocklist (Data break)	n/a	n/a	n/a	n/a	n/a	n/a	n/a	n/a	n/a	25823.100000
25823.266667	122.400000	12911633	coarse_label		n/a	n/a	n/a	n/a	n/a	n/a	n/a	n/a	n/a	25823.266667
25863.148000	0.766667	12931574	reach_onset	n/a	r_wrist	57.734206	-58.392683	171.069918	0.435709	0.563388	0.266667	1.000000	25863.148000	25863.148000
25945.666667	0.200000	12972833	coarse_label	Blocklist (Data break)	n/a	n/a	n/a	n/a	n/a	n/a	n/a	n/a	n/a	25945.666667
25945.866667	117.366667	12972933	coarse_label		n/a	n/a	n/a	n/a	n/a	n/a	n/a	n/a	n/a	25945.866667
26063.233333	0.166667	13031617	coarse_label	Blocklist (Data break)	n/a	n/a	n/a	n/a	n/a	n/a	n/a	n/a	n/a	26063.233333
26063.400000	120.233333	13031700	coarse_label		n/a	n/a	n/a	n/a	n/a	n/a	n/a	n/a	n/a	26063.400000
26083.188000	2.633333	13041594	reach_onset	n/a	r_wrist	134.152562	-62.966723	187.218134	0.331130	0.073779	0.800000	1.000000	26083.188000	26083.188000
26183.633333	0.166667	13091817	coarse_label	Blocklist (Data break)	n/a	n/a	n/a	n/a	n/a	n/a	n/a	n/a	n/a	26183.633333
26183.800000	121.166667	13091900	coarse_label		n/a	n/a	n/a	n/a	n/a	n/a	n/a	n/a	n/a	26183.800000
26304.966667	0.233333	13152483	coarse_label	Blocklist (Data break)	n/a	n/a	n/a	n/a	n/a	n/a	n/a	n/a	n/a	26304.966667
26305.200000	118.166667	13152600	coarse_label		n/a	n/a	n/a	n/a	n/a	n/a	n/a	n/a	n/a	26305.200000
26423.366667	0.200000	13211683	coarse_label	Blocklist (Data break)	n/a	n/a	n/a	n/a	n/a	n/a	n/a	n/a	n/a	26423.366667
26423.566667	119.300000	13211783	coarse_label		n/a	n/a	n/a	n/a	n/a	n/a	n/a	n/a	n/a	26423.566667
26542.866667	0.266667	13271433	coarse_label	Blocklist (Data break)	n/a	n/a	n/a	n/a	n/a	n/a	n/a	n/a	n/a	26542.866667
26543.133333	121.633333	13271567	coarse_label		n/a	n/a	n/a	n/a	n/a	n/a	n/a	n/a	n/a	26543.133333
26582.826000	1.100000	13291413	reach_onset	n/a	r_wrist	40.798439	102.879965	120.396908	0.368757	0.301621	0.466667	1.000000	26582.826000	26582.826000
26595.626000	0.800000	13297813	reach_onset	n/a	r_wrist	155.742851	-83.026562	168.982121	0.383728	0.022362	0.200000	1.000000	26595.626000	26595.626000
26650.292000	2.700000	13325146	reach_onset	n/a	r_wrist	110.329095	-78.683923	143.756491	0.374384	0.240297	2.300000	1.000000	26650.292000	26650.293000
26658.158000	0.866667	13329079	reach_onset	n/a	r_wrist	55.552950	-99.094819	129.986158	0.377532	0.130921	0.466667	1.000000	26658.158000	26658.159000
26664.766667	0.133333	13332383	coarse_label	Blocklist (Data break)	n/a	n/a	n/a	n/a	n/a	n/a	n/a	n/a	n/a	26664.766667
26664.900000	118.166667	13332450	coarse_label		n/a	n/a	n/a	n/a	n/a	n/a	n/a	n/a	n/a	26664.900000
26783.066667	0.166667	13391533	coarse_label	Blocklist (Data break)	n/a	n/a	n/a	n/a	n/a	n/a	n/a	n/a	n/a	26783.066667
26783.233333	120.166667	13391617	coarse_label		n/a	n/a	n/a	n/a	n/a	n/a	n/a	n/a	n/a	26783.233333
26903.400000	0.166667	13451700	coarse_label	Blocklist (Data break)	n/a	n/a	n/a	n/a	n/a	n/a	n/a	n/a	n/a	26903.400000
26903.566667	119.866667	13451783	coarse_label		n/a	n/a	n/a	n/a	n/a	n/a	n/a	n/a	n/a	26903.566667
27023.433333	0.133333	13511717	coarse_label	Blocklist (Data break)	n/a	n/a	n/a	n/a	n/a	n/a	n/a	n/a	n/a	27023.433333
27023.566667	120.600000	13511783	coarse_label		n/a	n/a	n/a	n/a	n/a	n/a	n/a	n/a	n/a	27023.566667
27144.166667	0.066667	13572083	coarse_label	Blocklist (Data break)	n/a	n/a	n/a	n/a	n/a	n/a	n/a	n/a	n/a	27144.166667
27144.233333	120.000000	13572117	coarse_label		n/a	n/a	n/a	n/a	n/a	n/a	n/a	n/a	n/a	27144.233333
27264.233333	0.133333	13632117	coarse_label	Blocklist (Data break)	n/a	n/a	n/a	n/a	n/a	n/a	n/a	n/a	n/a	27264.233333
27264.366667	118.733333	13632183	coarse_label		n/a	n/a	n/a	n/a	n/a	n/a	n/a	n/a	n/a	27264.366667
27383.100000	0.233333	13691550	coarse_label	Blocklist (Data break)	n/a	n/a	n/a	n/a	n/a	n/a	n/a	n/a	n/a	27383.100000
27383.333333	119.833333	13691667	coarse_label		n/a	n/a	n/a	n/a	n/a	n/a	n/a	n/a	n/a	27383.333333
27422.534000	0.833333	13711267	reach_onset	n/a	r_wrist	122.592391	-73.123578	158.578961	0.377771	0.034489	0.166667	1.000000	27422.534000	27422.533000
27468.000000	1.200000	13734000	reach_onset	n/a	r_wrist	137.638747	-115.702362	196.463310	0.447206	0.023778	0.700000	1.000000	27468.000000	27468.000000
27503.166667	0.100000	13751583	coarse_label	Blocklist (Data break)	n/a	n/a	n/a	n/a	n/a	n/a	n/a	n/a	n/a	27503.166667
27503.266667	120.200000	13751633	coarse_label		n/a	n/a	n/a	n/a	n/a	n/a	n/a	n/a	n/a	27503.266667
27543.302000	1.033333	13771651	reach_onset	n/a	r_wrist	61.244635	-34.415450	156.515063	0.359980	0.352947	0.600000	1.000000	27543.302000	27543.302000
27553.502000	2.233333	13776751	reach_onset	n/a	r_wrist	157.357785	-112.589674	164.323192	0.335377	0.109871	1.600000	1.000000	27553.502000	27553.502000
27581.668000	1.333333	13790834	reach_onset	n/a	r_wrist	86.694703	-85.407274	112.885787	0.286280	0.271148	1.166667	1.000000	27581.668000	27581.668000
27623.466667	0.066667	13811733	coarse_label	Blocklist (Data break)	n/a	n/a	n/a	n/a	n/a	n/a	n/a	n/a	n/a	27623.466667
27623.533333	119.500000	13811767	coarse_label		n/a	n/a	n/a	n/a	n/a	n/a	n/a	n/a	n/a	27623.533333
27660.588000	1.366667	13830294	reach_onset	n/a	r_wrist	126.459859	147.834359	215.069874	0.243886	0.070365	0.700000	1.000000	27660.588000	27660.589000
27743.033333	0.166667	13871517	coarse_label	Blocklist (Data break)	n/a	n/a	n/a	n/a	n/a	n/a	n/a	n/a	n/a	27743.033333
27743.200000	119.566667	13871600	coarse_label		n/a	n/a	n/a	n/a	n/a	n/a	n/a	n/a	n/a	27743.200000
27862.766667	0.266667	13931383	coarse_label	Blocklist (Data break)	n/a	n/a	n/a	n/a	n/a	n/a	n/a	n/a	n/a	27862.766667
27863.033333	120.300000	13931517	coarse_label		n/a	n/a	n/a	n/a	n/a	n/a	n/a	n/a	n/a	27863.033333
27983.333333	0.100000	13991667	coarse_label	Blocklist (Data break)	n/a	n/a	n/a	n/a	n/a	n/a	n/a	n/a	n/a	27983.333333
27983.433333	120.066667	13991717	coarse_label		n/a	n/a	n/a	n/a	n/a	n/a	n/a	n/a	n/a	27983.433333
28103.500000	0.133333	14051750	coarse_label	Blocklist (Data break)	n/a	n/a	n/a	n/a	n/a	n/a	n/a	n/a	n/a	28103.500000
28103.633333	119.700000	14051817	coarse_label		n/a	n/a	n/a	n/a	n/a	n/a	n/a	n/a	n/a	28103.633333
28223.333333	0.066667	14111667	coarse_label	Blocklist (Data break)	n/a	n/a	n/a	n/a	n/a	n/a	n/a	n/a	n/a	28223.333333
28223.400000	121.433333	14111700	coarse_label		n/a	n/a	n/a	n/a	n/a	n/a	n/a	n/a	n/a	28223.400000
28344.833333	0.100000	14172417	coarse_label	Blocklist (Data break)	n/a	n/a	n/a	n/a	n/a	n/a	n/a	n/a	n/a	28344.833333
28344.933333	119.300000	14172467	coarse_label		n/a	n/a	n/a	n/a	n/a	n/a	n/a	n/a	n/a	28344.933333
28464.233333	0.166667	14232117	coarse_label	Blocklist (Data break)	n/a	n/a	n/a	n/a	n/a	n/a	n/a	n/a	n/a	28464.233333
28464.400000	118.466667	14232200	coarse_label		n/a	n/a	n/a	n/a	n/a	n/a	n/a	n/a	n/a	28464.400000
28582.866667	0.166667	14291433	coarse_label	Blocklist (Data break)	n/a	n/a	n/a	n/a	n/a	n/a	n/a	n/a	n/a	28582.866667
28583.033333	121.300000	14291517	coarse_label		n/a	n/a	n/a	n/a	n/a	n/a	n/a	n/a	n/a	28583.033333
28704.333333	0.133333	14352167	coarse_label	Blocklist (Data break)	n/a	n/a	n/a	n/a	n/a	n/a	n/a	n/a	n/a	28704.333333
28704.466667	119.133333	14352233	coarse_label		n/a	n/a	n/a	n/a	n/a	n/a	n/a	n/a	n/a	28704.466667
28823.600000	0.166667	14411800	coarse_label	Blocklist (Data break)	n/a	n/a	n/a	n/a	n/a	n/a	n/a	n/a	n/a	28823.600000
28823.766667	120.600000	14411883	coarse_label		n/a	n/a	n/a	n/a	n/a	n/a	n/a	n/a	n/a	28823.766667
28944.366667	0.200000	14472183	coarse_label	Blocklist (Data break)	n/a	n/a	n/a	n/a	n/a	n/a	n/a	n/a	n/a	28944.366667
28944.566667	119.133333	14472283	coarse_label		n/a	n/a	n/a	n/a	n/a	n/a	n/a	n/a	n/a	28944.566667
29063.700000	0.066667	14531850	coarse_label	Blocklist (Data break)	n/a	n/a	n/a	n/a	n/a	n/a	n/a	n/a	n/a	29063.700000
29063.766667	119.466667	14531883	coarse_label		n/a	n/a	n/a	n/a	n/a	n/a	n/a	n/a	n/a	29063.766667
29183.233333	0.300000	14591617	coarse_label	Blocklist (Data break)	n/a	n/a	n/a	n/a	n/a	n/a	n/a	n/a	n/a	29183.233333
29183.533333	121.500000	14591767	coarse_label		n/a	n/a	n/a	n/a	n/a	n/a	n/a	n/a	n/a	29183.533333
29305.033333	0.133333	14652517	coarse_label	Blocklist (Data break)	n/a	n/a	n/a	n/a	n/a	n/a	n/a	n/a	n/a	29305.033333
29305.166667	118.633333	14652583	coarse_label		n/a	n/a	n/a	n/a	n/a	n/a	n/a	n/a	n/a	29305.166667
29423.800000	0.200000	14711900	coarse_label	Blocklist (Data break)	n/a	n/a	n/a	n/a	n/a	n/a	n/a	n/a	n/a	29423.800000
29424.000000	119.700000	14712000	coarse_label		n/a	n/a	n/a	n/a	n/a	n/a	n/a	n/a	n/a	29424.000000
29513.022000	1.233333	14756511	reach_onset	n/a	r_wrist	76.099103	171.759220	167.606474	0.497294	0.024112	0.000000	0.000000	29513.022000	29513.023000
29543.700000	0.066667	14771850	coarse_label	Blocklist (Data break)	n/a	n/a	n/a	n/a	n/a	n/a	n/a	n/a	n/a	29543.700000
29543.766667	97.433333	14771883	coarse_label		n/a	n/a	n/a	n/a	n/a	n/a	n/a	n/a	n/a	29543.766667
29627.366000	6.540000	14813683	nan_segment	n/a	n/a	n/a	n/a	n/a	n/a	n/a	n/a	n/a	n/a	n/a
29637.152000	0.833333	14818576	reach_onset	n/a	r_wrist	94.648761	-101.799751	183.116703	0.340385	0.030271	0.000000	1.000000	29637.152000	29637.152000
29639.566000	34.948000	14819783	nan_segment	n/a	n/a	n/a	n/a	n/a	n/a	n/a	n/a	n/a	n/a	n/a
29641.200000	30.900000	14820600	coarse_label	Blocklist (Data break)	n/a	n/a	n/a	n/a	n/a	n/a	n/a	n/a	n/a	29641.200000
29672.100000	26.633333	14836050	coarse_label		n/a	n/a	n/a	n/a	n/a	n/a	n/a	n/a	n/a	29672.100000
29696.882000	86.010000	14848441	nan_segment	n/a	n/a	n/a	n/a	n/a	n/a	n/a	n/a	n/a	n/a	n/a
29698.733333	77.866667	14849367	coarse_label	Blocklist (Data break)	n/a	n/a	n/a	n/a	n/a	n/a	n/a	n/a	n/a	29698.733333
29776.600000	122.100000	14888300	coarse_label		n/a	n/a	n/a	n/a	n/a	n/a	n/a	n/a	n/a	29776.600000
29799.984000	64.960000	14899992	nan_segment	n/a	n/a	n/a	n/a	n/a	n/a	n/a	n/a	n/a	n/a	n/a
29898.700000	0.166667	14949350	coarse_label	Blocklist (Data break)	n/a	n/a	n/a	n/a	n/a	n/a	n/a	n/a	n/a	29898.700000
29898.866667	118.433333	14949433	coarse_label		n/a	n/a	n/a	n/a	n/a	n/a	n/a	n/a	n/a	29898.866667
30017.300000	0.166667	15008650	coarse_label	Blocklist (Data break)	n/a	n/a	n/a	n/a	n/a	n/a	n/a	n/a	n/a	30017.300000
30017.466667	119.400000	15008733	coarse_label		n/a	n/a	n/a	n/a	n/a	n/a	n/a	n/a	n/a	30017.466667
30136.866667	0.166667	15068433	coarse_label	Blocklist (Data break)	n/a	n/a	n/a	n/a	n/a	n/a	n/a	n/a	n/a	30136.866667
30137.033333	121.600000	15068517	coarse_label		n/a	n/a	n/a	n/a	n/a	n/a	n/a	n/a	n/a	30137.033333
30258.633333	0.233333	15129317	coarse_label	Blocklist (Data break)	n/a	n/a	n/a	n/a	n/a	n/a	n/a	n/a	n/a	30258.633333
30258.866667	117.266667	15129433	coarse_label		n/a	n/a	n/a	n/a	n/a	n/a	n/a	n/a	n/a	30258.866667
30376.133333	0.100000	15188067	coarse_label	Blocklist (Data break)	n/a	n/a	n/a	n/a	n/a	n/a	n/a	n/a	n/a	30376.133333
30376.233333	122.766667	15188117	coarse_label		n/a	n/a	n/a	n/a	n/a	n/a	n/a	n/a	n/a	30376.233333
30499.000000	0.066667	15249500	coarse_label	Blocklist (Data break)	n/a	n/a	n/a	n/a	n/a	n/a	n/a	n/a	n/a	30499.000000
30499.066667	117.500000	15249533	coarse_label		n/a	n/a	n/a	n/a	n/a	n/a	n/a	n/a	n/a	30499.066667
30578.078000	2.000000	15289039	reach_onset	n/a	r_wrist	145.656803	-72.826963	104.252663	0.464807	0.403340	1.900000	1.000000	30578.078000	30578.079000
30616.566667	0.200000	15308283	coarse_label	Blocklist (Data break)	n/a	n/a	n/a	n/a	n/a	n/a	n/a	n/a	n/a	30616.566667
30616.766667	119.300000	15308383	coarse_label		n/a	n/a	n/a	n/a	n/a	n/a	n/a	n/a	n/a	30616.766667
30736.066667	0.066667	15368033	coarse_label	Blocklist (Data break)	n/a	n/a	n/a	n/a	n/a	n/a	n/a	n/a	n/a	30736.066667
30736.133333	120.566667	15368067	coarse_label		n/a	n/a	n/a	n/a	n/a	n/a	n/a	n/a	n/a	30736.133333
30825.956000	1.266667	15412978	reach_onset	n/a	r_wrist	99.718180	-70.446493	164.017193	0.401650	0.036017	0.066667	0.000000	30825.956000	30825.957000
30856.700000	0.100000	15428350	coarse_label	Blocklist (Data break)	n/a	n/a	n/a	n/a	n/a	n/a	n/a	n/a	n/a	30856.700000
30856.800000	120.366667	15428400	coarse_label		n/a	n/a	n/a	n/a	n/a	n/a	n/a	n/a	n/a	30856.800000
30860.444000	0.466667	15430222	reach_onset	n/a	r_wrist	123.642813	-100.126820	505.239245	0.402585	0.516608	0.166667	1.000000	30860.444000	30860.445000
30909.810000	0.633333	15454905	reach_onset	n/a	r_wrist	91.642058	-97.007248	198.480315	0.334662	0.113724	0.533333	1.000000	30909.810000	30909.811000
30977.166667	0.066667	15488583	coarse_label	Blocklist (Data break)	n/a	n/a	n/a	n/a	n/a	n/a	n/a	n/a	n/a	30977.166667
30977.233333	119.433333	15488617	coarse_label		n/a	n/a	n/a	n/a	n/a	n/a	n/a	n/a	n/a	30977.233333
31049.068000	4.000000	15524534	nan_segment	n/a	n/a	n/a	n/a	n/a	n/a	n/a	n/a	n/a	n/a	n/a
31057.864000	1.033333	15528932	reach_onset	n/a	r_wrist	36.841059	-60.145161	113.811488	0.454540	0.610958	0.633333	1.000000	31057.864000	31057.865000
31077.486000	3.998000	15538743	nan_segment	n/a	n/a	n/a	n/a	n/a	n/a	n/a	n/a	n/a	n/a	n/a
31082.058000	3.998000	15541029	nan_segment	n/a	n/a	n/a	n/a	n/a	n/a	n/a	n/a	n/a	n/a	n/a
31096.666667	0.100000	15548333	coarse_label	Blocklist (Data break)	n/a	n/a	n/a	n/a	n/a	n/a	n/a	n/a	n/a	31096.666667
31096.766667	120.200000	15548383	coarse_label		n/a	n/a	n/a	n/a	n/a	n/a	n/a	n/a	n/a	31096.766667
31106.716000	0.866667	15553358	reach_onset	n/a	r_wrist	97.739868	-102.726397	162.596076	0.469522	0.015698	0.000000	1.000000	31106.716000	31106.717000
31208.564000	6.718000	15604282	nan_segment	n/a	n/a	n/a	n/a	n/a	n/a	n/a	n/a	n/a	n/a	n/a
31216.966667	0.133333	15608483	coarse_label	Blocklist (Data break)	n/a	n/a	n/a	n/a	n/a	n/a	n/a	n/a	n/a	31216.966667
31217.062000	3.998000	15608531	nan_segment	n/a	n/a	n/a	n/a	n/a	n/a	n/a	n/a	n/a	n/a	n/a
31217.100000	119.400000	15608550	coarse_label		n/a	n/a	n/a	n/a	n/a	n/a	n/a	n/a	n/a	31217.100000
31229.074000	4.000000	15614537	nan_segment	n/a	n/a	n/a	n/a	n/a	n/a	n/a	n/a	n/a	n/a	n/a
31336.500000	0.100000	15668250	coarse_label	Blocklist (Data break)	n/a	n/a	n/a	n/a	n/a	n/a	n/a	n/a	n/a	31336.500000
31336.600000	119.433333	15668300	coarse_label		n/a	n/a	n/a	n/a	n/a	n/a	n/a	n/a	n/a	31336.600000
31427.572000	1.600000	15713786	reach_onset	n/a	r_wrist	72.366781	-130.353398	158.270782	0.490265	0.011337	0.000000	0.000000	31427.572000	31427.573000
31432.272000	0.566667	15716136	reach_onset	n/a	r_wrist	65.947970	-96.304233	240.133845	0.489599	0.023814	0.000000	0.000000	31432.272000	31432.273000
31437.172000	0.433333	15718586	reach_onset	n/a	r_wrist	40.881673	-107.093966	132.394450	0.487602	0.223641	0.433333	1.000000	31437.172000	31437.173000
31445.806000	0.600000	15722903	reach_onset	n/a	r_wrist	55.597870	-112.716127	187.772412	0.481949	0.700849	0.166667	1.000000	31445.806000	31445.806000
31456.033333	0.066667	15728017	coarse_label	Blocklist (Data break)	n/a	n/a	n/a	n/a	n/a	n/a	n/a	n/a	n/a	31456.033333
31456.100000	120.733333	15728050	coarse_label		n/a	n/a	n/a	n/a	n/a	n/a	n/a	n/a	n/a	31456.100000
31472.792000	1.033333	15736396	reach_onset	n/a	r_wrist	125.234508	-73.618054	184.993519	0.438335	0.103199	1.033333	1.000000	31472.792000	31472.792000
31523.392000	0.933333	15761696	reach_onset	n/a	r_wrist	40.140751	-4.519683	143.900759	0.377344	0.637170	0.433333	1.000000	31523.392000	31523.392000
31576.833333	0.100000	15788417	coarse_label	Blocklist (Data break)	n/a	n/a	n/a	n/a	n/a	n/a	n/a	n/a	n/a	31576.833333
31576.933333	119.233333	15788467	coarse_label		n/a	n/a	n/a	n/a	n/a	n/a	n/a	n/a	n/a	31576.933333
31579.080000	1.266667	15789540	reach_onset	n/a	r_wrist	97.679088	-62.802047	151.637761	0.401305	0.093447	0.000000	0.000000	31579.080000	31579.080000
31639.712000	1.333333	15819856	reach_onset	n/a	r_wrist	189.808126	173.220426	161.169527	0.330034	0.028002	1.266667	1.000000	31639.712000	31639.713000
31696.166667	0.100000	15848083	coarse_label	Blocklist (Data break)	n/a	n/a	n/a	n/a	n/a	n/a	n/a	n/a	n/a	31696.166667
31696.266667	121.533333	15848133	coarse_label		n/a	n/a	n/a	n/a	n/a	n/a	n/a	n/a	n/a	31696.266667
31710.798000	1.833333	15855399	reach_onset	n/a	r_wrist	89.490959	-81.221835	136.432365	0.272338	0.031455	0.000000	0.000000	31710.798000	31710.798000
31817.800000	0.233333	15908900	coarse_label	Blocklist (Data break)	n/a	n/a	n/a	n/a	n/a	n/a	n/a	n/a	n/a	31817.800000
31818.033333	118.833333	15909017	coarse_label		n/a	n/a	n/a	n/a	n/a	n/a	n/a	n/a	n/a	31818.033333
31936.866667	0.133333	15968433	coarse_label	Blocklist (Data break)	n/a	n/a	n/a	n/a	n/a	n/a	n/a	n/a	n/a	31936.866667
31937.000000	120.066667	15968500	coarse_label		n/a	n/a	n/a	n/a	n/a	n/a	n/a	n/a	n/a	31937.000000
32057.066667	0.100000	16028533	coarse_label	Blocklist (Data break)	n/a	n/a	n/a	n/a	n/a	n/a	n/a	n/a	n/a	32057.066667
32057.166667	119.466667	16028583	coarse_label		n/a	n/a	n/a	n/a	n/a	n/a	n/a	n/a	n/a	32057.166667
32097.206000	1.166667	16048603	reach_onset	n/a	r_wrist	170.457317	-121.256434	176.678812	0.198810	0.006596	0.133333	1.000000	32097.206000	32097.207000
32176.633333	0.100000	16088317	coarse_label	Blocklist (Data break)	n/a	n/a	n/a	n/a	n/a	n/a	n/a	n/a	n/a	32176.633333
32176.733333	120.466667	16088367	coarse_label		n/a	n/a	n/a	n/a	n/a	n/a	n/a	n/a	n/a	32176.733333
32297.200000	0.166667	16148600	coarse_label	Blocklist (Data break)	n/a	n/a	n/a	n/a	n/a	n/a	n/a	n/a	n/a	32297.200000
32297.366667	119.633333	16148683	coarse_label		n/a	n/a	n/a	n/a	n/a	n/a	n/a	n/a	n/a	32297.366667
32417.000000	0.133333	16208500	coarse_label	Blocklist (Data break)	n/a	n/a	n/a	n/a	n/a	n/a	n/a	n/a	n/a	32417.000000
32417.133333	120.200000	16208567	coarse_label		n/a	n/a	n/a	n/a	n/a	n/a	n/a	n/a	n/a	32417.133333
32537.333333	0.066667	16268667	coarse_label	Blocklist (Data break)	n/a	n/a	n/a	n/a	n/a	n/a	n/a	n/a	n/a	32537.333333
32537.400000	119.566667	16268700	coarse_label		n/a	n/a	n/a	n/a	n/a	n/a	n/a	n/a	n/a	32537.400000
32656.966667	0.133333	16328483	coarse_label	Blocklist (Data break)	n/a	n/a	n/a	n/a	n/a	n/a	n/a	n/a	n/a	32656.966667
32657.100000	119.766667	16328550	coarse_label		n/a	n/a	n/a	n/a	n/a	n/a	n/a	n/a	n/a	32657.100000
32718.556000	0.966667	16359278	reach_onset	n/a	r_wrist	78.033019	-77.867174	130.259877	0.466479	0.026220	0.133333	1.000000	32718.556000	32718.556000
32776.866667	0.200000	16388433	coarse_label	Blocklist (Data break)	n/a	n/a	n/a	n/a	n/a	n/a	n/a	n/a	n/a	32776.866667
32777.066667	121.933333	16388533	coarse_label		n/a	n/a	n/a	n/a	n/a	n/a	n/a	n/a	n/a	32777.066667
32808.492000	2.033333	16404246	reach_onset	n/a	r_wrist	228.509593	-76.803362	191.142931	0.466809	0.390440	1.700000	1.000000	32808.492000	32808.493000
32877.826000	0.933333	16438913	reach_onset	n/a	r_wrist	77.642620	-82.680828	135.797248	0.452442	0.094802	0.233333	1.000000	32877.826000	32877.826000
32889.158000	0.733333	16444579	reach_onset	n/a	r_wrist	75.828804	-97.281355	214.535341	0.443644	0.151342	0.600000	1.000000	32889.158000	32889.159000
32892.292000	0.566667	16446146	reach_onset	n/a	r_wrist	45.964424	-135.344668	109.614280	0.442059	0.234615	0.500000	1.000000	32892.292000	32892.293000
32899.000000	0.133333	16449500	coarse_label	Blocklist (Data break)	n/a	n/a	n/a	n/a	n/a	n/a	n/a	n/a	n/a	32899.000000
32899.133333	117.366667	16449567	coarse_label		n/a	n/a	n/a	n/a	n/a	n/a	n/a	n/a	n/a	32899.133333
32904.064000	1.300000	16452032	reach_onset	n/a	r_wrist	76.220025	-134.134689	142.977151	0.436652	0.210282	1.133333	1.000000	32904.064000	32904.064000
32937.364000	0.566667	16468682	reach_onset	n/a	r_wrist	43.483158	-139.675646	117.955142	0.434816	0.224934	0.466667	1.000000	32937.364000	32937.364000
32950.264000	0.766667	16475132	reach_onset	n/a	r_wrist	64.716149	87.334780	163.461731	0.441055	0.185902	0.766667	1.000000	32950.264000	32950.264000
32954.730000	0.700000	16477365	reach_onset	n/a	r_wrist	42.643059	-116.970785	116.946965	0.442706	0.164147	0.366667	1.000000	32954.730000	32954.731000
33006.764000	1.533333	16503382	reach_onset	n/a	r_wrist	196.550442	-71.654807	717.151724	0.346365	0.366756	1.500000	1.000000	33006.764000	33006.764000
33016.500000	0.166667	16508250	coarse_label	Blocklist (Data break)	n/a	n/a	n/a	n/a	n/a	n/a	n/a	n/a	n/a	33016.500000
33016.666667	119.433333	16508333	coarse_label		n/a	n/a	n/a	n/a	n/a	n/a	n/a	n/a	n/a	33016.666667
33136.100000	0.133333	16568050	coarse_label	Blocklist (Data break)	n/a	n/a	n/a	n/a	n/a	n/a	n/a	n/a	n/a	33136.100000
33136.233333	121.733333	16568117	coarse_label		n/a	n/a	n/a	n/a	n/a	n/a	n/a	n/a	n/a	33136.233333
33257.966667	0.066667	16628983	coarse_label	Blocklist (Data break)	n/a	n/a	n/a	n/a	n/a	n/a	n/a	n/a	n/a	33257.966667
33258.033333	118.200000	16629017	coarse_label		n/a	n/a	n/a	n/a	n/a	n/a	n/a	n/a	n/a	33258.033333
33376.233333	0.133333	16688117	coarse_label	Blocklist (Data break)	n/a	n/a	n/a	n/a	n/a	n/a	n/a	n/a	n/a	33376.233333
33376.366667	120.600000	16688183	coarse_label		n/a	n/a	n/a	n/a	n/a	n/a	n/a	n/a	n/a	33376.366667
33496.966667	0.133333	16748483	coarse_label	Blocklist (Data break)	n/a	n/a	n/a	n/a	n/a	n/a	n/a	n/a	n/a	33496.966667
33497.100000	121.533333	16748550	coarse_label		n/a	n/a	n/a	n/a	n/a	n/a	n/a	n/a	n/a	33497.100000
33618.633333	0.233333	16809317	coarse_label	Blocklist (Data break)	n/a	n/a	n/a	n/a	n/a	n/a	n/a	n/a	n/a	33618.633333
33618.866667	117.633333	16809433	coarse_label		n/a	n/a	n/a	n/a	n/a	n/a	n/a	n/a	n/a	33618.866667
33632.514000	1.800000	16816257	reach_onset	n/a	r_wrist	56.791582	-142.813810	149.438938	0.235042	0.384698	1.800000	1.000000	33632.514000	33632.514000
33656.080000	1.366667	16828040	reach_onset	n/a	r_wrist	68.782416	-82.650886	141.364629	0.224581	0.018729	0.000000	0.000000	33656.080000	33656.080000
33736.500000	0.100000	16868250	coarse_label	Blocklist (Data break)	n/a	n/a	n/a	n/a	n/a	n/a	n/a	n/a	n/a	33736.500000
33736.600000	122.700000	16868300	coarse_label		n/a	n/a	n/a	n/a	n/a	n/a	n/a	n/a	n/a	33736.600000
33844.264000	1.366667	16922132	reach_onset	n/a	r_wrist	214.855290	-154.262484	413.068337	0.351997	0.018154	0.533333	1.000000	33844.264000	33844.265000
33859.300000	0.100000	16929650	coarse_label	Blocklist (Data break)	n/a	n/a	n/a	n/a	n/a	n/a	n/a	n/a	n/a	33859.300000
33859.400000	117.333333	16929700	coarse_label		n/a	n/a	n/a	n/a	n/a	n/a	n/a	n/a	n/a	33859.400000
33976.733333	0.266667	16988367	coarse_label	Blocklist (Data break)	n/a	n/a	n/a	n/a	n/a	n/a	n/a	n/a	n/a	33976.733333
33977.000000	119.133333	16988500	coarse_label		n/a	n/a	n/a	n/a	n/a	n/a	n/a	n/a	n/a	33977.000000
34096.133333	0.066667	17048067	coarse_label	Blocklist (Data break)	n/a	n/a	n/a	n/a	n/a	n/a	n/a	n/a	n/a	34096.133333
34096.200000	119.900000	17048100	coarse_label		n/a	n/a	n/a	n/a	n/a	n/a	n/a	n/a	n/a	34096.200000
34216.100000	0.166667	17108050	coarse_label	Blocklist (Data break)	n/a	n/a	n/a	n/a	n/a	n/a	n/a	n/a	n/a	34216.100000
34216.266667	120.166667	17108133	coarse_label		n/a	n/a	n/a	n/a	n/a	n/a	n/a	n/a	n/a	34216.266667
34336.433333	0.200000	17168217	coarse_label	Blocklist (Data break)	n/a	n/a	n/a	n/a	n/a	n/a	n/a	n/a	n/a	34336.433333
34336.633333	119.533333	17168317	coarse_label		n/a	n/a	n/a	n/a	n/a	n/a	n/a	n/a	n/a	34336.633333
34446.130000	0.666667	17223065	reach_onset	n/a	r_wrist	93.717416	-67.768191	220.481357	0.355715	0.359606	0.666667	1.000000	34446.130000	34446.130000
34456.166667	0.200000	17228083	coarse_label	Blocklist (Data break)	n/a	n/a	n/a	n/a	n/a	n/a	n/a	n/a	n/a	34456.166667
34456.366667	120.033333	17228183	coarse_label		n/a	n/a	n/a	n/a	n/a	n/a	n/a	n/a	n/a	34456.366667
34477.798000	0.933333	17238899	reach_onset	n/a	r_wrist	59.745850	-62.552354	133.959195	0.383203	0.037763	0.000000	0.000000	34477.798000	34477.797000
34494.930000	1.133333	17247465	reach_onset	n/a	r_wrist	79.251065	-103.933780	179.053679	0.388121	0.490538	1.033333	1.000000	34494.930000	34494.931000
34549.964000	1.233333	17274982	reach_onset	n/a	r_wrist	42.854228	28.901999	105.560607	0.254908	0.526923	0.733333	1.000000	34549.964000	34549.964000
34576.400000	0.066667	17288200	coarse_label	Blocklist (Data break)	n/a	n/a	n/a	n/a	n/a	n/a	n/a	n/a	n/a	34576.400000
34576.466667	119.800000	17288233	coarse_label		n/a	n/a	n/a	n/a	n/a	n/a	n/a	n/a	n/a	34576.466667
34696.266667	0.200000	17348133	coarse_label	Blocklist (Data break)	n/a	n/a	n/a	n/a	n/a	n/a	n/a	n/a	n/a	34696.266667
34696.466667	119.966667	17348233	coarse_label		n/a	n/a	n/a	n/a	n/a	n/a	n/a	n/a	n/a	34696.466667
34816.433333	0.166667	17408217	coarse_label	Blocklist (Data break)	n/a	n/a	n/a	n/a	n/a	n/a	n/a	n/a	n/a	34816.433333
34816.600000	120.233333	17408300	coarse_label		n/a	n/a	n/a	n/a	n/a	n/a	n/a	n/a	n/a	34816.600000
34936.833333	0.233333	17468417	coarse_label	Blocklist (Data break)	n/a	n/a	n/a	n/a	n/a	n/a	n/a	n/a	n/a	34936.833333
34937.066667	118.900000	17468533	coarse_label		n/a	n/a	n/a	n/a	n/a	n/a	n/a	n/a	n/a	34937.066667
35055.966667	0.266667	17527983	coarse_label	Blocklist (Data break)	n/a	n/a	n/a	n/a	n/a	n/a	n/a	n/a	n/a	35055.966667
35056.233333	119.600000	17528117	coarse_label		n/a	n/a	n/a	n/a	n/a	n/a	n/a	n/a	n/a	35056.233333
35175.833333	0.266667	17587917	coarse_label	Blocklist (Data break)	n/a	n/a	n/a	n/a	n/a	n/a	n/a	n/a	n/a	35175.833333
35176.100000	120.733333	17588050	coarse_label		n/a	n/a	n/a	n/a	n/a	n/a	n/a	n/a	n/a	35176.100000
35296.833333	0.133333	17648417	coarse_label	Blocklist (Data break)	n/a	n/a	n/a	n/a	n/a	n/a	n/a	n/a	n/a	35296.833333
35296.966667	123.700000	17648483	coarse_label		n/a	n/a	n/a	n/a	n/a	n/a	n/a	n/a	n/a	35296.966667
35420.666667	0.166667	17710333	coarse_label	Blocklist (Data break)	n/a	n/a	n/a	n/a	n/a	n/a	n/a	n/a	n/a	35420.666667
35420.833333	116.666667	17710417	coarse_label		n/a	n/a	n/a	n/a	n/a	n/a	n/a	n/a	n/a	35420.833333
35537.500000	0.166667	17768750	coarse_label	Blocklist (Data break)	n/a	n/a	n/a	n/a	n/a	n/a	n/a	n/a	n/a	35537.500000
35537.666667	119.833333	17768833	coarse_label		n/a	n/a	n/a	n/a	n/a	n/a	n/a	n/a	n/a	35537.666667
35640.232000	1.000000	17820116	reach_onset	n/a	r_wrist	76.051529	-69.089646	139.478570	0.458982	0.459826	1.000000	1.000000	35640.232000	35640.232000
35657.500000	0.133333	17828750	coarse_label	Blocklist (Data break)	n/a	n/a	n/a	n/a	n/a	n/a	n/a	n/a	n/a	35657.500000
35657.633333	119.200000	17828817	coarse_label		n/a	n/a	n/a	n/a	n/a	n/a	n/a	n/a	n/a	35657.633333
35776.833333	0.200000	17888417	coarse_label	Blocklist (Data break)	n/a	n/a	n/a	n/a	n/a	n/a	n/a	n/a	n/a	35776.833333
35777.033333	120.266667	17888517	coarse_label		n/a	n/a	n/a	n/a	n/a	n/a	n/a	n/a	n/a	35777.033333
35897.300000	0.100000	17948650	coarse_label	Blocklist (Data break)	n/a	n/a	n/a	n/a	n/a	n/a	n/a	n/a	n/a	35897.300000
35897.400000	119.900000	17948700	coarse_label		n/a	n/a	n/a	n/a	n/a	n/a	n/a	n/a	n/a	35897.400000
36017.300000	0.233333	18008650	coarse_label	Blocklist (Data break)	n/a	n/a	n/a	n/a	n/a	n/a	n/a	n/a	n/a	36017.300000
36017.533333	121.300000	18008767	coarse_label		n/a	n/a	n/a	n/a	n/a	n/a	n/a	n/a	n/a	36017.533333
36138.833333	0.133333	18069417	coarse_label	Blocklist (Data break)	n/a	n/a	n/a	n/a	n/a	n/a	n/a	n/a	n/a	36138.833333
36138.966667	117.700000	18069483	coarse_label		n/a	n/a	n/a	n/a	n/a	n/a	n/a	n/a	n/a	36138.966667
36256.666667	0.166667	18128333	coarse_label	Blocklist (Data break)	n/a	n/a	n/a	n/a	n/a	n/a	n/a	n/a	n/a	36256.666667
36256.833333	120.433333	18128417	coarse_label		n/a	n/a	n/a	n/a	n/a	n/a	n/a	n/a	n/a	36256.833333
36377.266667	0.133333	18188633	coarse_label	Blocklist (Data break)	n/a	n/a	n/a	n/a	n/a	n/a	n/a	n/a	n/a	36377.266667
36377.400000	120.433333	18188700	coarse_label		n/a	n/a	n/a	n/a	n/a	n/a	n/a	n/a	n/a	36377.400000
36497.833333	0.133333	18248917	coarse_label	Blocklist (Data break)	n/a	n/a	n/a	n/a	n/a	n/a	n/a	n/a	n/a	36497.833333
36497.966667	119.400000	18248983	coarse_label		n/a	n/a	n/a	n/a	n/a	n/a	n/a	n/a	n/a	36497.966667
36617.366667	0.066667	18308683	coarse_label	Blocklist (Data break)	n/a	n/a	n/a	n/a	n/a	n/a	n/a	n/a	n/a	36617.366667
36617.433333	119.266667	18308717	coarse_label		n/a	n/a	n/a	n/a	n/a	n/a	n/a	n/a	n/a	36617.433333
36736.700000	0.133333	18368350	coarse_label	Blocklist (Data break)	n/a	n/a	n/a	n/a	n/a	n/a	n/a	n/a	n/a	36736.700000
36736.833333	120.000000	18368417	coarse_label		n/a	n/a	n/a	n/a	n/a	n/a	n/a	n/a	n/a	36736.833333
36856.833333	0.100000	18428417	coarse_label	Blocklist (Data break)	n/a	n/a	n/a	n/a	n/a	n/a	n/a	n/a	n/a	36856.833333
36856.933333	120.600000	18428467	coarse_label		n/a	n/a	n/a	n/a	n/a	n/a	n/a	n/a	n/a	36856.933333
36947.876000	0.833333	18473938	reach_onset	n/a	r_wrist	60.155748	-145.207249	146.602577	0.318295	0.010277	0.000000	0.000000	36947.876000	36947.877000
36952.186000	4.086000	18476093	nan_segment	n/a	n/a	n/a	n/a	n/a	n/a	n/a	n/a	n/a	n/a	n/a
36977.533333	0.266667	18488767	coarse_label	Blocklist (Data break)	n/a	n/a	n/a	n/a	n/a	n/a	n/a	n/a	n/a	36977.533333
36977.800000	118.800000	18488900	coarse_label		n/a	n/a	n/a	n/a	n/a	n/a	n/a	n/a	n/a	36977.800000
37096.600000	0.333333	18548300	coarse_label	Blocklist (Data break)	n/a	n/a	n/a	n/a	n/a	n/a	n/a	n/a	n/a	37096.600000
37096.933333	121.166667	18548467	coarse_label		n/a	n/a	n/a	n/a	n/a	n/a	n/a	n/a	n/a	37096.933333
37218.100000	0.066667	18609050	coarse_label	Blocklist (Data break)	n/a	n/a	n/a	n/a	n/a	n/a	n/a	n/a	n/a	37218.100000
37218.166667	118.600000	18609083	coarse_label		n/a	n/a	n/a	n/a	n/a	n/a	n/a	n/a	n/a	37218.166667
37283.432000	0.700000	18641716	reach_onset	n/a	r_wrist	54.210022	-171.788260	120.966288	0.240894	0.056417	0.700000	1.000000	37283.432000	37283.432000
37336.766667	0.200000	18668383	coarse_label	Blocklist (Data break)	n/a	n/a	n/a	n/a	n/a	n/a	n/a	n/a	n/a	37336.766667
37336.966667	118.900000	18668483	coarse_label		n/a	n/a	n/a	n/a	n/a	n/a	n/a	n/a	n/a	37336.966667
37455.866667	0.266667	18727933	coarse_label	Blocklist (Data break)	n/a	n/a	n/a	n/a	n/a	n/a	n/a	n/a	n/a	37455.866667
37456.133333	121.400000	18728067	coarse_label		n/a	n/a	n/a	n/a	n/a	n/a	n/a	n/a	n/a	37456.133333
37570.870000	0.666667	18785435	reach_onset	n/a	r_wrist	58.590118	-165.562724	158.343832	0.393842	0.198886	0.000000	1.000000	37570.870000	37570.870000
37577.533333	0.133333	18788767	coarse_label	Blocklist (Data break)	n/a	n/a	n/a	n/a	n/a	n/a	n/a	n/a	n/a	37577.533333
37577.666667	118.633333	18788833	coarse_label		n/a	n/a	n/a	n/a	n/a	n/a	n/a	n/a	n/a	37577.666667
37591.856000	1.200000	18795928	reach_onset	n/a	r_wrist	79.239798	-166.740584	122.458715	0.378766	0.057088	0.133333	1.000000	37591.856000	37591.857000
37601.990000	1.400000	18800995	reach_onset	n/a	r_wrist	88.737871	-163.134995	157.008633	0.366443	0.011715	0.000000	0.000000	37601.990000	37601.990000
37655.024000	0.866667	18827512	reach_onset	n/a	r_wrist	74.574695	-156.441368	156.807447	0.320150	0.022355	0.200000	1.000000	37655.024000	37655.024000
37682.890000	2.900000	18841445	reach_onset	n/a	r_wrist	154.112514	125.054672	186.776915	0.290106	0.016278	0.200000	1.000000	37682.890000	37682.890000
37689.024000	0.533333	18844512	reach_onset	n/a	r_wrist	67.914252	-165.243746	207.050874	0.286252	0.072622	0.000000	1.000000	37689.024000	37689.024000
37696.300000	0.100000	18848150	coarse_label	Blocklist (Data break)	n/a	n/a	n/a	n/a	n/a	n/a	n/a	n/a	n/a	37696.300000
37696.400000	119.400000	18848200	coarse_label		n/a	n/a	n/a	n/a	n/a	n/a	n/a	n/a	n/a	37696.400000
37731.010000	1.666667	18865505	reach_onset	n/a	r_wrist	94.289720	173.274248	140.026989	0.299283	0.027821	0.000000	0.000000	37731.010000	37731.009000
37786.476000	0.733333	18893238	reach_onset	n/a	r_wrist	62.526732	-157.242745	124.477304	0.278014	0.019593	0.000000	0.000000	37786.476000	37786.476000
37795.008000	0.633333	18897504	reach_onset	n/a	r_wrist	68.362551	-173.024326	206.194141	0.270119	0.006022	0.000000	0.000000	37795.008000	37795.009000
37815.800000	0.166667	18907900	coarse_label	Blocklist (Data break)	n/a	n/a	n/a	n/a	n/a	n/a	n/a	n/a	n/a	37815.800000
37815.966667	120.033333	18907983	coarse_label		n/a	n/a	n/a	n/a	n/a	n/a	n/a	n/a	n/a	37815.966667
37824.130000	0.600000	18912065	reach_onset	n/a	r_wrist	96.847483	-174.923812	204.825600	0.275503	0.003787	0.000000	0.000000	37824.130000	37824.131000
37831.430000	0.666667	18915715	reach_onset	n/a	r_wrist	101.441450	-169.043800	145.364302	0.274818	0.006825	0.000000	0.000000	37831.430000	37831.431000
37936.000000	0.133333	18968000	coarse_label	Blocklist (Data break)	n/a	n/a	n/a	n/a	n/a	n/a	n/a	n/a	n/a	37936.000000
37936.133333	119.866667	18968067	coarse_label		n/a	n/a	n/a	n/a	n/a	n/a	n/a	n/a	n/a	37936.133333
38056.000000	0.200000	19028000	coarse_label	Blocklist (Data break)	n/a	n/a	n/a	n/a	n/a	n/a	n/a	n/a	n/a	38056.000000
38056.200000	120.600000	19028100	coarse_label		n/a	n/a	n/a	n/a	n/a	n/a	n/a	n/a	n/a	38056.200000
38176.800000	0.133333	19088400	coarse_label	Blocklist (Data break)	n/a	n/a	n/a	n/a	n/a	n/a	n/a	n/a	n/a	38176.800000
38176.933333	118.833333	19088467	coarse_label		n/a	n/a	n/a	n/a	n/a	n/a	n/a	n/a	n/a	38176.933333
38295.766667	0.166667	19147883	coarse_label	Blocklist (Data break)	n/a	n/a	n/a	n/a	n/a	n/a	n/a	n/a	n/a	38295.766667
38295.933333	121.300000	19147967	coarse_label		n/a	n/a	n/a	n/a	n/a	n/a	n/a	n/a	n/a	38295.933333
38417.233333	0.166667	19208617	coarse_label	Blocklist (Data break)	n/a	n/a	n/a	n/a	n/a	n/a	n/a	n/a	n/a	38417.233333
38417.400000	119.300000	19208700	coarse_label		n/a	n/a	n/a	n/a	n/a	n/a	n/a	n/a	n/a	38417.400000
38536.700000	0.066667	19268350	coarse_label	Blocklist (Data break)	n/a	n/a	n/a	n/a	n/a	n/a	n/a	n/a	n/a	38536.700000
38536.766667	121.833333	19268383	coarse_label		n/a	n/a	n/a	n/a	n/a	n/a	n/a	n/a	n/a	38536.766667
38644.732000	1.266667	19322366	reach_onset	n/a	r_wrist	91.098533	-130.185797	107.331587	0.257192	0.077553	0.233333	1.000000	38644.732000	38644.733000
38658.600000	0.166667	19329300	coarse_label	Blocklist (Data break)	n/a	n/a	n/a	n/a	n/a	n/a	n/a	n/a	n/a	38658.600000
38658.766667	118.833333	19329383	coarse_label		n/a	n/a	n/a	n/a	n/a	n/a	n/a	n/a	n/a	38658.766667
38777.600000	0.166667	19388800	coarse_label	Blocklist (Data break)	n/a	n/a	n/a	n/a	n/a	n/a	n/a	n/a	n/a	38777.600000
38777.766667	121.166667	19388883	coarse_label	Blocklist (Experiment)	n/a	n/a	n/a	n/a	n/a	n/a	n/a	n/a	n/a	38777.766667
38898.933333	0.166667	19449467	coarse_label	Blocklist (Data break)	n/a	n/a	n/a	n/a	n/a	n/a	n/a	n/a	n/a	38898.933333
38899.100000	116.766667	19449550	coarse_label	Blocklist (Experiment)	n/a	n/a	n/a	n/a	n/a	n/a	n/a	n/a	n/a	38899.100000
38993.260000	25.406000	19496630	nan_segment	n/a	n/a	n/a	n/a	n/a	n/a	n/a	n/a	n/a	n/a	n/a
39015.866667	0.266667	19507933	coarse_label	Blocklist (Data break)	n/a	n/a	n/a	n/a	n/a	n/a	n/a	n/a	n/a	39015.866667
39016.133333	119.966667	19508067	coarse_label	Blocklist (Experiment)	n/a	n/a	n/a	n/a	n/a	n/a	n/a	n/a	n/a	39016.133333
39136.100000	0.266667	19568050	coarse_label	Blocklist (Data break)	n/a	n/a	n/a	n/a	n/a	n/a	n/a	n/a	n/a	39136.100000
39136.366667	120.733333	19568183	coarse_label	Blocklist (Experiment)	n/a	n/a	n/a	n/a	n/a	n/a	n/a	n/a	n/a	39136.366667
39257.100000	0.133333	19628550	coarse_label	Blocklist (Data break)	n/a	n/a	n/a	n/a	n/a	n/a	n/a	n/a	n/a	39257.100000
39257.233333	118.833333	19628617	coarse_label	Blocklist (Experiment)	n/a	n/a	n/a	n/a	n/a	n/a	n/a	n/a	n/a	39257.233333
39376.066667	0.100000	19688033	coarse_label	Blocklist (Data break)	n/a	n/a	n/a	n/a	n/a	n/a	n/a	n/a	n/a	39376.066667
39376.166667	119.766667	19688083	coarse_label	Blocklist (Experiment)	n/a	n/a	n/a	n/a	n/a	n/a	n/a	n/a	n/a	39376.166667
39495.933333	0.133333	19747967	coarse_label	Blocklist (Data break)	n/a	n/a	n/a	n/a	n/a	n/a	n/a	n/a	n/a	39495.933333
39496.066667	119.933333	19748033	coarse_label	Blocklist (Experiment)	n/a	n/a	n/a	n/a	n/a	n/a	n/a	n/a	n/a	39496.066667
39616.000000	0.200000	19808000	coarse_label	Blocklist (Data break)	n/a	n/a	n/a	n/a	n/a	n/a	n/a	n/a	n/a	39616.000000
39616.200000	120.233333	19808100	coarse_label	Blocklist (Experiment)	n/a	n/a	n/a	n/a	n/a	n/a	n/a	n/a	n/a	39616.200000
39736.433333	0.133333	19868217	coarse_label	Blocklist (Data break)	n/a	n/a	n/a	n/a	n/a	n/a	n/a	n/a	n/a	39736.433333
39736.566667	119.200000	19868283	coarse_label	Blocklist (Experiment)	n/a	n/a	n/a	n/a	n/a	n/a	n/a	n/a	n/a	39736.566667
39855.766667	0.133333	19927883	coarse_label	Blocklist (Data break)	n/a	n/a	n/a	n/a	n/a	n/a	n/a	n/a	n/a	39855.766667
39855.900000	121.333333	19927950	coarse_label	Blocklist (Experiment)	n/a	n/a	n/a	n/a	n/a	n/a	n/a	n/a	n/a	39855.900000
39977.233333	0.233333	19988617	coarse_label	Blocklist (Data break)	n/a	n/a	n/a	n/a	n/a	n/a	n/a	n/a	n/a	39977.233333
39977.466667	118.333333	19988733	coarse_label	Blocklist (Experiment)	n/a	n/a	n/a	n/a	n/a	n/a	n/a	n/a	n/a	39977.466667
40095.800000	0.100000	20047900	coarse_label	Blocklist (Data break)	n/a	n/a	n/a	n/a	n/a	n/a	n/a	n/a	n/a	40095.800000
40095.900000	120.033333	20047950	coarse_label	Blocklist (Experiment)	n/a	n/a	n/a	n/a	n/a	n/a	n/a	n/a	n/a	40095.900000
40215.933333	0.166667	20107967	coarse_label	Blocklist (Data break)	n/a	n/a	n/a	n/a	n/a	n/a	n/a	n/a	n/a	40215.933333
40216.100000	119.700000	20108050	coarse_label	Blocklist (Experiment)	n/a	n/a	n/a	n/a	n/a	n/a	n/a	n/a	n/a	40216.100000
40335.800000	0.166667	20167900	coarse_label	Blocklist (Data break)	n/a	n/a	n/a	n/a	n/a	n/a	n/a	n/a	n/a	40335.800000
40335.966667	123.033333	20167983	coarse_label	Blocklist (Experiment)	n/a	n/a	n/a	n/a	n/a	n/a	n/a	n/a	n/a	40335.966667
40459.000000	0.066667	20229500	coarse_label	Blocklist (Data break)	n/a	n/a	n/a	n/a	n/a	n/a	n/a	n/a	n/a	40459.000000
40459.066667	118.933333	20229533	coarse_label	Blocklist (Experiment)	n/a	n/a	n/a	n/a	n/a	n/a	n/a	n/a	n/a	40459.066667
40578.000000	0.200000	20289000	coarse_label	Blocklist (Data break)	n/a	n/a	n/a	n/a	n/a	n/a	n/a	n/a	n/a	40578.000000
40578.200000	118.166667	20289100	coarse_label	Blocklist (Experiment)	n/a	n/a	n/a	n/a	n/a	n/a	n/a	n/a	n/a	40578.200000
40696.366667	0.100000	20348183	coarse_label	Blocklist (Data break)	n/a	n/a	n/a	n/a	n/a	n/a	n/a	n/a	n/a	40696.366667
40696.466667	121.000000	20348233	coarse_label	Blocklist (Experiment)	n/a	n/a	n/a	n/a	n/a	n/a	n/a	n/a	n/a	40696.466667
40817.466667	0.200000	20408733	coarse_label	Blocklist (Data break)	n/a	n/a	n/a	n/a	n/a	n/a	n/a	n/a	n/a	40817.466667
40817.666667	119.700000	20408833	coarse_label	Blocklist (Experiment)	n/a	n/a	n/a	n/a	n/a	n/a	n/a	n/a	n/a	40817.666667
40937.366667	0.200000	20468683	coarse_label	Blocklist (Data break)	n/a	n/a	n/a	n/a	n/a	n/a	n/a	n/a	n/a	40937.366667
40937.566667	118.733333	20468783	coarse_label	Blocklist (Experiment)	n/a	n/a	n/a	n/a	n/a	n/a	n/a	n/a	n/a	40937.566667
41056.300000	0.033333	20528150	coarse_label	Blocklist (Data break)	n/a	n/a	n/a	n/a	n/a	n/a	n/a	n/a	n/a	41056.300000
41056.333333	120.766667	20528167	coarse_label	Blocklist (Experiment)	n/a	n/a	n/a	n/a	n/a	n/a	n/a	n/a	n/a	41056.333333
41177.100000	0.133333	20588550	coarse_label	Blocklist (Data break)	n/a	n/a	n/a	n/a	n/a	n/a	n/a	n/a	n/a	41177.100000
41177.233333	118.566667	20588617	coarse_label	Blocklist (Experiment)	n/a	n/a	n/a	n/a	n/a	n/a	n/a	n/a	n/a	41177.233333
41295.800000	0.133333	20647900	coarse_label	Blocklist (Data break)	n/a	n/a	n/a	n/a	n/a	n/a	n/a	n/a	n/a	41295.800000
41295.933333	119.833333	20647967	coarse_label	Blocklist (Experiment)	n/a	n/a	n/a	n/a	n/a	n/a	n/a	n/a	n/a	41295.933333
41415.766667	0.133333	20707883	coarse_label	Blocklist (Data break)	n/a	n/a	n/a	n/a	n/a	n/a	n/a	n/a	n/a	41415.766667
41415.900000	120.100000	20707950	coarse_label	Blocklist (Experiment)	n/a	n/a	n/a	n/a	n/a	n/a	n/a	n/a	n/a	41415.900000
41536.000000	0.166667	20768000	coarse_label	Blocklist (Data break)	n/a	n/a	n/a	n/a	n/a	n/a	n/a	n/a	n/a	41536.000000
41536.166667	120.633333	20768083	coarse_label	Blocklist (Experiment)	n/a	n/a	n/a	n/a	n/a	n/a	n/a	n/a	n/a	41536.166667
41656.800000	0.166667	20828400	coarse_label	Blocklist (Data break)	n/a	n/a	n/a	n/a	n/a	n/a	n/a	n/a	n/a	41656.800000
41656.966667	119.133333	20828483	coarse_label	Blocklist (Experiment)	n/a	n/a	n/a	n/a	n/a	n/a	n/a	n/a	n/a	41656.966667
41776.100000	0.100000	20888050	coarse_label	Blocklist (Data break)	n/a	n/a	n/a	n/a	n/a	n/a	n/a	n/a	n/a	41776.100000
41776.200000	121.433333	20888100	coarse_label	Blocklist (Experiment)	n/a	n/a	n/a	n/a	n/a	n/a	n/a	n/a	n/a	41776.200000
41897.633333	0.133333	20948817	coarse_label	Blocklist (Data break)	n/a	n/a	n/a	n/a	n/a	n/a	n/a	n/a	n/a	41897.633333
41897.766667	118.900000	20948883	coarse_label	Blocklist (Experiment)	n/a	n/a	n/a	n/a	n/a	n/a	n/a	n/a	n/a	41897.766667
42016.666667	0.166667	21008333	coarse_label	Blocklist (Data break)	n/a	n/a	n/a	n/a	n/a	n/a	n/a	n/a	n/a	42016.666667
42016.833333	119.133333	21008417	coarse_label	Blocklist (Experiment)	n/a	n/a	n/a	n/a	n/a	n/a	n/a	n/a	n/a	42016.833333
42135.966667	0.233333	21067983	coarse_label	Blocklist (Data break)	n/a	n/a	n/a	n/a	n/a	n/a	n/a	n/a	n/a	42135.966667
42136.200000	119.700000	21068100	coarse_label	Blocklist (Experiment)	n/a	n/a	n/a	n/a	n/a	n/a	n/a	n/a	n/a	42136.200000
42255.900000	0.166667	21127950	coarse_label	Blocklist (Data break)	n/a	n/a	n/a	n/a	n/a	n/a	n/a	n/a	n/a	42255.900000
42256.066667	120.933333	21128033	coarse_label	Blocklist (Experiment)	n/a	n/a	n/a	n/a	n/a	n/a	n/a	n/a	n/a	42256.066667
42377.000000	0.233333	21188500	coarse_label	Blocklist (Data break)	n/a	n/a	n/a	n/a	n/a	n/a	n/a	n/a	n/a	42377.000000
42377.233333	119.333333	21188617	coarse_label	Blocklist (Experiment)	n/a	n/a	n/a	n/a	n/a	n/a	n/a	n/a	n/a	42377.233333
42458.974000	14.698000	21229487	nan_segment	n/a	n/a	n/a	n/a	n/a	n/a	n/a	n/a	n/a	n/a	n/a
42475.754000	4.098000	21237877	nan_segment	n/a	n/a	n/a	n/a	n/a	n/a	n/a	n/a	n/a	n/a	n/a
42496.566667	0.200000	21248283	coarse_label	Blocklist (Data break)	n/a	n/a	n/a	n/a	n/a	n/a	n/a	n/a	n/a	42496.566667
42496.766667	119.433333	21248383	coarse_label	Blocklist (Experiment)	n/a	n/a	n/a	n/a	n/a	n/a	n/a	n/a	n/a	42496.766667
42616.200000	0.066667	21308100	coarse_label	Blocklist (Data break)	n/a	n/a	n/a	n/a	n/a	n/a	n/a	n/a	n/a	42616.200000
42616.266667	120.466667	21308133	coarse_label		n/a	n/a	n/a	n/a	n/a	n/a	n/a	n/a	n/a	42616.266667
42736.733333	0.133333	21368367	coarse_label	Blocklist (Data break)	n/a	n/a	n/a	n/a	n/a	n/a	n/a	n/a	n/a	42736.733333
42736.866667	118.666667	21368433	coarse_label		n/a	n/a	n/a	n/a	n/a	n/a	n/a	n/a	n/a	42736.866667
42855.533333	0.300000	21427767	coarse_label	Blocklist (Data break)	n/a	n/a	n/a	n/a	n/a	n/a	n/a	n/a	n/a	42855.533333
42855.833333	121.966667	21427917	coarse_label		n/a	n/a	n/a	n/a	n/a	n/a	n/a	n/a	n/a	42855.833333
42977.800000	0.100000	21488900	coarse_label	Blocklist (Data break)	n/a	n/a	n/a	n/a	n/a	n/a	n/a	n/a	n/a	42977.800000
42977.900000	117.966667	21488950	coarse_label		n/a	n/a	n/a	n/a	n/a	n/a	n/a	n/a	n/a	42977.900000
43053.434000	6.518000	21526717	nan_segment	n/a	n/a	n/a	n/a	n/a	n/a	n/a	n/a	n/a	n/a	n/a
43095.866667	0.266667	21547933	coarse_label	Blocklist (Data break)	n/a	n/a	n/a	n/a	n/a	n/a	n/a	n/a	n/a	43095.866667
43096.133333	120.366667	21548067	coarse_label		n/a	n/a	n/a	n/a	n/a	n/a	n/a	n/a	n/a	43096.133333
43216.500000	0.200000	21608250	coarse_label	Blocklist (Data break)	n/a	n/a	n/a	n/a	n/a	n/a	n/a	n/a	n/a	43216.500000
43216.700000	120.300000	21608350	coarse_label		n/a	n/a	n/a	n/a	n/a	n/a	n/a	n/a	n/a	43216.700000
43337.000000	0.233333	21668500	coarse_label	Blocklist (Data break)	n/a	n/a	n/a	n/a	n/a	n/a	n/a	n/a	n/a	43337.000000
43337.233333	119.700000	21668617	coarse_label		n/a	n/a	n/a	n/a	n/a	n/a	n/a	n/a	n/a	43337.233333
43397.464000	0.566667	21698732	reach_onset	n/a	r_wrist	56.449989	-128.495991	231.417898	0.395697	0.101568	0.266667	1.000000	43397.464000	43397.464000
43456.933333	0.166667	21728467	coarse_label	Blocklist (Data break)	n/a	n/a	n/a	n/a	n/a	n/a	n/a	n/a	n/a	43456.933333
43457.100000	118.900000	21728550	coarse_label		n/a	n/a	n/a	n/a	n/a	n/a	n/a	n/a	n/a	43457.100000
43576.000000	0.133333	21788000	coarse_label	Blocklist (Data break)	n/a	n/a	n/a	n/a	n/a	n/a	n/a	n/a	n/a	43576.000000
43576.133333	120.300000	21788067	coarse_label		n/a	n/a	n/a	n/a	n/a	n/a	n/a	n/a	n/a	43576.133333
43656.770000	2.133333	21828385	reach_onset	n/a	r_wrist	102.372247	17.055491	114.368624	0.216882	0.311710	1.400000	1.000000	43656.770000	43656.770000
43696.433333	0.133333	21848217	coarse_label	Blocklist (Data break)	n/a	n/a	n/a	n/a	n/a	n/a	n/a	n/a	n/a	43696.433333
43696.566667	119.300000	21848283	coarse_label		n/a	n/a	n/a	n/a	n/a	n/a	n/a	n/a	n/a	43696.566667
43726.236000	0.566667	21863118	reach_onset	n/a	r_wrist	49.200973	11.441170	151.312344	0.313122	0.380163	0.233333	1.000000	43726.236000	43726.237000
43815.866667	0.066667	21907933	coarse_label	Blocklist (Data break)	n/a	n/a	n/a	n/a	n/a	n/a	n/a	n/a	n/a	43815.866667
43815.933333	120.733333	21907967	coarse_label		n/a	n/a	n/a	n/a	n/a	n/a	n/a	n/a	n/a	43815.933333
43936.666667	0.133333	21968333	coarse_label	Blocklist (Data break)	n/a	n/a	n/a	n/a	n/a	n/a	n/a	n/a	n/a	43936.666667
43936.800000	120.866667	21968400	coarse_label		n/a	n/a	n/a	n/a	n/a	n/a	n/a	n/a	n/a	43936.800000
44057.666667	0.100000	22028833	coarse_label	Blocklist (Data break)	n/a	n/a	n/a	n/a	n/a	n/a	n/a	n/a	n/a	44057.666667
44057.766667	119.466667	22028883	coarse_label		n/a	n/a	n/a	n/a	n/a	n/a	n/a	n/a	n/a	44057.766667
44177.233333	0.300000	22088617	coarse_label	Blocklist (Data break)	n/a	n/a	n/a	n/a	n/a	n/a	n/a	n/a	n/a	44177.233333
44177.533333	119.066667	22088767	coarse_label		n/a	n/a	n/a	n/a	n/a	n/a	n/a	n/a	n/a	44177.533333
44296.600000	0.166667	22148300	coarse_label	Blocklist (Data break)	n/a	n/a	n/a	n/a	n/a	n/a	n/a	n/a	n/a	44296.600000
44296.766667	119.633333	22148383	coarse_label		n/a	n/a	n/a	n/a	n/a	n/a	n/a	n/a	n/a	44296.766667
44416.400000	0.066667	22208200	coarse_label	Blocklist (Data break)	n/a	n/a	n/a	n/a	n/a	n/a	n/a	n/a	n/a	44416.400000
44416.466667	119.800000	22208233	coarse_label		n/a	n/a	n/a	n/a	n/a	n/a	n/a	n/a	n/a	44416.466667
44480.872000	1.000000	22240436	reach_onset	n/a	r_wrist	99.417692	-65.880140	116.508648	0.228921	0.620560	0.266667	1.000000	44480.872000	44480.872000
44493.406000	1.300000	22246703	reach_onset	n/a	r_wrist	101.422424	-74.765671	176.572408	0.245206	0.408344	1.233333	1.000000	44493.406000	44493.406000
44499.838000	0.666667	22249919	reach_onset	n/a	r_wrist	49.899738	85.040840	123.344664	0.244997	0.559206	0.666667	1.000000	44499.838000	44499.839000
44523.406000	1.833333	22261703	reach_onset	n/a	r_wrist	159.373367	179.372116	202.318401	0.239787	0.192352	1.833333	1.000000	44523.406000	44523.406000
44536.266667	0.066667	22268133	coarse_label	Blocklist (Data break)	n/a	n/a	n/a	n/a	n/a	n/a	n/a	n/a	n/a	44536.266667
44536.333333	120.166667	22268167	coarse_label		n/a	n/a	n/a	n/a	n/a	n/a	n/a	n/a	n/a	44536.333333
44656.500000	0.100000	22328250	coarse_label	Blocklist (Data break)	n/a	n/a	n/a	n/a	n/a	n/a	n/a	n/a	n/a	44656.500000
44656.600000	120.100000	22328300	coarse_label		n/a	n/a	n/a	n/a	n/a	n/a	n/a	n/a	n/a	44656.600000
44751.378000	2.133333	22375689	reach_onset	n/a	r_wrist	199.071000	-65.096642	180.392232	0.261744	0.314545	2.133333	1.000000	44751.378000	44751.378000
44776.700000	0.133333	22388350	coarse_label	Blocklist (Data break)	n/a	n/a	n/a	n/a	n/a	n/a	n/a	n/a	n/a	44776.700000
44776.833333	121.400000	22388417	coarse_label		n/a	n/a	n/a	n/a	n/a	n/a	n/a	n/a	n/a	44776.833333
44863.898000	0.733333	22431949	reach_onset	n/a	r_wrist	75.477108	-65.296223	166.216294	0.196188	0.678228	0.700000	1.000000	44863.898000	44863.899000
44898.233333	0.100000	22449117	coarse_label	Blocklist (Data break)	n/a	n/a	n/a	n/a	n/a	n/a	n/a	n/a	n/a	44898.233333
44898.333333	118.233333	22449167	coarse_label		n/a	n/a	n/a	n/a	n/a	n/a	n/a	n/a	n/a	44898.333333
44966.920000	0.533333	22483460	reach_onset	n/a	r_wrist	90.045316	-76.130467	199.680576	0.299749	0.014007	0.000000	0.000000	44966.920000	44966.920000
45016.566667	0.066667	22508283	coarse_label	Blocklist (Data break)	n/a	n/a	n/a	n/a	n/a	n/a	n/a	n/a	n/a	45016.566667
45016.633333	120.333333	22508317	coarse_label		n/a	n/a	n/a	n/a	n/a	n/a	n/a	n/a	n/a	45016.633333
45136.966667	0.166667	22568483	coarse_label	Blocklist (Data break)	n/a	n/a	n/a	n/a	n/a	n/a	n/a	n/a	n/a	45136.966667
45137.133333	119.233333	22568567	coarse_label		n/a	n/a	n/a	n/a	n/a	n/a	n/a	n/a	n/a	45137.133333
45256.366667	0.066667	22628183	coarse_label	Blocklist (Data break)	n/a	n/a	n/a	n/a	n/a	n/a	n/a	n/a	n/a	45256.366667
45256.433333	120.200000	22628217	coarse_label		n/a	n/a	n/a	n/a	n/a	n/a	n/a	n/a	n/a	45256.433333
45340.624000	1.333333	22670312	reach_onset	n/a	r_wrist	162.626946	-56.224613	279.083684	0.447075	0.005293	0.000000	0.000000	45340.624000	45340.625000
45376.633333	0.133333	22688317	coarse_label	Blocklist (Data break)	n/a	n/a	n/a	n/a	n/a	n/a	n/a	n/a	n/a	45376.633333
45376.766667	120.266667	22688383	coarse_label		n/a	n/a	n/a	n/a	n/a	n/a	n/a	n/a	n/a	45376.766667
45412.430000	5.466000	22706215	nan_segment	n/a	n/a	n/a	n/a	n/a	n/a	n/a	n/a	n/a	n/a	n/a
45497.033333	0.066667	22748517	coarse_label	Blocklist (Data break)	n/a	n/a	n/a	n/a	n/a	n/a	n/a	n/a	n/a	45497.033333
45497.100000	119.100000	22748550	coarse_label		n/a	n/a	n/a	n/a	n/a	n/a	n/a	n/a	n/a	45497.100000
45616.200000	0.100000	22808100	coarse_label	Blocklist (Data break)	n/a	n/a	n/a	n/a	n/a	n/a	n/a	n/a	n/a	45616.200000
45616.300000	119.433333	22808150	coarse_label		n/a	n/a	n/a	n/a	n/a	n/a	n/a	n/a	n/a	45616.300000
45680.852000	1.000000	22840426	reach_onset	n/a	r_wrist	85.100890	107.062014	139.358737	0.383318	0.035974	0.000000	0.000000	45680.852000	45680.852000
45735.733333	0.166667	22867867	coarse_label	Blocklist (Data break)	n/a	n/a	n/a	n/a	n/a	n/a	n/a	n/a	n/a	45735.733333
45735.900000	121.500000	22867950	coarse_label		n/a	n/a	n/a	n/a	n/a	n/a	n/a	n/a	n/a	45735.900000
45857.400000	0.200000	22928700	coarse_label	Blocklist (Data break)	n/a	n/a	n/a	n/a	n/a	n/a	n/a	n/a	n/a	45857.400000
45857.600000	118.966667	22928800	coarse_label		n/a	n/a	n/a	n/a	n/a	n/a	n/a	n/a	n/a	45857.600000
45976.566667	0.166667	22988283	coarse_label	Blocklist (Data break)	n/a	n/a	n/a	n/a	n/a	n/a	n/a	n/a	n/a	45976.566667
45976.733333	120.533333	22988367	coarse_label		n/a	n/a	n/a	n/a	n/a	n/a	n/a	n/a	n/a	45976.733333
46097.266667	0.100000	23048633	coarse_label	Blocklist (Data break)	n/a	n/a	n/a	n/a	n/a	n/a	n/a	n/a	n/a	46097.266667
46097.366667	118.500000	23048683	coarse_label		n/a	n/a	n/a	n/a	n/a	n/a	n/a	n/a	n/a	46097.366667
46131.612000	1.133333	23065806	reach_onset	n/a	r_wrist	111.091445	-49.773025	111.806905	0.423250	0.607805	1.066667	1.000000	46131.612000	46131.613000
46214.578000	1.000000	23107289	reach_onset	n/a	r_wrist	156.480372	-90.516517	222.214300	0.417143	0.011302	0.000000	0.000000	46214.578000	46214.579000
46215.866667	0.200000	23107933	coarse_label	Blocklist (Data break)	n/a	n/a	n/a	n/a	n/a	n/a	n/a	n/a	n/a	46215.866667
46216.066667	120.566667	23108033	coarse_label		n/a	n/a	n/a	n/a	n/a	n/a	n/a	n/a	n/a	46216.066667
46255.570000	0.933333	23127785	reach_onset	n/a	r_wrist	88.634805	-90.547320	140.543329	0.376410	0.021436	0.000000	0.000000	46255.570000	46255.569000
46261.236000	0.466667	23130618	reach_onset	n/a	r_wrist	40.431364	-102.049116	116.398414	0.374419	0.068659	0.000000	1.000000	46261.236000	46261.236000
46297.068000	1.033333	23148534	reach_onset	n/a	r_wrist	120.181264	-80.193098	255.863839	0.330475	0.058485	0.166667	1.000000	46297.068000	46297.069000
46336.633333	0.066667	23168317	coarse_label	Blocklist (Data break)	n/a	n/a	n/a	n/a	n/a	n/a	n/a	n/a	n/a	46336.633333
46336.700000	119.933333	23168350	coarse_label	Blocklist (Private time)	n/a	n/a	n/a	n/a	n/a	n/a	n/a	n/a	n/a	46336.700000
46456.633333	0.100000	23228317	coarse_label	Blocklist (Data break)	n/a	n/a	n/a	n/a	n/a	n/a	n/a	n/a	n/a	46456.633333
46456.733333	118.966667	23228367	coarse_label	Blocklist (Private time)	n/a	n/a	n/a	n/a	n/a	n/a	n/a	n/a	n/a	46456.733333
46575.700000	231.900000	23287850	coarse_label	Blocklist (Data break)	n/a	n/a	n/a	n/a	n/a	n/a	n/a	n/a	n/a	46575.700000
46687.510000	127.760000	23343755	nan_segment	n/a	n/a	n/a	n/a	n/a	n/a	n/a	n/a	n/a	n/a	n/a
46807.600000	239.333333	23403800	coarse_label		n/a	n/a	n/a	n/a	n/a	n/a	n/a	n/a	n/a	46807.600000
46875.740000	1.133333	23437870	reach_onset	n/a	r_wrist	97.514874	-111.498893	119.520303	0.308395	0.058759	0.566667	1.000000	46875.740000	46875.740000
47046.933333	0.233333	23523467	coarse_label	Blocklist (Data break)	n/a	n/a	n/a	n/a	n/a	n/a	n/a	n/a	n/a	47046.933333
47047.166667	120.100000	23523583	coarse_label		n/a	n/a	n/a	n/a	n/a	n/a	n/a	n/a	n/a	47047.166667
47167.266667	0.133333	23583633	coarse_label	Blocklist (Data break)	n/a	n/a	n/a	n/a	n/a	n/a	n/a	n/a	n/a	47167.266667
47167.400000	122.766667	23583700	coarse_label		n/a	n/a	n/a	n/a	n/a	n/a	n/a	n/a	n/a	47167.400000
47290.166667	0.166667	23645083	coarse_label	Blocklist (Data break)	n/a	n/a	n/a	n/a	n/a	n/a	n/a	n/a	n/a	47290.166667
47290.333333	116.800000	23645167	coarse_label		n/a	n/a	n/a	n/a	n/a	n/a	n/a	n/a	n/a	47290.333333
47407.133333	0.233333	23703567	coarse_label	Blocklist (Data break)	n/a	n/a	n/a	n/a	n/a	n/a	n/a	n/a	n/a	47407.133333
47407.366667	121.833333	23703683	coarse_label		n/a	n/a	n/a	n/a	n/a	n/a	n/a	n/a	n/a	47407.366667
47529.200000	0.100000	23764600	coarse_label	Blocklist (Data break)	n/a	n/a	n/a	n/a	n/a	n/a	n/a	n/a	n/a	47529.200000
47529.300000	118.300000	23764650	coarse_label		n/a	n/a	n/a	n/a	n/a	n/a	n/a	n/a	n/a	47529.300000
47647.600000	0.100000	23823800	coarse_label	Blocklist (Data break)	n/a	n/a	n/a	n/a	n/a	n/a	n/a	n/a	n/a	47647.600000
47647.700000	119.933333	23823850	coarse_label		n/a	n/a	n/a	n/a	n/a	n/a	n/a	n/a	n/a	47647.700000
47767.633333	0.300000	23883817	coarse_label	Blocklist (Data break)	n/a	n/a	n/a	n/a	n/a	n/a	n/a	n/a	n/a	47767.633333
47767.933333	120.166667	23883967	coarse_label		n/a	n/a	n/a	n/a	n/a	n/a	n/a	n/a	n/a	47767.933333
47888.100000	0.233333	23944050	coarse_label	Blocklist (Data break)	n/a	n/a	n/a	n/a	n/a	n/a	n/a	n/a	n/a	47888.100000
47888.333333	119.500000	23944167	coarse_label		n/a	n/a	n/a	n/a	n/a	n/a	n/a	n/a	n/a	47888.333333
48007.833333	0.166667	24003917	coarse_label	Blocklist (Data break)	n/a	n/a	n/a	n/a	n/a	n/a	n/a	n/a	n/a	48007.833333
48008.000000	119.033333	24004000	coarse_label		n/a	n/a	n/a	n/a	n/a	n/a	n/a	n/a	n/a	48008.000000
48066.066000	0.833333	24033033	reach_onset	n/a	r_wrist	66.988549	178.019318	134.249318	0.213363	0.213948	0.566667	1.000000	48066.066000	48066.066000
48127.033333	0.100000	24063517	coarse_label	Blocklist (Data break)	n/a	n/a	n/a	n/a	n/a	n/a	n/a	n/a	n/a	48127.033333
48127.133333	121.633333	24063567	coarse_label	Blocklist (Camera move/zoom)	n/a	n/a	n/a	n/a	n/a	n/a	n/a	n/a	n/a	48127.133333
48248.766667	0.233333	24124383	coarse_label	Blocklist (Data break)	n/a	n/a	n/a	n/a	n/a	n/a	n/a	n/a	n/a	48248.766667
48249.000000	118.066667	24124500	coarse_label		n/a	n/a	n/a	n/a	n/a	n/a	n/a	n/a	n/a	48249.000000
48367.066667	0.133333	24183533	coarse_label	Blocklist (Data break)	n/a	n/a	n/a	n/a	n/a	n/a	n/a	n/a	n/a	48367.066667
48367.200000	119.666667	24183600	coarse_label		n/a	n/a	n/a	n/a	n/a	n/a	n/a	n/a	n/a	48367.200000
48486.866667	0.200000	24243433	coarse_label	Blocklist (Data break)	n/a	n/a	n/a	n/a	n/a	n/a	n/a	n/a	n/a	48486.866667
48487.066667	120.400000	24243533	coarse_label		n/a	n/a	n/a	n/a	n/a	n/a	n/a	n/a	n/a	48487.066667
48607.466667	0.133333	24303733	coarse_label	Blocklist (Data break)	n/a	n/a	n/a	n/a	n/a	n/a	n/a	n/a	n/a	48607.466667
48607.600000	121.533333	24303800	coarse_label		n/a	n/a	n/a	n/a	n/a	n/a	n/a	n/a	n/a	48607.600000
48729.133333	0.166667	24364567	coarse_label	Blocklist (Data break)	n/a	n/a	n/a	n/a	n/a	n/a	n/a	n/a	n/a	48729.133333
48729.300000	119.533333	24364650	coarse_label		n/a	n/a	n/a	n/a	n/a	n/a	n/a	n/a	n/a	48729.300000
48806.184000	1.300000	24403092	reach_onset	n/a	r_wrist	150.283449	-79.483910	181.166789	0.270990	0.072373	0.700000	1.000000	48806.184000	48806.185000
48848.833333	0.133333	24424417	coarse_label	Blocklist (Data break)	n/a	n/a	n/a	n/a	n/a	n/a	n/a	n/a	n/a	48848.833333
48848.966667	118.466667	24424483	coarse_label		n/a	n/a	n/a	n/a	n/a	n/a	n/a	n/a	n/a	48848.966667
48967.433333	0.166667	24483717	coarse_label	Blocklist (Data break)	n/a	n/a	n/a	n/a	n/a	n/a	n/a	n/a	n/a	48967.433333
48967.600000	119.300000	24483800	coarse_label		n/a	n/a	n/a	n/a	n/a	n/a	n/a	n/a	n/a	48967.600000
49086.900000	0.066667	24543450	coarse_label	Blocklist (Data break)	n/a	n/a	n/a	n/a	n/a	n/a	n/a	n/a	n/a	49086.900000
49086.966667	122.366667	24543483	coarse_label		n/a	n/a	n/a	n/a	n/a	n/a	n/a	n/a	n/a	49086.966667
49098.790000	1.200000	24549395	reach_onset	n/a	r_wrist	152.749938	-143.581743	198.411519	0.251816	0.018389	0.366667	1.000000	49098.790000	49098.790000
49209.333333	0.166667	24604667	coarse_label	Blocklist (Data break)	n/a	n/a	n/a	n/a	n/a	n/a	n/a	n/a	n/a	49209.333333
49209.500000	118.300000	24604750	coarse_label		n/a	n/a	n/a	n/a	n/a	n/a	n/a	n/a	n/a	49209.500000
49305.046000	1.500000	24652523	reach_onset	n/a	r_wrist	231.778945	170.662530	142.898026	0.270792	0.373608	1.500000	1.000000	49305.046000	49305.046000
49317.378000	1.300000	24658689	reach_onset	n/a	r_wrist	147.834527	-150.541006	121.515538	0.277600	0.014715	0.100000	0.000000	49317.378000	49317.379000
49327.800000	0.066667	24663900	coarse_label	Blocklist (Data break)	n/a	n/a	n/a	n/a	n/a	n/a	n/a	n/a	n/a	49327.800000
49327.866667	119.966667	24663933	coarse_label		n/a	n/a	n/a	n/a	n/a	n/a	n/a	n/a	n/a	49327.866667
49447.833333	0.200000	24723917	coarse_label	Blocklist (Data break)	n/a	n/a	n/a	n/a	n/a	n/a	n/a	n/a	n/a	49447.833333
49448.033333	119.033333	24724017	coarse_label		n/a	n/a	n/a	n/a	n/a	n/a	n/a	n/a	n/a	49448.033333
49567.066667	0.133333	24783533	coarse_label	Blocklist (Data break)	n/a	n/a	n/a	n/a	n/a	n/a	n/a	n/a	n/a	49567.066667
49567.200000	119.666667	24783600	coarse_label		n/a	n/a	n/a	n/a	n/a	n/a	n/a	n/a	n/a	49567.200000
49686.866667	0.133333	24843433	coarse_label	Blocklist (Data break)	n/a	n/a	n/a	n/a	n/a	n/a	n/a	n/a	n/a	49686.866667
49687.000000	123.000000	24843500	coarse_label		n/a	n/a	n/a	n/a	n/a	n/a	n/a	n/a	n/a	49687.000000
49810.000000	0.266667	24905000	coarse_label	Blocklist (Data break)	n/a	n/a	n/a	n/a	n/a	n/a	n/a	n/a	n/a	49810.000000
49810.266667	117.833333	24905133	coarse_label		n/a	n/a	n/a	n/a	n/a	n/a	n/a	n/a	n/a	49810.266667
49876.294000	1.300000	24938147	reach_onset	n/a	r_wrist	91.465899	-119.476045	130.921976	0.382896	0.017915	0.700000	1.000000	49876.294000	49876.294000
49928.100000	0.233333	24964050	coarse_label	Blocklist (Data break)	n/a	n/a	n/a	n/a	n/a	n/a	n/a	n/a	n/a	49928.100000
49928.333333	119.500000	24964167	coarse_label		n/a	n/a	n/a	n/a	n/a	n/a	n/a	n/a	n/a	49928.333333
50047.833333	0.133333	25023917	coarse_label	Blocklist (Data break)	n/a	n/a	n/a	n/a	n/a	n/a	n/a	n/a	n/a	50047.833333
50047.966667	120.466667	25023983	coarse_label	Blocklist (Camera move/zoom)	n/a	n/a	n/a	n/a	n/a	n/a	n/a	n/a	n/a	50047.966667
50168.433333	0.166667	25084217	coarse_label	Blocklist (Data break)	n/a	n/a	n/a	n/a	n/a	n/a	n/a	n/a	n/a	50168.433333
50168.600000	118.633333	25084300	coarse_label		n/a	n/a	n/a	n/a	n/a	n/a	n/a	n/a	n/a	50168.600000
50191.568000	2.500000	25095784	reach_onset	n/a	r_wrist	133.439623	169.208248	171.715835	0.251475	0.489540	2.500000	1.000000	50191.568000	50191.568000
50287.233333	0.066667	25143617	coarse_label	Blocklist (Data break)	n/a	n/a	n/a	n/a	n/a	n/a	n/a	n/a	n/a	50287.233333
50287.300000	120.100000	25143650	coarse_label		n/a	n/a	n/a	n/a	n/a	n/a	n/a	n/a	n/a	50287.300000
50364.518000	0.733333	25182259	reach_onset	n/a	r_wrist	107.840944	-93.684125	178.070467	0.388081	0.004199	0.000000	1.000000	50364.518000	50364.519000
50407.400000	0.166667	25203700	coarse_label	Blocklist (Data break)	n/a	n/a	n/a	n/a	n/a	n/a	n/a	n/a	n/a	50407.400000
50407.566667	121.266667	25203783	coarse_label		n/a	n/a	n/a	n/a	n/a	n/a	n/a	n/a	n/a	50407.566667
50517.306000	0.766667	25258653	reach_onset	n/a	r_wrist	139.213865	-129.885225	185.105919	0.489677	0.049514	0.433333	1.000000	50517.306000	50517.306000
50527.338000	0.866667	25263669	reach_onset	n/a	r_wrist	74.694906	-135.942904	107.187941	0.499262	0.024648	0.000000	0.000000	50527.338000	50527.339000
50528.833333	0.133333	25264417	coarse_label	Blocklist (Data break)	n/a	n/a	n/a	n/a	n/a	n/a	n/a	n/a	n/a	50528.833333
50528.966667	118.533333	25264483	coarse_label		n/a	n/a	n/a	n/a	n/a	n/a	n/a	n/a	n/a	50528.966667
50615.592000	0.333333	25307796	reach_onset	n/a	r_wrist	37.421649	136.363882	134.817435	0.439696	0.126385	0.000000	0.000000	50615.592000	50615.593000
50647.500000	0.100000	25323750	coarse_label	Blocklist (Data break)	n/a	n/a	n/a	n/a	n/a	n/a	n/a	n/a	n/a	50647.500000
50647.600000	119.900000	25323800	coarse_label		n/a	n/a	n/a	n/a	n/a	n/a	n/a	n/a	n/a	50647.600000
50767.500000	0.133333	25383750	coarse_label	Blocklist (Data break)	n/a	n/a	n/a	n/a	n/a	n/a	n/a	n/a	n/a	50767.500000
50767.633333	121.300000	25383817	coarse_label		n/a	n/a	n/a	n/a	n/a	n/a	n/a	n/a	n/a	50767.633333
50876.432000	1.733333	25438216	reach_onset	n/a	r_wrist	81.633401	-94.032131	116.637611	0.407100	0.378170	1.133333	1.000000	50876.432000	50876.432000
50888.933333	0.200000	25444467	coarse_label	Blocklist (Data break)	n/a	n/a	n/a	n/a	n/a	n/a	n/a	n/a	n/a	50888.933333
50889.133333	119.233333	25444567	coarse_label		n/a	n/a	n/a	n/a	n/a	n/a	n/a	n/a	n/a	50889.133333
51008.366667	0.233333	25504183	coarse_label	Blocklist (Data break)	n/a	n/a	n/a	n/a	n/a	n/a	n/a	n/a	n/a	51008.366667
51008.600000	120.166667	25504300	coarse_label		n/a	n/a	n/a	n/a	n/a	n/a	n/a	n/a	n/a	51008.600000
51057.622000	1.233333	25528811	reach_onset	n/a	r_wrist	191.749225	-117.712478	320.115241	0.374974	0.136172	1.233333	1.000000	51057.622000	51057.622000
51128.766667	0.066667	25564383	coarse_label	Blocklist (Data break)	n/a	n/a	n/a	n/a	n/a	n/a	n/a	n/a	n/a	51128.766667
51128.833333	121.266667	25564417	coarse_label		n/a	n/a	n/a	n/a	n/a	n/a	n/a	n/a	n/a	51128.833333
51250.100000	0.133333	25625050	coarse_label	Blocklist (Data break)	n/a	n/a	n/a	n/a	n/a	n/a	n/a	n/a	n/a	51250.100000
51250.233333	119.433333	25625117	coarse_label		n/a	n/a	n/a	n/a	n/a	n/a	n/a	n/a	n/a	51250.233333
51369.666667	0.200000	25684833	coarse_label	Blocklist (Data break)	n/a	n/a	n/a	n/a	n/a	n/a	n/a	n/a	n/a	51369.666667
51369.866667	117.466667	25684933	coarse_label		n/a	n/a	n/a	n/a	n/a	n/a	n/a	n/a	n/a	51369.866667
51487.333333	0.133333	25743667	coarse_label	Blocklist (Data break)	n/a	n/a	n/a	n/a	n/a	n/a	n/a	n/a	n/a	51487.333333
51487.466667	119.900000	25743733	coarse_label		n/a	n/a	n/a	n/a	n/a	n/a	n/a	n/a	n/a	51487.466667
51607.366667	0.133333	25803683	coarse_label	Blocklist (Data break)	n/a	n/a	n/a	n/a	n/a	n/a	n/a	n/a	n/a	51607.366667
51607.500000	119.333333	25803750	coarse_label		n/a	n/a	n/a	n/a	n/a	n/a	n/a	n/a	n/a	51607.500000
51726.833333	0.166667	25863417	coarse_label	Blocklist (Data break)	n/a	n/a	n/a	n/a	n/a	n/a	n/a	n/a	n/a	51726.833333
51727.000000	120.166667	25863500	coarse_label		n/a	n/a	n/a	n/a	n/a	n/a	n/a	n/a	n/a	51727.000000
51847.166667	0.100000	25923583	coarse_label	Blocklist (Data break)	n/a	n/a	n/a	n/a	n/a	n/a	n/a	n/a	n/a	51847.166667
51847.266667	120.833333	25923633	coarse_label		n/a	n/a	n/a	n/a	n/a	n/a	n/a	n/a	n/a	51847.266667
51968.100000	0.100000	25984050	coarse_label	Blocklist (Data break)	n/a	n/a	n/a	n/a	n/a	n/a	n/a	n/a	n/a	51968.100000
51968.200000	120.800000	25984100	coarse_label		n/a	n/a	n/a	n/a	n/a	n/a	n/a	n/a	n/a	51968.200000
52089.000000	0.033333	26044500	coarse_label	Blocklist (Data break)	n/a	n/a	n/a	n/a	n/a	n/a	n/a	n/a	n/a	52089.000000
52089.033333	118.733333	26044517	coarse_label		n/a	n/a	n/a	n/a	n/a	n/a	n/a	n/a	n/a	52089.033333
52155.700000	3.998000	26077850	nan_segment	n/a	n/a	n/a	n/a	n/a	n/a	n/a	n/a	n/a	n/a	n/a
52207.766667	0.133333	26103883	coarse_label	Blocklist (Data break)	n/a	n/a	n/a	n/a	n/a	n/a	n/a	n/a	n/a	52207.766667
52207.900000	119.100000	26103950	coarse_label		n/a	n/a	n/a	n/a	n/a	n/a	n/a	n/a	n/a	52207.900000
52322.034000	0.833333	26161017	reach_onset	n/a	r_wrist	116.601448	-63.074293	216.707549	0.202209	0.591439	0.833333	1.000000	52322.034000	52322.034000
52327.000000	0.166667	26163500	coarse_label	Blocklist (Data break)	n/a	n/a	n/a	n/a	n/a	n/a	n/a	n/a	n/a	52327.000000
52327.166667	120.366667	26163583	coarse_label		n/a	n/a	n/a	n/a	n/a	n/a	n/a	n/a	n/a	52327.166667
52447.533333	0.166667	26223767	coarse_label	Blocklist (Data break)	n/a	n/a	n/a	n/a	n/a	n/a	n/a	n/a	n/a	52447.533333
52447.700000	121.333333	26223850	coarse_label		n/a	n/a	n/a	n/a	n/a	n/a	n/a	n/a	n/a	52447.700000
52568.172000	3.998000	26284086	nan_segment	n/a	n/a	n/a	n/a	n/a	n/a	n/a	n/a	n/a	n/a	n/a
52569.033333	0.166667	26284517	coarse_label	Blocklist (Data break)	n/a	n/a	n/a	n/a	n/a	n/a	n/a	n/a	n/a	52569.033333
52569.200000	119.066667	26284600	coarse_label		n/a	n/a	n/a	n/a	n/a	n/a	n/a	n/a	n/a	52569.200000
52688.266667	0.133333	26344133	coarse_label	Blocklist (Data break)	n/a	n/a	n/a	n/a	n/a	n/a	n/a	n/a	n/a	52688.266667
52688.400000	118.733333	26344200	coarse_label	Blocklist (Experiment)	n/a	n/a	n/a	n/a	n/a	n/a	n/a	n/a	n/a	52688.400000
52807.133333	0.266667	26403567	coarse_label	Blocklist (Data break)	n/a	n/a	n/a	n/a	n/a	n/a	n/a	n/a	n/a	52807.133333
52807.400000	120.433333	26403700	coarse_label	Blocklist (Experiment)	n/a	n/a	n/a	n/a	n/a	n/a	n/a	n/a	n/a	52807.400000
52841.588000	13.038000	26420794	nan_segment	n/a	n/a	n/a	n/a	n/a	n/a	n/a	n/a	n/a	n/a	n/a
52927.833333	0.133333	26463917	coarse_label	Blocklist (Data break)	n/a	n/a	n/a	n/a	n/a	n/a	n/a	n/a	n/a	52927.833333
52927.966667	120.933333	26463983	coarse_label	Blocklist (Experiment)	n/a	n/a	n/a	n/a	n/a	n/a	n/a	n/a	n/a	52927.966667
53048.900000	0.166667	26524450	coarse_label	Blocklist (Data break)	n/a	n/a	n/a	n/a	n/a	n/a	n/a	n/a	n/a	53048.900000
53049.066667	117.866667	26524533	coarse_label	Blocklist (Experiment)	n/a	n/a	n/a	n/a	n/a	n/a	n/a	n/a	n/a	53049.066667
53166.933333	0.166667	26583467	coarse_label	Blocklist (Data break)	n/a	n/a	n/a	n/a	n/a	n/a	n/a	n/a	n/a	53166.933333
53167.100000	119.633333	26583550	coarse_label	Blocklist (Experiment)	n/a	n/a	n/a	n/a	n/a	n/a	n/a	n/a	n/a	53167.100000
53286.733333	0.133333	26643367	coarse_label	Blocklist (Data break)	n/a	n/a	n/a	n/a	n/a	n/a	n/a	n/a	n/a	53286.733333
53286.866667	119.900000	26643433	coarse_label	Blocklist (Experiment)	n/a	n/a	n/a	n/a	n/a	n/a	n/a	n/a	n/a	53286.866667
53406.766667	0.200000	26703383	coarse_label	Blocklist (Data break)	n/a	n/a	n/a	n/a	n/a	n/a	n/a	n/a	n/a	53406.766667
53406.966667	120.300000	26703483	coarse_label	Blocklist (Experiment)	n/a	n/a	n/a	n/a	n/a	n/a	n/a	n/a	n/a	53406.966667
53527.266667	0.066667	26763633	coarse_label	Blocklist (Data break)	n/a	n/a	n/a	n/a	n/a	n/a	n/a	n/a	n/a	53527.266667
53527.333333	119.300000	26763667	coarse_label	Blocklist (Experiment)	n/a	n/a	n/a	n/a	n/a	n/a	n/a	n/a	n/a	53527.333333
53618.592000	3.998000	26809296	nan_segment	n/a	n/a	n/a	n/a	n/a	n/a	n/a	n/a	n/a	n/a	n/a
53646.633333	0.233333	26823317	coarse_label	Blocklist (Data break)	n/a	n/a	n/a	n/a	n/a	n/a	n/a	n/a	n/a	53646.633333
53646.866667	123.166667	26823433	coarse_label	Blocklist (Experiment)	n/a	n/a	n/a	n/a	n/a	n/a	n/a	n/a	n/a	53646.866667
53770.033333	0.066667	26885017	coarse_label	Blocklist (Data break)	n/a	n/a	n/a	n/a	n/a	n/a	n/a	n/a	n/a	53770.033333
53770.100000	119.700000	26885050	coarse_label	Blocklist (Experiment)	n/a	n/a	n/a	n/a	n/a	n/a	n/a	n/a	n/a	53770.100000
53889.800000	0.166667	26944900	coarse_label	Blocklist (Data break)	n/a	n/a	n/a	n/a	n/a	n/a	n/a	n/a	n/a	53889.800000
53889.966667	118.733333	26944983	coarse_label	Blocklist (Experiment)	n/a	n/a	n/a	n/a	n/a	n/a	n/a	n/a	n/a	53889.966667
54008.700000	0.166667	27004350	coarse_label	Blocklist (Data break)	n/a	n/a	n/a	n/a	n/a	n/a	n/a	n/a	n/a	54008.700000
54008.866667	120.000000	27004433	coarse_label	Blocklist (Experiment)	n/a	n/a	n/a	n/a	n/a	n/a	n/a	n/a	n/a	54008.866667
54128.866667	0.066667	27064433	coarse_label	Blocklist (Data break)	n/a	n/a	n/a	n/a	n/a	n/a	n/a	n/a	n/a	54128.866667
54128.933333	119.600000	27064467	coarse_label	Blocklist (Experiment)	n/a	n/a	n/a	n/a	n/a	n/a	n/a	n/a	n/a	54128.933333
54248.533333	0.166667	27124267	coarse_label	Blocklist (Data break)	n/a	n/a	n/a	n/a	n/a	n/a	n/a	n/a	n/a	54248.533333
54248.700000	118.533333	27124350	coarse_label	Blocklist (Experiment)	n/a	n/a	n/a	n/a	n/a	n/a	n/a	n/a	n/a	54248.700000
54367.233333	0.166667	27183617	coarse_label	Blocklist (Data break)	n/a	n/a	n/a	n/a	n/a	n/a	n/a	n/a	n/a	54367.233333
54367.400000	119.833333	27183700	coarse_label	Blocklist (Experiment)	n/a	n/a	n/a	n/a	n/a	n/a	n/a	n/a	n/a	54367.400000
54487.233333	0.066667	27243617	coarse_label	Blocklist (Data break)	n/a	n/a	n/a	n/a	n/a	n/a	n/a	n/a	n/a	54487.233333
54487.300000	120.600000	27243650	coarse_label	Blocklist (Experiment)	n/a	n/a	n/a	n/a	n/a	n/a	n/a	n/a	n/a	54487.300000
54607.900000	0.200000	27303950	coarse_label	Blocklist (Data break)	n/a	n/a	n/a	n/a	n/a	n/a	n/a	n/a	n/a	54607.900000
54608.100000	119.966667	27304050	coarse_label	Blocklist (Experiment)	n/a	n/a	n/a	n/a	n/a	n/a	n/a	n/a	n/a	54608.100000
54728.066667	0.066667	27364033	coarse_label	Blocklist (Data break)	n/a	n/a	n/a	n/a	n/a	n/a	n/a	n/a	n/a	54728.066667
54728.133333	120.600000	27364067	coarse_label	Blocklist (Experiment)	n/a	n/a	n/a	n/a	n/a	n/a	n/a	n/a	n/a	54728.133333
54848.733333	0.166667	27424367	coarse_label	Blocklist (Data break)	n/a	n/a	n/a	n/a	n/a	n/a	n/a	n/a	n/a	54848.733333
54848.900000	118.500000	27424450	coarse_label	Blocklist (Experiment)	n/a	n/a	n/a	n/a	n/a	n/a	n/a	n/a	n/a	54848.900000
54967.400000	0.200000	27483700	coarse_label	Blocklist (Data break)	n/a	n/a	n/a	n/a	n/a	n/a	n/a	n/a	n/a	54967.400000
54967.600000	121.233333	27483800	coarse_label	Blocklist (Experiment)	n/a	n/a	n/a	n/a	n/a	n/a	n/a	n/a	n/a	54967.600000
55088.833333	0.100000	27544417	coarse_label	Blocklist (Data break)	n/a	n/a	n/a	n/a	n/a	n/a	n/a	n/a	n/a	55088.833333
55088.933333	118.000000	27544467	coarse_label	Blocklist (Experiment)	n/a	n/a	n/a	n/a	n/a	n/a	n/a	n/a	n/a	55088.933333
55206.933333	0.166667	27603467	coarse_label	Blocklist (Data break)	n/a	n/a	n/a	n/a	n/a	n/a	n/a	n/a	n/a	55206.933333
55207.100000	119.700000	27603550	coarse_label	Blocklist (Experiment)	n/a	n/a	n/a	n/a	n/a	n/a	n/a	n/a	n/a	55207.100000
55326.800000	0.100000	27663400	coarse_label	Blocklist (Data break)	n/a	n/a	n/a	n/a	n/a	n/a	n/a	n/a	n/a	55326.800000
55326.900000	120.766667	27663450	coarse_label	Blocklist (Experiment)	n/a	n/a	n/a	n/a	n/a	n/a	n/a	n/a	n/a	55326.900000
55447.666667	0.100000	27723833	coarse_label	Blocklist (Data break)	n/a	n/a	n/a	n/a	n/a	n/a	n/a	n/a	n/a	55447.666667
55447.766667	119.500000	27723883	coarse_label	Blocklist (Experiment)	n/a	n/a	n/a	n/a	n/a	n/a	n/a	n/a	n/a	55447.766667
55567.266667	0.133333	27783633	coarse_label	Blocklist (Data break)	n/a	n/a	n/a	n/a	n/a	n/a	n/a	n/a	n/a	55567.266667
55567.400000	119.866667	27783700	coarse_label	Blocklist (Experiment)	n/a	n/a	n/a	n/a	n/a	n/a	n/a	n/a	n/a	55567.400000
55687.266667	0.166667	27843633	coarse_label	Blocklist (Data break)	n/a	n/a	n/a	n/a	n/a	n/a	n/a	n/a	n/a	55687.266667
55687.433333	119.500000	27843717	coarse_label	Blocklist (Experiment)	n/a	n/a	n/a	n/a	n/a	n/a	n/a	n/a	n/a	55687.433333
55806.933333	0.200000	27903467	coarse_label	Blocklist (Data break)	n/a	n/a	n/a	n/a	n/a	n/a	n/a	n/a	n/a	55806.933333
55807.133333	121.566667	27903567	coarse_label	Blocklist (Experiment)	n/a	n/a	n/a	n/a	n/a	n/a	n/a	n/a	n/a	55807.133333
55928.700000	0.166667	27964350	coarse_label	Blocklist (Data break)	n/a	n/a	n/a	n/a	n/a	n/a	n/a	n/a	n/a	55928.700000
55928.866667	118.300000	27964433	coarse_label	Blocklist (Experiment)	n/a	n/a	n/a	n/a	n/a	n/a	n/a	n/a	n/a	55928.866667
56047.166667	0.166667	28023583	coarse_label	Blocklist (Data break)	n/a	n/a	n/a	n/a	n/a	n/a	n/a	n/a	n/a	56047.166667
56047.333333	119.400000	28023667	coarse_label	Blocklist (Experiment)	n/a	n/a	n/a	n/a	n/a	n/a	n/a	n/a	n/a	56047.333333
56166.733333	0.133333	28083367	coarse_label	Blocklist (Data break)	n/a	n/a	n/a	n/a	n/a	n/a	n/a	n/a	n/a	56166.733333
56166.866667	120.833333	28083433	coarse_label	Blocklist (Experiment)	n/a	n/a	n/a	n/a	n/a	n/a	n/a	n/a	n/a	56166.866667
56287.700000	0.100000	28143850	coarse_label	Blocklist (Data break)	n/a	n/a	n/a	n/a	n/a	n/a	n/a	n/a	n/a	56287.700000
56287.800000	120.833333	28143900	coarse_label	Blocklist (Experiment)	n/a	n/a	n/a	n/a	n/a	n/a	n/a	n/a	n/a	56287.800000
56408.633333	0.133333	28204317	coarse_label	Blocklist (Data break)	n/a	n/a	n/a	n/a	n/a	n/a	n/a	n/a	n/a	56408.633333
56408.766667	118.766667	28204383	coarse_label	Blocklist (Experiment)	n/a	n/a	n/a	n/a	n/a	n/a	n/a	n/a	n/a	56408.766667
56527.533333	0.266667	28263767	coarse_label	Blocklist (Data break)	n/a	n/a	n/a	n/a	n/a	n/a	n/a	n/a	n/a	56527.533333
56527.800000	121.300000	28263900	coarse_label	Blocklist (Experiment)	n/a	n/a	n/a	n/a	n/a	n/a	n/a	n/a	n/a	56527.800000
56649.100000	0.166667	28324550	coarse_label	Blocklist (Data break)	n/a	n/a	n/a	n/a	n/a	n/a	n/a	n/a	n/a	56649.100000
56649.266667	119.133333	28324633	coarse_label	Blocklist (Experiment)	n/a	n/a	n/a	n/a	n/a	n/a	n/a	n/a	n/a	56649.266667
56768.400000	0.166667	28384200	coarse_label	Blocklist (Data break)	n/a	n/a	n/a	n/a	n/a	n/a	n/a	n/a	n/a	56768.400000
56768.566667	118.333333	28384283	coarse_label	Blocklist (Experiment)	n/a	n/a	n/a	n/a	n/a	n/a	n/a	n/a	n/a	56768.566667
56886.900000	0.233333	28443450	coarse_label	Blocklist (Data break)	n/a	n/a	n/a	n/a	n/a	n/a	n/a	n/a	n/a	56886.900000
56887.133333	49.533333	28443567	coarse_label	Blocklist (Experiment)	n/a	n/a	n/a	n/a	n/a	n/a	n/a	n/a	n/a	56887.133333
56924.836000	34.408000	28462418	nan_segment	n/a	n/a	n/a	n/a	n/a	n/a	n/a	n/a	n/a	n/a	n/a
56936.666667	20.133333	28468333	coarse_label	Blocklist (Data break)	n/a	n/a	n/a	n/a	n/a	n/a	n/a	n/a	n/a	56936.666667
56956.800000	17.566667	28478400	coarse_label	Blocklist (Experiment)	n/a	n/a	n/a	n/a	n/a	n/a	n/a	n/a	n/a	56956.800000
56972.796000	238.902000	28486398	nan_segment	n/a	n/a	n/a	n/a	n/a	n/a	n/a	n/a	n/a	n/a	n/a
56974.366667	224.033333	28487183	coarse_label	Blocklist (Data break)	n/a	n/a	n/a	n/a	n/a	n/a	n/a	n/a	n/a	56974.366667
57198.400000	122.000000	28599200	coarse_label	Blocklist (Experiment)	n/a	n/a	n/a	n/a	n/a	n/a	n/a	n/a	n/a	57198.400000
57320.400000	121.633333	28660200	coarse_label		n/a	n/a	n/a	n/a	n/a	n/a	n/a	n/a	n/a	57320.400000
57437.248000	1.166667	28718624	reach_onset	n/a	r_wrist	135.847849	-70.430988	302.662489	0.367864	0.115418	1.166667	1.000000	57437.248000	57437.249000
57442.033333	0.100000	28721017	coarse_label	Blocklist (Data break)	n/a	n/a	n/a	n/a	n/a	n/a	n/a	n/a	n/a	57442.033333
57442.133333	117.533333	28721067	coarse_label		n/a	n/a	n/a	n/a	n/a	n/a	n/a	n/a	n/a	57442.133333
57559.666667	0.166667	28779833	coarse_label	Blocklist (Data break)	n/a	n/a	n/a	n/a	n/a	n/a	n/a	n/a	n/a	57559.666667
57559.833333	117.866667	28779917	coarse_label		n/a	n/a	n/a	n/a	n/a	n/a	n/a	n/a	n/a	57559.833333
57677.700000	0.266667	28838850	coarse_label	Blocklist (Data break)	n/a	n/a	n/a	n/a	n/a	n/a	n/a	n/a	n/a	57677.700000
57677.966667	120.033333	28838983	coarse_label		n/a	n/a	n/a	n/a	n/a	n/a	n/a	n/a	n/a	57677.966667
57798.000000	0.133333	28899000	coarse_label	Blocklist (Data break)	n/a	n/a	n/a	n/a	n/a	n/a	n/a	n/a	n/a	57798.000000
57798.133333	120.300000	28899067	coarse_label		n/a	n/a	n/a	n/a	n/a	n/a	n/a	n/a	n/a	57798.133333
57918.433333	0.100000	28959217	coarse_label	Blocklist (Data break)	n/a	n/a	n/a	n/a	n/a	n/a	n/a	n/a	n/a	57918.433333
57918.533333	120.033333	28959267	coarse_label		n/a	n/a	n/a	n/a	n/a	n/a	n/a	n/a	n/a	57918.533333
58038.566667	0.200000	29019283	coarse_label	Blocklist (Data break)	n/a	n/a	n/a	n/a	n/a	n/a	n/a	n/a	n/a	58038.566667
58038.766667	120.466667	29019383	coarse_label		n/a	n/a	n/a	n/a	n/a	n/a	n/a	n/a	n/a	58038.766667
58159.233333	0.133333	29079617	coarse_label	Blocklist (Data break)	n/a	n/a	n/a	n/a	n/a	n/a	n/a	n/a	n/a	58159.233333
58159.366667	120.300000	29079683	coarse_label		n/a	n/a	n/a	n/a	n/a	n/a	n/a	n/a	n/a	58159.366667
58279.666667	0.133333	29139833	coarse_label	Blocklist (Data break)	n/a	n/a	n/a	n/a	n/a	n/a	n/a	n/a	n/a	58279.666667
58279.800000	118.500000	29139900	coarse_label		n/a	n/a	n/a	n/a	n/a	n/a	n/a	n/a	n/a	58279.800000
58398.300000	0.200000	29199150	coarse_label	Blocklist (Data break)	n/a	n/a	n/a	n/a	n/a	n/a	n/a	n/a	n/a	58398.300000
58398.500000	122.000000	29199250	coarse_label		n/a	n/a	n/a	n/a	n/a	n/a	n/a	n/a	n/a	58398.500000
58520.500000	0.233333	29260250	coarse_label	Blocklist (Data break)	n/a	n/a	n/a	n/a	n/a	n/a	n/a	n/a	n/a	58520.500000
58520.733333	116.900000	29260367	coarse_label		n/a	n/a	n/a	n/a	n/a	n/a	n/a	n/a	n/a	58520.733333
58637.633333	0.133333	29318817	coarse_label	Blocklist (Data break)	n/a	n/a	n/a	n/a	n/a	n/a	n/a	n/a	n/a	58637.633333
58637.766667	121.333333	29318883	coarse_label		n/a	n/a	n/a	n/a	n/a	n/a	n/a	n/a	n/a	58637.766667
58759.100000	0.233333	29379550	coarse_label	Blocklist (Data break)	n/a	n/a	n/a	n/a	n/a	n/a	n/a	n/a	n/a	58759.100000
58759.333333	119.266667	29379667	coarse_label		n/a	n/a	n/a	n/a	n/a	n/a	n/a	n/a	n/a	58759.333333
58878.600000	0.133333	29439300	coarse_label	Blocklist (Data break)	n/a	n/a	n/a	n/a	n/a	n/a	n/a	n/a	n/a	58878.600000
58878.733333	119.866667	29439367	coarse_label		n/a	n/a	n/a	n/a	n/a	n/a	n/a	n/a	n/a	58878.733333
58927.346000	0.600000	29463673	reach_onset	n/a	r_wrist	45.122138	-132.880864	164.097328	0.354855	0.793809	0.433333	1.000000	58927.346000	58927.346000
58981.680000	0.933333	29490840	reach_onset	n/a	r_wrist	64.237100	-87.302266	155.833743	0.348915	0.076192	0.733333	1.000000	58981.680000	58981.680000
58998.600000	0.166667	29499300	coarse_label	Blocklist (Data break)	n/a	n/a	n/a	n/a	n/a	n/a	n/a	n/a	n/a	58998.600000
58998.766667	119.166667	29499383	coarse_label		n/a	n/a	n/a	n/a	n/a	n/a	n/a	n/a	n/a	58998.766667
59035.066000	1.966667	29517533	reach_onset	n/a	r_wrist	203.809350	-74.165155	156.651705	0.340243	0.022891	0.300000	1.000000	59035.066000	59035.066000
59067.532000	0.666667	29533766	reach_onset	n/a	r_wrist	86.028465	-78.650456	213.140226	0.339920	0.009922	0.000000	0.000000	59067.532000	59067.533000
59097.466000	0.600000	29548733	reach_onset	n/a	r_wrist	58.255181	-101.539547	127.280891	0.338946	0.014817	0.000000	0.000000	59097.466000	59097.466000
59117.933333	0.233333	29558967	coarse_label	Blocklist (Data break)	n/a	n/a	n/a	n/a	n/a	n/a	n/a	n/a	n/a	59117.933333
59118.166667	122.233333	29559083	coarse_label		n/a	n/a	n/a	n/a	n/a	n/a	n/a	n/a	n/a	59118.166667
59156.886000	0.600000	29578443	reach_onset	n/a	r_wrist	78.269228	-61.654813	212.277440	0.381985	0.027132	0.000000	1.000000	59156.886000	59156.886000
59240.400000	0.100000	29620200	coarse_label	Blocklist (Data break)	n/a	n/a	n/a	n/a	n/a	n/a	n/a	n/a	n/a	59240.400000
59240.500000	118.833333	29620250	coarse_label		n/a	n/a	n/a	n/a	n/a	n/a	n/a	n/a	n/a	59240.500000
59242.914000	3.600000	29621457	reach_onset	n/a	r_wrist	95.780872	-4.836247	106.010386	0.371325	0.572553	2.300000	1.000000	59242.914000	59242.914000
59359.333333	0.133333	29679667	coarse_label	Blocklist (Data break)	n/a	n/a	n/a	n/a	n/a	n/a	n/a	n/a	n/a	59359.333333
59359.466667	120.433333	29679733	coarse_label		n/a	n/a	n/a	n/a	n/a	n/a	n/a	n/a	n/a	59359.466667
59479.900000	0.133333	29739950	coarse_label	Blocklist (Data break)	n/a	n/a	n/a	n/a	n/a	n/a	n/a	n/a	n/a	59479.900000
59480.033333	118.500000	29740017	coarse_label		n/a	n/a	n/a	n/a	n/a	n/a	n/a	n/a	n/a	59480.033333
59517.230000	1.166667	29758615	reach_onset	n/a	r_wrist	150.647754	-127.628423	186.730906	0.417163	0.434731	1.000000	1.000000	59517.230000	59517.229000
59526.396000	0.833333	29763198	reach_onset	n/a	r_wrist	112.636449	-71.240697	218.388441	0.416156	0.370480	0.833333	1.000000	59526.396000	59526.396000
59596.128000	1.433333	29798064	reach_onset	n/a	r_wrist	102.602284	-74.483483	117.351332	0.388150	0.291963	1.133333	1.000000	59596.128000	59596.129000
59598.533333	0.200000	29799267	coarse_label	Blocklist (Data break)	n/a	n/a	n/a	n/a	n/a	n/a	n/a	n/a	n/a	59598.533333
59598.733333	120.633333	29799367	coarse_label		n/a	n/a	n/a	n/a	n/a	n/a	n/a	n/a	n/a	59598.733333
59611.304000	1.000000	29805652	reach_onset	n/a	r_wrist	93.074462	-77.110238	208.990733	0.383734	0.055805	0.433333	1.000000	59611.304000	59611.304000
59632.738000	1.766667	29816369	reach_onset	n/a	r_wrist	198.684832	-80.493622	251.229750	0.388373	0.314775	1.466667	1.000000	59632.738000	59632.737000
59684.670000	1.666667	29842335	reach_onset	n/a	r_wrist	233.705870	-105.957149	133.439984	0.402465	0.305641	1.666667	1.000000	59684.670000	59684.671000
59704.336000	0.866667	29852168	reach_onset	n/a	r_wrist	102.162799	-122.604303	147.835219	0.402247	0.015295	0.500000	1.000000	59704.336000	59704.337000
59709.904000	1.366667	29854952	reach_onset	n/a	r_wrist	77.381783	161.070572	119.851396	0.401350	0.544287	1.100000	1.000000	59709.904000	59709.904000
59719.366667	0.133333	29859683	coarse_label	Blocklist (Data break)	n/a	n/a	n/a	n/a	n/a	n/a	n/a	n/a	n/a	59719.366667
59719.500000	118.533333	29859750	coarse_label		n/a	n/a	n/a	n/a	n/a	n/a	n/a	n/a	n/a	59719.500000
59776.058000	0.800000	29888029	reach_onset	n/a	r_wrist	90.196478	-114.527854	112.643914	0.416251	0.213063	0.633333	1.000000	59776.058000	59776.059000
59838.033333	0.200000	29919017	coarse_label	Blocklist (Data break)	n/a	n/a	n/a	n/a	n/a	n/a	n/a	n/a	n/a	59838.033333
59838.233333	120.500000	29919117	coarse_label		n/a	n/a	n/a	n/a	n/a	n/a	n/a	n/a	n/a	59838.233333
59847.944000	1.166667	29923972	reach_onset	n/a	r_wrist	44.225930	-99.582916	133.146076	0.390523	0.023042	0.000000	1.000000	59847.944000	59847.943000
59851.744000	2.033333	29925872	reach_onset	n/a	r_wrist	126.812671	-86.993407	186.377434	0.393365	0.007684	0.000000	0.000000	59851.744000	59851.743000
59863.576000	0.633333	29931788	reach_onset	n/a	r_wrist	70.894964	-131.076576	157.818837	0.397884	0.053493	0.000000	0.000000	59863.576000	59863.577000
59866.044000	1.933333	29933022	reach_onset	n/a	r_wrist	132.485369	-72.096504	357.689297	0.398518	0.041034	1.000000	1.000000	59866.044000	59866.043000
59895.876000	0.700000	29947938	reach_onset	n/a	r_wrist	106.565014	-68.193782	159.995602	0.403436	0.067553	0.500000	1.000000	59895.876000	59895.877000
59923.276000	0.733333	29961638	reach_onset	n/a	r_wrist	97.208559	-98.880377	227.202504	0.400110	0.015861	0.000000	0.000000	59923.276000	59923.277000
59950.642000	0.666667	29975321	reach_onset	n/a	r_wrist	67.560594	-102.758356	157.202677	0.367361	0.150116	0.300000	1.000000	59950.642000	59950.643000
59958.733333	0.133333	29979367	coarse_label	Blocklist (Data break)	n/a	n/a	n/a	n/a	n/a	n/a	n/a	n/a	n/a	59958.733333
59958.866667	119.533333	29979433	coarse_label		n/a	n/a	n/a	n/a	n/a	n/a	n/a	n/a	n/a	59958.866667
59992.246000	0.700000	29996123	reach_onset	n/a	r_wrist	77.839978	-105.111579	161.760689	0.347813	0.088069	0.066667	1.000000	59992.246000	59992.246000
60017.746000	1.233333	30008873	reach_onset	n/a	r_wrist	154.313424	-100.553937	247.368886	0.363789	0.010360	0.000000	0.000000	60017.746000	60017.746000
60078.400000	0.100000	30039200	coarse_label	Blocklist (Data break)	n/a	n/a	n/a	n/a	n/a	n/a	n/a	n/a	n/a	60078.400000
60078.500000	119.966667	30039250	coarse_label		n/a	n/a	n/a	n/a	n/a	n/a	n/a	n/a	n/a	60078.500000
60127.666000	0.433333	30063833	reach_onset	n/a	r_wrist	36.085303	-116.245429	105.570325	0.390803	0.000000	0.433333	1.000000	60127.666000	60127.666000
60132.766000	1.033333	30066383	reach_onset	n/a	r_wrist	44.193298	-121.673102	117.322020	0.396617	0.803503	1.033333	1.000000	60132.766000	60132.766000
60151.532000	0.500000	30075766	reach_onset	n/a	r_wrist	51.959061	-126.679575	166.700755	0.391712	0.020001	0.500000	1.000000	60151.532000	60151.532000
60198.466667	0.266667	30099233	coarse_label	Blocklist (Data break)	n/a	n/a	n/a	n/a	n/a	n/a	n/a	n/a	n/a	60198.466667
60198.733333	119.533333	30099367	coarse_label		n/a	n/a	n/a	n/a	n/a	n/a	n/a	n/a	n/a	60198.733333
60249.926000	9.692000	30124963	nan_segment	n/a	n/a	n/a	n/a	n/a	n/a	n/a	n/a	n/a	n/a	n/a
60287.666000	5.504000	30143833	nan_segment	n/a	n/a	n/a	n/a	n/a	n/a	n/a	n/a	n/a	n/a	n/a
60318.266667	0.133333	30159133	coarse_label	Blocklist (Data break)	n/a	n/a	n/a	n/a	n/a	n/a	n/a	n/a	n/a	60318.266667
60318.400000	120.966667	30159200	coarse_label		n/a	n/a	n/a	n/a	n/a	n/a	n/a	n/a	n/a	60318.400000
60348.778000	14.856000	30174389	nan_segment	n/a	n/a	n/a	n/a	n/a	n/a	n/a	n/a	n/a	n/a	n/a
60368.104000	0.600000	30184052	reach_onset	n/a	r_wrist	253.066047	-125.020594	571.525114	0.341313	0.001871	0.300000	1.000000	60368.104000	60368.104000
60374.024000	13.608000	30187012	nan_segment	n/a	n/a	n/a	n/a	n/a	n/a	n/a	n/a	n/a	n/a	n/a
60393.670000	1.666667	30196835	reach_onset	n/a	r_wrist	184.763948	10.911657	180.917614	0.353449	0.100444	1.666667	1.000000	60393.670000	60393.671000
60417.146000	9.882000	30208573	nan_segment	n/a	n/a	n/a	n/a	n/a	n/a	n/a	n/a	n/a	n/a	n/a
60439.366667	0.233333	30219683	coarse_label	Blocklist (Data break)	n/a	n/a	n/a	n/a	n/a	n/a	n/a	n/a	n/a	60439.366667
60439.600000	119.000000	30219800	coarse_label		n/a	n/a	n/a	n/a	n/a	n/a	n/a	n/a	n/a	60439.600000
60558.600000	0.033333	30279300	coarse_label	Blocklist (Data break)	n/a	n/a	n/a	n/a	n/a	n/a	n/a	n/a	n/a	60558.600000
60558.633333	122.233333	30279317	coarse_label		n/a	n/a	n/a	n/a	n/a	n/a	n/a	n/a	n/a	60558.633333
60680.866667	0.233333	30340433	coarse_label	Blocklist (Data break)	n/a	n/a	n/a	n/a	n/a	n/a	n/a	n/a	n/a	60680.866667
60681.100000	118.733333	30340550	coarse_label		n/a	n/a	n/a	n/a	n/a	n/a	n/a	n/a	n/a	60681.100000
60799.833333	0.066667	30399917	coarse_label	Blocklist (Data break)	n/a	n/a	n/a	n/a	n/a	n/a	n/a	n/a	n/a	60799.833333
60799.900000	118.266667	30399950	coarse_label		n/a	n/a	n/a	n/a	n/a	n/a	n/a	n/a	n/a	60799.900000
60918.166667	0.166667	30459083	coarse_label	Blocklist (Data break)	n/a	n/a	n/a	n/a	n/a	n/a	n/a	n/a	n/a	60918.166667
60918.333333	120.033333	30459167	coarse_label		n/a	n/a	n/a	n/a	n/a	n/a	n/a	n/a	n/a	60918.333333
61038.366667	0.066667	30519183	coarse_label	Blocklist (Data break)	n/a	n/a	n/a	n/a	n/a	n/a	n/a	n/a	n/a	61038.366667
61038.433333	119.400000	30519217	coarse_label		n/a	n/a	n/a	n/a	n/a	n/a	n/a	n/a	n/a	61038.433333
61157.833333	0.066667	30578917	coarse_label	Blocklist (Data break)	n/a	n/a	n/a	n/a	n/a	n/a	n/a	n/a	n/a	61157.833333
61157.900000	122.200000	30578950	coarse_label		n/a	n/a	n/a	n/a	n/a	n/a	n/a	n/a	n/a	61157.900000
61280.100000	0.166667	30640050	coarse_label	Blocklist (Data break)	n/a	n/a	n/a	n/a	n/a	n/a	n/a	n/a	n/a	61280.100000
61280.266667	119.533333	30640133	coarse_label		n/a	n/a	n/a	n/a	n/a	n/a	n/a	n/a	n/a	61280.266667
61307.062000	0.466667	30653531	reach_onset	n/a	r_wrist	37.862837	-95.923378	110.285990	0.251027	0.047414	0.000000	1.000000	61307.062000	61307.062000
61379.962000	2.633333	30689981	reach_onset	n/a	r_wrist	78.735959	-44.929111	107.534790	0.156086	0.390972	2.300000	1.000000	61379.962000	61379.962000
61399.800000	0.200000	30699900	coarse_label	Blocklist (Data break)	n/a	n/a	n/a	n/a	n/a	n/a	n/a	n/a	n/a	61399.800000
61400.000000	119.600000	30700000	coarse_label		n/a	n/a	n/a	n/a	n/a	n/a	n/a	n/a	n/a	61400.000000
61519.600000	0.133333	30759800	coarse_label	Blocklist (Data break)	n/a	n/a	n/a	n/a	n/a	n/a	n/a	n/a	n/a	61519.600000
61519.733333	118.800000	30759867	coarse_label		n/a	n/a	n/a	n/a	n/a	n/a	n/a	n/a	n/a	61519.733333
61638.533333	0.100000	30819267	coarse_label	Blocklist (Data break)	n/a	n/a	n/a	n/a	n/a	n/a	n/a	n/a	n/a	61638.533333
61638.633333	119.466667	30819317	coarse_label		n/a	n/a	n/a	n/a	n/a	n/a	n/a	n/a	n/a	61638.633333
61758.100000	0.133333	30879050	coarse_label	Blocklist (Data break)	n/a	n/a	n/a	n/a	n/a	n/a	n/a	n/a	n/a	61758.100000
61758.233333	120.266667	30879117	coarse_label		n/a	n/a	n/a	n/a	n/a	n/a	n/a	n/a	n/a	61758.233333
61869.674000	0.933333	30934837	reach_onset	n/a	r_wrist	136.320330	-99.636194	111.243784	0.346163	0.240924	0.933333	1.000000	61869.674000	61869.674000
61878.500000	0.133333	30939250	coarse_label	Blocklist (Data break)	n/a	n/a	n/a	n/a	n/a	n/a	n/a	n/a	n/a	61878.500000
61878.633333	120.033333	30939317	coarse_label		n/a	n/a	n/a	n/a	n/a	n/a	n/a	n/a	n/a	61878.633333
61995.708000	1.233333	30997854	reach_onset	n/a	r_wrist	62.472397	-45.833035	114.229015	0.153157	0.055151	0.000000	0.000000	61995.708000	61995.709000
61998.666667	0.133333	30999333	coarse_label	Blocklist (Data break)	n/a	n/a	n/a	n/a	n/a	n/a	n/a	n/a	n/a	61998.666667
61998.800000	119.633333	30999400	coarse_label		n/a	n/a	n/a	n/a	n/a	n/a	n/a	n/a	n/a	61998.800000
62118.433333	0.133333	31059217	coarse_label	Blocklist (Data break)	n/a	n/a	n/a	n/a	n/a	n/a	n/a	n/a	n/a	62118.433333
62118.566667	120.133333	31059283	coarse_label		n/a	n/a	n/a	n/a	n/a	n/a	n/a	n/a	n/a	62118.566667
62238.700000	0.166667	31119350	coarse_label	Blocklist (Data break)	n/a	n/a	n/a	n/a	n/a	n/a	n/a	n/a	n/a	62238.700000
62238.866667	121.566667	31119433	coarse_label		n/a	n/a	n/a	n/a	n/a	n/a	n/a	n/a	n/a	62238.866667
62360.433333	0.133333	31180217	coarse_label	Blocklist (Data break)	n/a	n/a	n/a	n/a	n/a	n/a	n/a	n/a	n/a	62360.433333
62360.566667	118.033333	31180283	coarse_label		n/a	n/a	n/a	n/a	n/a	n/a	n/a	n/a	n/a	62360.566667
62478.600000	0.066667	31239300	coarse_label	Blocklist (Data break)	n/a	n/a	n/a	n/a	n/a	n/a	n/a	n/a	n/a	62478.600000
62478.666667	119.933333	31239333	coarse_label		n/a	n/a	n/a	n/a	n/a	n/a	n/a	n/a	n/a	62478.666667
62598.600000	0.133333	31299300	coarse_label	Blocklist (Data break)	n/a	n/a	n/a	n/a	n/a	n/a	n/a	n/a	n/a	62598.600000
62598.733333	120.433333	31299367	coarse_label		n/a	n/a	n/a	n/a	n/a	n/a	n/a	n/a	n/a	62598.733333
62719.166667	0.066667	31359583	coarse_label	Blocklist (Data break)	n/a	n/a	n/a	n/a	n/a	n/a	n/a	n/a	n/a	62719.166667
62719.233333	119.333333	31359617	coarse_label		n/a	n/a	n/a	n/a	n/a	n/a	n/a	n/a	n/a	62719.233333
62838.566667	0.166667	31419283	coarse_label	Blocklist (Data break)	n/a	n/a	n/a	n/a	n/a	n/a	n/a	n/a	n/a	62838.566667
62838.733333	120.100000	31419367	coarse_label		n/a	n/a	n/a	n/a	n/a	n/a	n/a	n/a	n/a	62838.733333
62958.833333	0.166667	31479417	coarse_label	Blocklist (Data break)	n/a	n/a	n/a	n/a	n/a	n/a	n/a	n/a	n/a	62958.833333
62959.000000	124.200000	31479500	coarse_label		n/a	n/a	n/a	n/a	n/a	n/a	n/a	n/a	n/a	62959.000000
63083.200000	0.066667	31541600	coarse_label	Blocklist (Data break)	n/a	n/a	n/a	n/a	n/a	n/a	n/a	n/a	n/a	63083.200000
63083.266667	120.933333	31541633	coarse_label		n/a	n/a	n/a	n/a	n/a	n/a	n/a	n/a	n/a	63083.266667
63204.200000	0.133333	31602100	coarse_label	Blocklist (Data break)	n/a	n/a	n/a	n/a	n/a	n/a	n/a	n/a	n/a	63204.200000
63204.333333	115.200000	31602167	coarse_label		n/a	n/a	n/a	n/a	n/a	n/a	n/a	n/a	n/a	63204.333333
63319.533333	0.066667	31659767	coarse_label	Blocklist (Data break)	n/a	n/a	n/a	n/a	n/a	n/a	n/a	n/a	n/a	63319.533333
63319.600000	118.233333	31659800	coarse_label		n/a	n/a	n/a	n/a	n/a	n/a	n/a	n/a	n/a	63319.600000
63437.833333	0.100000	31718917	coarse_label	Blocklist (Data break)	n/a	n/a	n/a	n/a	n/a	n/a	n/a	n/a	n/a	63437.833333
63437.933333	120.533333	31718967	coarse_label		n/a	n/a	n/a	n/a	n/a	n/a	n/a	n/a	n/a	63437.933333
63558.466667	0.066667	31779233	coarse_label	Blocklist (Data break)	n/a	n/a	n/a	n/a	n/a	n/a	n/a	n/a	n/a	63558.466667
63558.533333	119.633333	31779267	coarse_label		n/a	n/a	n/a	n/a	n/a	n/a	n/a	n/a	n/a	63558.533333
63678.166667	0.266667	31839083	coarse_label	Blocklist (Data break)	n/a	n/a	n/a	n/a	n/a	n/a	n/a	n/a	n/a	63678.166667
63678.433333	119.833333	31839217	coarse_label		n/a	n/a	n/a	n/a	n/a	n/a	n/a	n/a	n/a	63678.433333
63798.266667	0.066667	31899133	coarse_label	Blocklist (Data break)	n/a	n/a	n/a	n/a	n/a	n/a	n/a	n/a	n/a	63798.266667
63798.333333	119.233333	31899167	coarse_label		n/a	n/a	n/a	n/a	n/a	n/a	n/a	n/a	n/a	63798.333333
63917.566667	0.066667	31958783	coarse_label	Blocklist (Data break)	n/a	n/a	n/a	n/a	n/a	n/a	n/a	n/a	n/a	63917.566667
63917.633333	120.266667	31958817	coarse_label		n/a	n/a	n/a	n/a	n/a	n/a	n/a	n/a	n/a	63917.633333
64037.900000	0.300000	32018950	coarse_label	Blocklist (Data break)	n/a	n/a	n/a	n/a	n/a	n/a	n/a	n/a	n/a	64037.900000
64038.200000	119.733333	32019100	coarse_label		n/a	n/a	n/a	n/a	n/a	n/a	n/a	n/a	n/a	64038.200000
64042.714000	0.566667	32021357	reach_onset	n/a	r_wrist	71.723291	163.663827	148.801766	0.244144	0.376768	0.400000	1.000000	64042.714000	64042.714000
64157.933333	0.233333	32078967	coarse_label	Blocklist (Data break)	n/a	n/a	n/a	n/a	n/a	n/a	n/a	n/a	n/a	64157.933333
64158.166667	119.666667	32079083	coarse_label		n/a	n/a	n/a	n/a	n/a	n/a	n/a	n/a	n/a	64158.166667
64193.600000	0.766667	32096800	reach_onset	n/a	r_wrist	37.644150	120.024775	104.220062	0.275200	0.178250	0.233333	1.000000	64193.600000	64193.601000
64277.833333	0.100000	32138917	coarse_label	Blocklist (Data break)	n/a	n/a	n/a	n/a	n/a	n/a	n/a	n/a	n/a	64277.833333
64277.933333	121.466667	32138967	coarse_label		n/a	n/a	n/a	n/a	n/a	n/a	n/a	n/a	n/a	64277.933333
64399.400000	0.200000	32199700	coarse_label	Blocklist (Data break)	n/a	n/a	n/a	n/a	n/a	n/a	n/a	n/a	n/a	64399.400000
64399.600000	118.833333	32199800	coarse_label		n/a	n/a	n/a	n/a	n/a	n/a	n/a	n/a	n/a	64399.600000
64518.433333	0.166667	32259217	coarse_label	Blocklist (Data break)	n/a	n/a	n/a	n/a	n/a	n/a	n/a	n/a	n/a	64518.433333
64518.600000	120.866667	32259300	coarse_label		n/a	n/a	n/a	n/a	n/a	n/a	n/a	n/a	n/a	64518.600000
64639.466667	0.066667	32319733	coarse_label	Blocklist (Data break)	n/a	n/a	n/a	n/a	n/a	n/a	n/a	n/a	n/a	64639.466667
64639.533333	119.933333	32319767	coarse_label		n/a	n/a	n/a	n/a	n/a	n/a	n/a	n/a	n/a	64639.533333
64759.466667	0.100000	32379733	coarse_label	Blocklist (Data break)	n/a	n/a	n/a	n/a	n/a	n/a	n/a	n/a	n/a	64759.466667
64759.566667	118.166667	32379783	coarse_label		n/a	n/a	n/a	n/a	n/a	n/a	n/a	n/a	n/a	64759.566667
64877.733333	0.100000	32438867	coarse_label	Blocklist (Data break)	n/a	n/a	n/a	n/a	n/a	n/a	n/a	n/a	n/a	64877.733333
64877.833333	119.766667	32438917	coarse_label		n/a	n/a	n/a	n/a	n/a	n/a	n/a	n/a	n/a	64877.833333
64997.600000	0.133333	32498800	coarse_label	Blocklist (Data break)	n/a	n/a	n/a	n/a	n/a	n/a	n/a	n/a	n/a	64997.600000
64997.733333	120.600000	32498867	coarse_label		n/a	n/a	n/a	n/a	n/a	n/a	n/a	n/a	n/a	64997.733333
65118.333333	0.266667	32559167	coarse_label	Blocklist (Data break)	n/a	n/a	n/a	n/a	n/a	n/a	n/a	n/a	n/a	65118.333333
65118.600000	118.800000	32559300	coarse_label		n/a	n/a	n/a	n/a	n/a	n/a	n/a	n/a	n/a	65118.600000
65237.400000	0.266667	32618700	coarse_label	Blocklist (Data break)	n/a	n/a	n/a	n/a	n/a	n/a	n/a	n/a	n/a	65237.400000
65237.666667	121.733333	32618833	coarse_label		n/a	n/a	n/a	n/a	n/a	n/a	n/a	n/a	n/a	65237.666667
65359.400000	0.266667	32679700	coarse_label	Blocklist (Data break)	n/a	n/a	n/a	n/a	n/a	n/a	n/a	n/a	n/a	65359.400000
65359.666667	118.200000	32679833	coarse_label		n/a	n/a	n/a	n/a	n/a	n/a	n/a	n/a	n/a	65359.666667
65423.032000	2.333333	32711516	reach_onset	n/a	r_wrist	255.794437	79.728409	301.005694	0.249182	0.000000	1.333333	1.000000	65423.032000	65423.033000
65477.866667	0.166667	32738933	coarse_label	Blocklist (Data break)	n/a	n/a	n/a	n/a	n/a	n/a	n/a	n/a	n/a	65477.866667
65478.033333	120.466667	32739017	coarse_label		n/a	n/a	n/a	n/a	n/a	n/a	n/a	n/a	n/a	65478.033333
65598.500000	0.133333	32799250	coarse_label	Blocklist (Data break)	n/a	n/a	n/a	n/a	n/a	n/a	n/a	n/a	n/a	65598.500000
65598.633333	120.533333	32799317	coarse_label		n/a	n/a	n/a	n/a	n/a	n/a	n/a	n/a	n/a	65598.633333
65719.166667	0.066667	32859583	coarse_label	Blocklist (Data break)	n/a	n/a	n/a	n/a	n/a	n/a	n/a	n/a	n/a	65719.166667
65719.233333	119.200000	32859617	coarse_label		n/a	n/a	n/a	n/a	n/a	n/a	n/a	n/a	n/a	65719.233333
65838.433333	0.266667	32919217	coarse_label	Blocklist (Data break)	n/a	n/a	n/a	n/a	n/a	n/a	n/a	n/a	n/a	65838.433333
65838.700000	120.966667	32919350	coarse_label		n/a	n/a	n/a	n/a	n/a	n/a	n/a	n/a	n/a	65838.700000
65959.666667	0.233333	32979833	coarse_label	Blocklist (Data break)	n/a	n/a	n/a	n/a	n/a	n/a	n/a	n/a	n/a	65959.666667
65959.900000	121.800000	32979950	coarse_label		n/a	n/a	n/a	n/a	n/a	n/a	n/a	n/a	n/a	65959.900000
66081.700000	0.266667	33040850	coarse_label	Blocklist (Data break)	n/a	n/a	n/a	n/a	n/a	n/a	n/a	n/a	n/a	66081.700000
66081.966667	116.666667	33040983	coarse_label		n/a	n/a	n/a	n/a	n/a	n/a	n/a	n/a	n/a	66081.966667
66198.633333	0.066667	33099317	coarse_label	Blocklist (Data break)	n/a	n/a	n/a	n/a	n/a	n/a	n/a	n/a	n/a	66198.633333
66198.700000	120.000000	33099350	coarse_label		n/a	n/a	n/a	n/a	n/a	n/a	n/a	n/a	n/a	66198.700000
66269.598000	1.200000	33134799	reach_onset	n/a	r_wrist	146.311149	-70.120081	254.716309	0.232653	0.000000	1.200000	1.000000	66269.598000	66269.599000
66318.700000	0.300000	33159350	coarse_label	Blocklist (Data break)	n/a	n/a	n/a	n/a	n/a	n/a	n/a	n/a	n/a	66318.700000
66319.000000	119.233333	33159500	coarse_label		n/a	n/a	n/a	n/a	n/a	n/a	n/a	n/a	n/a	66319.000000
66438.233333	0.100000	33219117	coarse_label	Blocklist (Data break)	n/a	n/a	n/a	n/a	n/a	n/a	n/a	n/a	n/a	66438.233333
66438.333333	119.900000	33219167	coarse_label		n/a	n/a	n/a	n/a	n/a	n/a	n/a	n/a	n/a	66438.333333
66558.233333	0.200000	33279117	coarse_label	Blocklist (Data break)	n/a	n/a	n/a	n/a	n/a	n/a	n/a	n/a	n/a	66558.233333
66558.433333	118.933333	33279217	coarse_label		n/a	n/a	n/a	n/a	n/a	n/a	n/a	n/a	n/a	66558.433333
66634.658000	1.466667	33317329	reach_onset	n/a	r_wrist	129.803957	111.059072	110.541806	0.261013	0.011353	0.133333	1.000000	66634.658000	66634.659000
66677.366667	0.266667	33338683	coarse_label	Blocklist (Data break)	n/a	n/a	n/a	n/a	n/a	n/a	n/a	n/a	n/a	66677.366667
66677.633333	121.733333	33338817	coarse_label		n/a	n/a	n/a	n/a	n/a	n/a	n/a	n/a	n/a	66677.633333
66731.244000	0.966667	33365622	reach_onset	n/a	r_wrist	132.463416	-73.685140	229.014265	0.313253	0.017468	0.166667	1.000000	66731.244000	66731.245000
66799.366667	0.133333	33399683	coarse_label	Blocklist (Data break)	n/a	n/a	n/a	n/a	n/a	n/a	n/a	n/a	n/a	66799.366667
66799.500000	118.800000	33399750	coarse_label		n/a	n/a	n/a	n/a	n/a	n/a	n/a	n/a	n/a	66799.500000
66918.300000	0.200000	33459150	coarse_label	Blocklist (Data break)	n/a	n/a	n/a	n/a	n/a	n/a	n/a	n/a	n/a	66918.300000
66918.500000	119.366667	33459250	coarse_label		n/a	n/a	n/a	n/a	n/a	n/a	n/a	n/a	n/a	66918.500000
67037.866667	0.233333	33518933	coarse_label	Blocklist (Data break)	n/a	n/a	n/a	n/a	n/a	n/a	n/a	n/a	n/a	67037.866667
67038.100000	119.666667	33519050	coarse_label		n/a	n/a	n/a	n/a	n/a	n/a	n/a	n/a	n/a	67038.100000
67085.592000	3.998000	33542796	nan_segment	n/a	n/a	n/a	n/a	n/a	n/a	n/a	n/a	n/a	n/a	n/a
67092.040000	1.433333	33546020	reach_onset	n/a	r_wrist	130.628293	94.050861	169.694459	0.203829	0.033564	0.400000	1.000000	67092.040000	67092.040000
67109.574000	5.690000	33554787	nan_segment	n/a	n/a	n/a	n/a	n/a	n/a	n/a	n/a	n/a	n/a	n/a
67148.240000	1.533333	33574120	reach_onset	n/a	r_wrist	110.837992	104.290049	164.579924	0.221908	0.027936	0.100000	0.000000	67148.240000	67148.240000
67157.766667	0.100000	33578883	coarse_label	Blocklist (Data break)	n/a	n/a	n/a	n/a	n/a	n/a	n/a	n/a	n/a	67157.766667
67157.866667	120.600000	33578933	coarse_label		n/a	n/a	n/a	n/a	n/a	n/a	n/a	n/a	n/a	67157.866667
67176.940000	1.933333	33588470	reach_onset	n/a	r_wrist	146.757647	-80.751090	138.400655	0.214644	0.013014	0.600000	1.000000	67176.940000	67176.940000
67186.014000	4.000000	33593007	nan_segment	n/a	n/a	n/a	n/a	n/a	n/a	n/a	n/a	n/a	n/a	n/a
67252.150000	3.998000	33626075	nan_segment	n/a	n/a	n/a	n/a	n/a	n/a	n/a	n/a	n/a	n/a	n/a
67278.466667	0.066667	33639233	coarse_label	Blocklist (Data break)	n/a	n/a	n/a	n/a	n/a	n/a	n/a	n/a	n/a	67278.466667
67278.533333	118.866667	33639267	coarse_label		n/a	n/a	n/a	n/a	n/a	n/a	n/a	n/a	n/a	67278.533333
67397.400000	0.233333	33698700	coarse_label	Blocklist (Data break)	n/a	n/a	n/a	n/a	n/a	n/a	n/a	n/a	n/a	67397.400000
67397.633333	120.033333	33698817	coarse_label		n/a	n/a	n/a	n/a	n/a	n/a	n/a	n/a	n/a	67397.633333
67451.782000	4.000000	33725891	nan_segment	n/a	n/a	n/a	n/a	n/a	n/a	n/a	n/a	n/a	n/a	n/a
67507.614000	6.080000	33753807	nan_segment	n/a	n/a	n/a	n/a	n/a	n/a	n/a	n/a	n/a	n/a	n/a
67517.666667	0.200000	33758833	coarse_label	Blocklist (Data break)	n/a	n/a	n/a	n/a	n/a	n/a	n/a	n/a	n/a	67517.666667
67517.866667	120.000000	33758933	coarse_label		n/a	n/a	n/a	n/a	n/a	n/a	n/a	n/a	n/a	67517.866667
67637.866667	0.100000	33818933	coarse_label	Blocklist (Data break)	n/a	n/a	n/a	n/a	n/a	n/a	n/a	n/a	n/a	67637.866667
67637.966667	119.600000	33818983	coarse_label		n/a	n/a	n/a	n/a	n/a	n/a	n/a	n/a	n/a	67637.966667
67757.566667	0.200000	33878783	coarse_label	Blocklist (Data break)	n/a	n/a	n/a	n/a	n/a	n/a	n/a	n/a	n/a	67757.566667
67757.766667	121.233333	33878883	coarse_label		n/a	n/a	n/a	n/a	n/a	n/a	n/a	n/a	n/a	67757.766667
67879.000000	0.166667	33939500	coarse_label	Blocklist (Data break)	n/a	n/a	n/a	n/a	n/a	n/a	n/a	n/a	n/a	67879.000000
67879.166667	118.966667	33939583	coarse_label		n/a	n/a	n/a	n/a	n/a	n/a	n/a	n/a	n/a	67879.166667
67998.133333	0.100000	33999067	coarse_label	Blocklist (Data break)	n/a	n/a	n/a	n/a	n/a	n/a	n/a	n/a	n/a	67998.133333
67998.233333	119.633333	33999117	coarse_label		n/a	n/a	n/a	n/a	n/a	n/a	n/a	n/a	n/a	67998.233333
68117.866667	0.133333	34058933	coarse_label	Blocklist (Data break)	n/a	n/a	n/a	n/a	n/a	n/a	n/a	n/a	n/a	68117.866667
68118.000000	120.200000	34059000	coarse_label		n/a	n/a	n/a	n/a	n/a	n/a	n/a	n/a	n/a	68118.000000
68190.772000	0.333333	34095386	reach_onset	n/a	r_wrist	80.378319	158.472887	338.238281	0.155084	0.173106	0.333333	1.000000	68190.772000	68190.773000
68238.200000	0.266667	34119100	coarse_label	Blocklist (Data break)	n/a	n/a	n/a	n/a	n/a	n/a	n/a	n/a	n/a	68238.200000
68238.466667	119.700000	34119233	coarse_label		n/a	n/a	n/a	n/a	n/a	n/a	n/a	n/a	n/a	68238.466667
68358.166667	0.066667	34179083	coarse_label	Blocklist (Data break)	n/a	n/a	n/a	n/a	n/a	n/a	n/a	n/a	n/a	68358.166667
68358.233333	119.933333	34179117	coarse_label		n/a	n/a	n/a	n/a	n/a	n/a	n/a	n/a	n/a	68358.233333
68407.586000	2.200000	34203793	reach_onset	n/a	r_wrist	119.093131	-77.940091	105.930591	0.114516	0.078660	0.533333	1.000000	68407.586000	68407.586000
68478.166667	0.066667	34239083	coarse_label	Blocklist (Data break)	n/a	n/a	n/a	n/a	n/a	n/a	n/a	n/a	n/a	68478.166667
68478.233333	119.966667	34239117	coarse_label		n/a	n/a	n/a	n/a	n/a	n/a	n/a	n/a	n/a	68478.233333
68598.200000	0.166667	34299100	coarse_label	Blocklist (Data break)	n/a	n/a	n/a	n/a	n/a	n/a	n/a	n/a	n/a	68598.200000
68598.366667	121.033333	34299183	coarse_label		n/a	n/a	n/a	n/a	n/a	n/a	n/a	n/a	n/a	68598.366667
68719.400000	0.066667	34359700	coarse_label	Blocklist (Data break)	n/a	n/a	n/a	n/a	n/a	n/a	n/a	n/a	n/a	68719.400000
68719.466667	119.866667	34359733	coarse_label		n/a	n/a	n/a	n/a	n/a	n/a	n/a	n/a	n/a	68719.466667
68839.333333	0.133333	34419667	coarse_label	Blocklist (Data break)	n/a	n/a	n/a	n/a	n/a	n/a	n/a	n/a	n/a	68839.333333
68839.466667	119.733333	34419733	coarse_label		n/a	n/a	n/a	n/a	n/a	n/a	n/a	n/a	n/a	68839.466667
68959.200000	0.266667	34479600	coarse_label	Blocklist (Data break)	n/a	n/a	n/a	n/a	n/a	n/a	n/a	n/a	n/a	68959.200000
68959.466667	118.066667	34479733	coarse_label		n/a	n/a	n/a	n/a	n/a	n/a	n/a	n/a	n/a	68959.466667
69077.533333	0.133333	34538767	coarse_label	Blocklist (Data break)	n/a	n/a	n/a	n/a	n/a	n/a	n/a	n/a	n/a	69077.533333
69077.666667	121.266667	34538833	coarse_label		n/a	n/a	n/a	n/a	n/a	n/a	n/a	n/a	n/a	69077.666667
69092.232000	4.000000	34546116	nan_segment	n/a	n/a	n/a	n/a	n/a	n/a	n/a	n/a	n/a	n/a	n/a
69136.372000	0.766667	34568186	reach_onset	n/a	r_wrist	109.540471	-114.206066	144.829300	0.433783	0.000000	0.766667	1.000000	69136.372000	69136.372000
69198.933333	0.166667	34599467	coarse_label	Blocklist (Data break)	n/a	n/a	n/a	n/a	n/a	n/a	n/a	n/a	n/a	69198.933333
69199.100000	120.133333	34599550	coarse_label	Blocklist (Camera move/zoom)	n/a	n/a	n/a	n/a	n/a	n/a	n/a	n/a	n/a	69199.100000
69319.233333	0.100000	34659617	coarse_label	Blocklist (Data break)	n/a	n/a	n/a	n/a	n/a	n/a	n/a	n/a	n/a	69319.233333
69319.333333	119.066667	34659667	coarse_label		n/a	n/a	n/a	n/a	n/a	n/a	n/a	n/a	n/a	69319.333333
69438.400000	0.200000	34719200	coarse_label	Blocklist (Data break)	n/a	n/a	n/a	n/a	n/a	n/a	n/a	n/a	n/a	69438.400000
69438.600000	118.933333	34719300	coarse_label		n/a	n/a	n/a	n/a	n/a	n/a	n/a	n/a	n/a	69438.600000
69557.533333	0.366667	34778767	coarse_label	Blocklist (Data break)	n/a	n/a	n/a	n/a	n/a	n/a	n/a	n/a	n/a	69557.533333
69557.900000	119.966667	34778950	coarse_label		n/a	n/a	n/a	n/a	n/a	n/a	n/a	n/a	n/a	69557.900000
69677.866667	0.166667	34838933	coarse_label	Blocklist (Data break)	n/a	n/a	n/a	n/a	n/a	n/a	n/a	n/a	n/a	69677.866667
69678.033333	120.000000	34839017	coarse_label		n/a	n/a	n/a	n/a	n/a	n/a	n/a	n/a	n/a	69678.033333
69798.033333	0.066667	34899017	coarse_label	Blocklist (Data break)	n/a	n/a	n/a	n/a	n/a	n/a	n/a	n/a	n/a	69798.033333
69798.100000	121.866667	34899050	coarse_label		n/a	n/a	n/a	n/a	n/a	n/a	n/a	n/a	n/a	69798.100000
69919.966667	0.100000	34959983	coarse_label	Blocklist (Data break)	n/a	n/a	n/a	n/a	n/a	n/a	n/a	n/a	n/a	69919.966667
69920.066667	118.433333	34960033	coarse_label		n/a	n/a	n/a	n/a	n/a	n/a	n/a	n/a	n/a	69920.066667
70038.500000	0.100000	35019250	coarse_label	Blocklist (Data break)	n/a	n/a	n/a	n/a	n/a	n/a	n/a	n/a	n/a	70038.500000
70038.600000	119.700000	35019300	coarse_label		n/a	n/a	n/a	n/a	n/a	n/a	n/a	n/a	n/a	70038.600000
70158.300000	0.166667	35079150	coarse_label	Blocklist (Data break)	n/a	n/a	n/a	n/a	n/a	n/a	n/a	n/a	n/a	70158.300000
70158.466667	119.500000	35079233	coarse_label		n/a	n/a	n/a	n/a	n/a	n/a	n/a	n/a	n/a	70158.466667
70277.966667	0.300000	35138983	coarse_label	Blocklist (Data break)	n/a	n/a	n/a	n/a	n/a	n/a	n/a	n/a	n/a	70277.966667
70278.266667	120.066667	35139133	coarse_label		n/a	n/a	n/a	n/a	n/a	n/a	n/a	n/a	n/a	70278.266667
70398.333333	0.066667	35199167	coarse_label	Blocklist (Data break)	n/a	n/a	n/a	n/a	n/a	n/a	n/a	n/a	n/a	70398.333333
70398.400000	119.200000	35199200	coarse_label		n/a	n/a	n/a	n/a	n/a	n/a	n/a	n/a	n/a	70398.400000
70517.600000	0.266667	35258800	coarse_label	Blocklist (Data break)	n/a	n/a	n/a	n/a	n/a	n/a	n/a	n/a	n/a	70517.600000
70517.866667	120.033333	35258933	coarse_label		n/a	n/a	n/a	n/a	n/a	n/a	n/a	n/a	n/a	70517.866667
70637.900000	0.200000	35318950	coarse_label	Blocklist (Data break)	n/a	n/a	n/a	n/a	n/a	n/a	n/a	n/a	n/a	70637.900000
70638.100000	119.866667	35319050	coarse_label		n/a	n/a	n/a	n/a	n/a	n/a	n/a	n/a	n/a	70638.100000
70757.966667	0.133333	35378983	coarse_label	Blocklist (Data break)	n/a	n/a	n/a	n/a	n/a	n/a	n/a	n/a	n/a	70757.966667
70758.100000	120.133333	35379050	coarse_label		n/a	n/a	n/a	n/a	n/a	n/a	n/a	n/a	n/a	70758.100000
70878.233333	0.300000	35439117	coarse_label	Blocklist (Data break)	n/a	n/a	n/a	n/a	n/a	n/a	n/a	n/a	n/a	70878.233333
70878.533333	119.633333	35439267	coarse_label		n/a	n/a	n/a	n/a	n/a	n/a	n/a	n/a	n/a	70878.533333
70998.166667	0.233333	35499083	coarse_label	Blocklist (Data break)	n/a	n/a	n/a	n/a	n/a	n/a	n/a	n/a	n/a	70998.166667
70998.400000	119.033333	35499200	coarse_label		n/a	n/a	n/a	n/a	n/a	n/a	n/a	n/a	n/a	70998.400000
71117.433333	0.100000	35558717	coarse_label	Blocklist (Data break)	n/a	n/a	n/a	n/a	n/a	n/a	n/a	n/a	n/a	71117.433333
71117.533333	121.433333	35558767	coarse_label		n/a	n/a	n/a	n/a	n/a	n/a	n/a	n/a	n/a	71117.533333
71238.966667	0.133333	35619483	coarse_label	Blocklist (Data break)	n/a	n/a	n/a	n/a	n/a	n/a	n/a	n/a	n/a	71238.966667
71239.100000	119.133333	35619550	coarse_label		n/a	n/a	n/a	n/a	n/a	n/a	n/a	n/a	n/a	71239.100000
71358.233333	0.133333	35679117	coarse_label	Blocklist (Data break)	n/a	n/a	n/a	n/a	n/a	n/a	n/a	n/a	n/a	71358.233333
71358.366667	119.233333	35679183	coarse_label		n/a	n/a	n/a	n/a	n/a	n/a	n/a	n/a	n/a	71358.366667
71477.600000	0.133333	35738800	coarse_label	Blocklist (Data break)	n/a	n/a	n/a	n/a	n/a	n/a	n/a	n/a	n/a	71477.600000
71477.733333	120.433333	35738867	coarse_label		n/a	n/a	n/a	n/a	n/a	n/a	n/a	n/a	n/a	71477.733333
71598.166667	0.100000	35799083	coarse_label	Blocklist (Data break)	n/a	n/a	n/a	n/a	n/a	n/a	n/a	n/a	n/a	71598.166667
71598.266667	119.066667	35799133	coarse_label		n/a	n/a	n/a	n/a	n/a	n/a	n/a	n/a	n/a	71598.266667
71717.333333	0.233333	35858667	coarse_label	Blocklist (Data break)	n/a	n/a	n/a	n/a	n/a	n/a	n/a	n/a	n/a	71717.333333
71717.566667	121.366667	35858783	coarse_label		n/a	n/a	n/a	n/a	n/a	n/a	n/a	n/a	n/a	71717.566667
71838.933333	0.166667	35919467	coarse_label	Blocklist (Data break)	n/a	n/a	n/a	n/a	n/a	n/a	n/a	n/a	n/a	71838.933333
71839.100000	119.066667	35919550	coarse_label		n/a	n/a	n/a	n/a	n/a	n/a	n/a	n/a	n/a	71839.100000
71892.272000	1.233333	35946136	reach_onset	n/a	r_wrist	106.292264	-84.793583	202.991300	0.290800	0.045132	0.800000	1.000000	71892.272000	71892.272000
71958.166667	0.100000	35979083	coarse_label	Blocklist (Data break)	n/a	n/a	n/a	n/a	n/a	n/a	n/a	n/a	n/a	71958.166667
71958.266667	120.033333	35979133	coarse_label		n/a	n/a	n/a	n/a	n/a	n/a	n/a	n/a	n/a	71958.266667
72078.300000	0.300000	36039150	coarse_label	Blocklist (Data break)	n/a	n/a	n/a	n/a	n/a	n/a	n/a	n/a	n/a	72078.300000
72078.600000	119.733333	36039300	coarse_label		n/a	n/a	n/a	n/a	n/a	n/a	n/a	n/a	n/a	72078.600000
72198.333333	0.133333	36099167	coarse_label	Blocklist (Data break)	n/a	n/a	n/a	n/a	n/a	n/a	n/a	n/a	n/a	72198.333333
72198.466667	118.933333	36099233	coarse_label		n/a	n/a	n/a	n/a	n/a	n/a	n/a	n/a	n/a	72198.466667
72317.400000	0.166667	36158700	coarse_label	Blocklist (Data break)	n/a	n/a	n/a	n/a	n/a	n/a	n/a	n/a	n/a	72317.400000
72317.566667	121.500000	36158783	coarse_label		n/a	n/a	n/a	n/a	n/a	n/a	n/a	n/a	n/a	72317.566667
72439.066667	0.233333	36219533	coarse_label	Blocklist (Data break)	n/a	n/a	n/a	n/a	n/a	n/a	n/a	n/a	n/a	72439.066667
72439.300000	119.266667	36219650	coarse_label		n/a	n/a	n/a	n/a	n/a	n/a	n/a	n/a	n/a	72439.300000
72558.566667	0.233333	36279283	coarse_label	Blocklist (Data break)	n/a	n/a	n/a	n/a	n/a	n/a	n/a	n/a	n/a	72558.566667
72558.800000	121.500000	36279400	coarse_label		n/a	n/a	n/a	n/a	n/a	n/a	n/a	n/a	n/a	72558.800000
72680.300000	0.166667	36340150	coarse_label	Blocklist (Data break)	n/a	n/a	n/a	n/a	n/a	n/a	n/a	n/a	n/a	72680.300000
72680.466667	118.900000	36340233	coarse_label		n/a	n/a	n/a	n/a	n/a	n/a	n/a	n/a	n/a	72680.466667
72799.366667	0.200000	36399683	coarse_label	Blocklist (Data break)	n/a	n/a	n/a	n/a	n/a	n/a	n/a	n/a	n/a	72799.366667
72799.566667	118.100000	36399783	coarse_label		n/a	n/a	n/a	n/a	n/a	n/a	n/a	n/a	n/a	72799.566667
72917.666667	0.100000	36458833	coarse_label	Blocklist (Data break)	n/a	n/a	n/a	n/a	n/a	n/a	n/a	n/a	n/a	72917.666667
72917.766667	124.566667	36458883	coarse_label		n/a	n/a	n/a	n/a	n/a	n/a	n/a	n/a	n/a	72917.766667
73042.333333	0.100000	36521167	coarse_label	Blocklist (Data break)	n/a	n/a	n/a	n/a	n/a	n/a	n/a	n/a	n/a	73042.333333
73042.433333	115.600000	36521217	coarse_label		n/a	n/a	n/a	n/a	n/a	n/a	n/a	n/a	n/a	73042.433333
73158.033333	0.166667	36579017	coarse_label	Blocklist (Data break)	n/a	n/a	n/a	n/a	n/a	n/a	n/a	n/a	n/a	73158.033333
73158.200000	120.500000	36579100	coarse_label		n/a	n/a	n/a	n/a	n/a	n/a	n/a	n/a	n/a	73158.200000
73278.700000	0.200000	36639350	coarse_label	Blocklist (Data break)	n/a	n/a	n/a	n/a	n/a	n/a	n/a	n/a	n/a	73278.700000
73278.900000	119.133333	36639450	coarse_label		n/a	n/a	n/a	n/a	n/a	n/a	n/a	n/a	n/a	73278.900000
73398.033333	0.200000	36699017	coarse_label	Blocklist (Data break)	n/a	n/a	n/a	n/a	n/a	n/a	n/a	n/a	n/a	73398.033333
73398.233333	121.100000	36699117	coarse_label	Blocklist (Camera move/zoom)	n/a	n/a	n/a	n/a	n/a	n/a	n/a	n/a	n/a	73398.233333
73519.333333	0.133333	36759667	coarse_label	Blocklist (Data break)	n/a	n/a	n/a	n/a	n/a	n/a	n/a	n/a	n/a	73519.333333
73519.466667	118.200000	36759733	coarse_label		n/a	n/a	n/a	n/a	n/a	n/a	n/a	n/a	n/a	73519.466667
73637.666667	0.200000	36818833	coarse_label	Blocklist (Data break)	n/a	n/a	n/a	n/a	n/a	n/a	n/a	n/a	n/a	73637.666667
73637.866667	119.933333	36818933	coarse_label		n/a	n/a	n/a	n/a	n/a	n/a	n/a	n/a	n/a	73637.866667
73757.800000	0.066667	36878900	coarse_label	Blocklist (Data break)	n/a	n/a	n/a	n/a	n/a	n/a	n/a	n/a	n/a	73757.800000
73757.866667	120.933333	36878933	coarse_label		n/a	n/a	n/a	n/a	n/a	n/a	n/a	n/a	n/a	73757.866667
73826.066000	0.333333	36913033	reach_onset	n/a	r_wrist	136.775149	-158.513385	294.192839	0.457964	0.001268	0.000000	0.000000	73826.066000	73826.067000
73878.800000	0.066667	36939400	coarse_label	Blocklist (Data break)	n/a	n/a	n/a	n/a	n/a	n/a	n/a	n/a	n/a	73878.800000
73878.866667	119.366667	36939433	coarse_label		n/a	n/a	n/a	n/a	n/a	n/a	n/a	n/a	n/a	73878.866667
73998.233333	0.100000	36999117	coarse_label	Blocklist (Data break)	n/a	n/a	n/a	n/a	n/a	n/a	n/a	n/a	n/a	73998.233333
73998.333333	119.666667	36999167	coarse_label		n/a	n/a	n/a	n/a	n/a	n/a	n/a	n/a	n/a	73998.333333
74026.076000	0.733333	37013038	reach_onset	n/a	r_wrist	83.788144	-20.664559	179.043174	0.524752	0.054079	0.000000	0.000000	74026.076000	74026.076000
74057.342000	2.100000	37028671	reach_onset	n/a	r_wrist	154.944669	-141.651365	187.705688	0.545883	0.063774	1.700000	1.000000	74057.342000	74057.342000
74118.000000	0.133333	37059000	coarse_label	Blocklist (Data break)	n/a	n/a	n/a	n/a	n/a	n/a	n/a	n/a	n/a	74118.000000
74118.133333	119.700000	37059067	coarse_label		n/a	n/a	n/a	n/a	n/a	n/a	n/a	n/a	n/a	74118.133333
74237.833333	0.166667	37118917	coarse_label	Blocklist (Data break)	n/a	n/a	n/a	n/a	n/a	n/a	n/a	n/a	n/a	74237.833333
74238.000000	120.333333	37119000	coarse_label		n/a	n/a	n/a	n/a	n/a	n/a	n/a	n/a	n/a	74238.000000
74358.333333	0.133333	37179167	coarse_label	Blocklist (Data break)	n/a	n/a	n/a	n/a	n/a	n/a	n/a	n/a	n/a	74358.333333
74358.466667	118.866667	37179233	coarse_label		n/a	n/a	n/a	n/a	n/a	n/a	n/a	n/a	n/a	74358.466667
74465.078000	1.400000	37232539	reach_onset	n/a	r_wrist	77.377817	6.909764	107.734236	0.457100	0.325330	0.966667	1.000000	74465.078000	74465.079000
74477.333333	0.166667	37238667	coarse_label	Blocklist (Data break)	n/a	n/a	n/a	n/a	n/a	n/a	n/a	n/a	n/a	74477.333333
74477.500000	121.200000	37238750	coarse_label		n/a	n/a	n/a	n/a	n/a	n/a	n/a	n/a	n/a	74477.500000
74598.700000	0.233333	37299350	coarse_label	Blocklist (Data break)	n/a	n/a	n/a	n/a	n/a	n/a	n/a	n/a	n/a	74598.700000
74598.933333	118.266667	37299467	coarse_label		n/a	n/a	n/a	n/a	n/a	n/a	n/a	n/a	n/a	74598.933333
74717.200000	0.233333	37358600	coarse_label	Blocklist (Data break)	n/a	n/a	n/a	n/a	n/a	n/a	n/a	n/a	n/a	74717.200000
74717.433333	120.566667	37358717	coarse_label	Blocklist (Camera move/zoom)	n/a	n/a	n/a	n/a	n/a	n/a	n/a	n/a	n/a	74717.433333
74838.000000	0.233333	37419000	coarse_label	Blocklist (Data break)	n/a	n/a	n/a	n/a	n/a	n/a	n/a	n/a	n/a	74838.000000
74838.233333	120.833333	37419117	coarse_label		n/a	n/a	n/a	n/a	n/a	n/a	n/a	n/a	n/a	74838.233333
74959.066667	0.100000	37479533	coarse_label	Blocklist (Data break)	n/a	n/a	n/a	n/a	n/a	n/a	n/a	n/a	n/a	74959.066667
74959.166667	118.066667	37479583	coarse_label		n/a	n/a	n/a	n/a	n/a	n/a	n/a	n/a	n/a	74959.166667
75077.233333	0.066667	37538617	coarse_label	Blocklist (Data break)	n/a	n/a	n/a	n/a	n/a	n/a	n/a	n/a	n/a	75077.233333
75077.300000	121.500000	37538650	coarse_label		n/a	n/a	n/a	n/a	n/a	n/a	n/a	n/a	n/a	75077.300000
75198.800000	0.133333	37599400	coarse_label	Blocklist (Data break)	n/a	n/a	n/a	n/a	n/a	n/a	n/a	n/a	n/a	75198.800000
75198.933333	118.800000	37599467	coarse_label		n/a	n/a	n/a	n/a	n/a	n/a	n/a	n/a	n/a	75198.933333
75317.733333	0.166667	37658867	coarse_label	Blocklist (Data break)	n/a	n/a	n/a	n/a	n/a	n/a	n/a	n/a	n/a	75317.733333
75317.900000	119.366667	37658950	coarse_label		n/a	n/a	n/a	n/a	n/a	n/a	n/a	n/a	n/a	75317.900000
75437.266667	0.133333	37718633	coarse_label	Blocklist (Data break)	n/a	n/a	n/a	n/a	n/a	n/a	n/a	n/a	n/a	75437.266667
75437.400000	121.366667	37718700	coarse_label		n/a	n/a	n/a	n/a	n/a	n/a	n/a	n/a	n/a	75437.400000
75558.766667	0.166667	37779383	coarse_label	Blocklist (Data break)	n/a	n/a	n/a	n/a	n/a	n/a	n/a	n/a	n/a	75558.766667
75558.933333	120.433333	37779467	coarse_label		n/a	n/a	n/a	n/a	n/a	n/a	n/a	n/a	n/a	75558.933333
75679.366667	0.133333	37839683	coarse_label	Blocklist (Data break)	n/a	n/a	n/a	n/a	n/a	n/a	n/a	n/a	n/a	75679.366667
75679.500000	120.233333	37839750	coarse_label		n/a	n/a	n/a	n/a	n/a	n/a	n/a	n/a	n/a	75679.500000
75799.733333	0.166667	37899867	coarse_label	Blocklist (Data break)	n/a	n/a	n/a	n/a	n/a	n/a	n/a	n/a	n/a	75799.733333
75799.900000	118.400000	37899950	coarse_label		n/a	n/a	n/a	n/a	n/a	n/a	n/a	n/a	n/a	75799.900000
75918.300000	0.100000	37959150	coarse_label	Blocklist (Data break)	n/a	n/a	n/a	n/a	n/a	n/a	n/a	n/a	n/a	75918.300000
75918.400000	118.900000	37959200	coarse_label		n/a	n/a	n/a	n/a	n/a	n/a	n/a	n/a	n/a	75918.400000
76037.300000	0.100000	38018650	coarse_label	Blocklist (Data break)	n/a	n/a	n/a	n/a	n/a	n/a	n/a	n/a	n/a	76037.300000
76037.400000	121.600000	38018700	coarse_label		n/a	n/a	n/a	n/a	n/a	n/a	n/a	n/a	n/a	76037.400000
76159.000000	0.133333	38079500	coarse_label	Blocklist (Data break)	n/a	n/a	n/a	n/a	n/a	n/a	n/a	n/a	n/a	76159.000000
76159.133333	118.400000	38079567	coarse_label		n/a	n/a	n/a	n/a	n/a	n/a	n/a	n/a	n/a	76159.133333
76227.090000	0.833333	38113545	reach_onset	n/a	r_wrist	97.479841	-98.583634	380.283991	0.359119	0.494181	0.833333	1.000000	76227.090000	76227.090000
76277.533333	0.166667	38138767	coarse_label	Blocklist (Data break)	n/a	n/a	n/a	n/a	n/a	n/a	n/a	n/a	n/a	76277.533333
76277.700000	120.800000	38138850	coarse_label		n/a	n/a	n/a	n/a	n/a	n/a	n/a	n/a	n/a	76277.700000
76333.840000	0.300000	38166920	reach_onset	n/a	r_wrist	245.696972	-132.978459	520.238071	0.338898	0.000000	0.000000	1.000000	76333.840000	76333.841000
76398.500000	0.133333	38199250	coarse_label	Blocklist (Data break)	n/a	n/a	n/a	n/a	n/a	n/a	n/a	n/a	n/a	76398.500000
76398.633333	118.733333	38199317	coarse_label		n/a	n/a	n/a	n/a	n/a	n/a	n/a	n/a	n/a	76398.633333
76403.910000	1.033333	38201955	reach_onset	n/a	r_wrist	148.074853	136.103357	216.809875	0.301614	0.094477	0.500000	1.000000	76403.910000	76403.910000
76424.776000	0.633333	38212388	reach_onset	n/a	r_wrist	82.827388	-75.332663	201.896458	0.306912	0.248881	0.000000	1.000000	76424.776000	76424.777000
76437.776000	0.633333	38218888	reach_onset	n/a	r_wrist	126.780336	-79.923478	272.669471	0.313321	0.036562	0.366667	1.000000	76437.776000	76437.777000
76517.366667	0.100000	38258683	coarse_label	Blocklist (Data break)	n/a	n/a	n/a	n/a	n/a	n/a	n/a	n/a	n/a	76517.366667
76517.466667	121.833333	38258733	coarse_label		n/a	n/a	n/a	n/a	n/a	n/a	n/a	n/a	n/a	76517.466667
76581.994000	0.333333	38290997	reach_onset	n/a	r_wrist	110.981640	-2.815431	465.862515	0.295040	0.052787	0.000000	0.000000	76581.994000	76581.995000
76639.300000	0.166667	38319650	coarse_label	Blocklist (Data break)	n/a	n/a	n/a	n/a	n/a	n/a	n/a	n/a	n/a	76639.300000
76639.466667	118.100000	38319733	coarse_label		n/a	n/a	n/a	n/a	n/a	n/a	n/a	n/a	n/a	76639.466667
76649.916000	1.533333	38324958	reach_onset	n/a	r_wrist	151.628181	-97.215670	455.053495	0.245908	0.211714	1.333333	1.000000	76649.916000	76649.917000
76757.566667	0.166667	38378783	coarse_label	Blocklist (Data break)	n/a	n/a	n/a	n/a	n/a	n/a	n/a	n/a	n/a	76757.566667
76757.733333	120.400000	38378867	coarse_label		n/a	n/a	n/a	n/a	n/a	n/a	n/a	n/a	n/a	76757.733333
76878.133333	0.200000	38439067	coarse_label	Blocklist (Data break)	n/a	n/a	n/a	n/a	n/a	n/a	n/a	n/a	n/a	76878.133333
76878.333333	119.700000	38439167	coarse_label		n/a	n/a	n/a	n/a	n/a	n/a	n/a	n/a	n/a	76878.333333
76998.033333	0.133333	38499017	coarse_label	Blocklist (Data break)	n/a	n/a	n/a	n/a	n/a	n/a	n/a	n/a	n/a	76998.033333
76998.166667	120.300000	38499083	coarse_label		n/a	n/a	n/a	n/a	n/a	n/a	n/a	n/a	n/a	76998.166667
77053.028000	0.733333	38526514	reach_onset	n/a	r_wrist	110.394565	-96.628292	284.221963	0.233563	0.064552	0.000000	1.000000	77053.028000	77053.028000
77081.460000	1.533333	38540730	reach_onset	n/a	r_wrist	158.671993	140.132844	221.656203	0.229436	0.066398	0.233333	1.000000	77081.460000	77081.461000
77118.466667	0.066667	38559233	coarse_label	Blocklist (Data break)	n/a	n/a	n/a	n/a	n/a	n/a	n/a	n/a	n/a	77118.466667
77118.533333	119.666667	38559267	coarse_label		n/a	n/a	n/a	n/a	n/a	n/a	n/a	n/a	n/a	77118.533333
77238.200000	0.100000	38619100	coarse_label	Blocklist (Data break)	n/a	n/a	n/a	n/a	n/a	n/a	n/a	n/a	n/a	77238.200000
77238.300000	120.533333	38619150	coarse_label		n/a	n/a	n/a	n/a	n/a	n/a	n/a	n/a	n/a	77238.300000
77358.833333	0.166667	38679417	coarse_label	Blocklist (Data break)	n/a	n/a	n/a	n/a	n/a	n/a	n/a	n/a	n/a	77358.833333
77359.000000	118.900000	38679500	coarse_label		n/a	n/a	n/a	n/a	n/a	n/a	n/a	n/a	n/a	77359.000000
77397.446000	0.566667	38698723	reach_onset	n/a	r_wrist	104.033919	-105.835588	290.196284	0.190009	0.071530	0.266667	1.000000	77397.446000	77397.446000
77408.812000	1.133333	38704406	reach_onset	n/a	r_wrist	94.639990	-102.351485	247.524712	0.183704	0.010116	0.000000	0.000000	77408.812000	77408.813000
77425.246000	1.000000	38712623	reach_onset	n/a	r_wrist	98.342753	-101.437425	294.362976	0.174495	0.010232	0.200000	1.000000	77425.246000	77425.246000
77444.346000	0.966667	38722173	reach_onset	n/a	r_wrist	107.968866	-86.467123	323.990020	0.166510	0.028828	0.500000	1.000000	77444.346000	77444.346000
77453.652000	3.998000	38726826	nan_segment	n/a	n/a	n/a	n/a	n/a	n/a	n/a	n/a	n/a	n/a	n/a
77477.900000	0.166667	38738950	coarse_label	Blocklist (Data break)	n/a	n/a	n/a	n/a	n/a	n/a	n/a	n/a	n/a	77477.900000
77478.066667	119.366667	38739033	coarse_label		n/a	n/a	n/a	n/a	n/a	n/a	n/a	n/a	n/a	77478.066667
77483.252000	3.998000	38741626	nan_segment	n/a	n/a	n/a	n/a	n/a	n/a	n/a	n/a	n/a	n/a	n/a
77492.334000	3.998000	38746167	nan_segment	n/a	n/a	n/a	n/a	n/a	n/a	n/a	n/a	n/a	n/a	n/a
77500.042000	1.233333	38750021	reach_onset	n/a	r_wrist	96.237702	-113.728755	267.590423	0.146716	0.016313	0.000000	0.000000	77500.042000	77500.043000
77521.726000	4.000000	38760863	nan_segment	n/a	n/a	n/a	n/a	n/a	n/a	n/a	n/a	n/a	n/a	n/a
77532.064000	3.998000	38766032	nan_segment	n/a	n/a	n/a	n/a	n/a	n/a	n/a	n/a	n/a	n/a	n/a
77597.433333	0.133333	38798717	coarse_label	Blocklist (Data break)	n/a	n/a	n/a	n/a	n/a	n/a	n/a	n/a	n/a	77597.433333
77597.566667	120.266667	38798783	coarse_label		n/a	n/a	n/a	n/a	n/a	n/a	n/a	n/a	n/a	77597.566667
77717.833333	0.133333	38858917	coarse_label	Blocklist (Data break)	n/a	n/a	n/a	n/a	n/a	n/a	n/a	n/a	n/a	77717.833333
77717.966667	122.533333	38858983	coarse_label		n/a	n/a	n/a	n/a	n/a	n/a	n/a	n/a	n/a	77717.966667
77840.500000	0.100000	38920250	coarse_label	Blocklist (Data break)	n/a	n/a	n/a	n/a	n/a	n/a	n/a	n/a	n/a	77840.500000
77840.600000	116.966667	38920300	coarse_label		n/a	n/a	n/a	n/a	n/a	n/a	n/a	n/a	n/a	77840.600000
77859.380000	0.933333	38929690	reach_onset	n/a	r_wrist	94.589907	138.495625	192.556444	0.186008	0.201251	0.466667	1.000000	77859.380000	77859.381000
77957.566667	0.200000	38978783	coarse_label	Blocklist (Data break)	n/a	n/a	n/a	n/a	n/a	n/a	n/a	n/a	n/a	77957.566667
77957.766667	122.466667	38978883	coarse_label		n/a	n/a	n/a	n/a	n/a	n/a	n/a	n/a	n/a	77957.766667
78080.233333	0.100000	39040117	coarse_label	Blocklist (Data break)	n/a	n/a	n/a	n/a	n/a	n/a	n/a	n/a	n/a	78080.233333
78080.333333	116.800000	39040167	coarse_label		n/a	n/a	n/a	n/a	n/a	n/a	n/a	n/a	n/a	78080.333333
78197.133333	0.200000	39098567	coarse_label	Blocklist (Data break)	n/a	n/a	n/a	n/a	n/a	n/a	n/a	n/a	n/a	78197.133333
78197.333333	121.800000	39098667	coarse_label		n/a	n/a	n/a	n/a	n/a	n/a	n/a	n/a	n/a	78197.333333
78319.133333	0.166667	39159567	coarse_label	Blocklist (Data break)	n/a	n/a	n/a	n/a	n/a	n/a	n/a	n/a	n/a	78319.133333
78319.300000	118.566667	39159650	coarse_label		n/a	n/a	n/a	n/a	n/a	n/a	n/a	n/a	n/a	78319.300000
78437.866667	0.233333	39218933	coarse_label	Blocklist (Data break)	n/a	n/a	n/a	n/a	n/a	n/a	n/a	n/a	n/a	78437.866667
78438.100000	119.733333	39219050	coarse_label		n/a	n/a	n/a	n/a	n/a	n/a	n/a	n/a	n/a	78438.100000
78472.760000	0.900000	39236380	reach_onset	n/a	r_wrist	184.017052	-98.033090	306.885032	0.209371	0.418848	0.766667	1.000000	78472.760000	78472.760000
78557.833333	0.200000	39278917	coarse_label	Blocklist (Data break)	n/a	n/a	n/a	n/a	n/a	n/a	n/a	n/a	n/a	78557.833333
78558.033333	120.533333	39279017	coarse_label		n/a	n/a	n/a	n/a	n/a	n/a	n/a	n/a	n/a	78558.033333
78678.566667	0.200000	39339283	coarse_label	Blocklist (Data break)	n/a	n/a	n/a	n/a	n/a	n/a	n/a	n/a	n/a	78678.566667
78678.766667	120.566667	39339383	coarse_label		n/a	n/a	n/a	n/a	n/a	n/a	n/a	n/a	n/a	78678.766667
78799.333333	0.133333	39399667	coarse_label	Blocklist (Data break)	n/a	n/a	n/a	n/a	n/a	n/a	n/a	n/a	n/a	78799.333333
78799.466667	118.266667	39399733	coarse_label		n/a	n/a	n/a	n/a	n/a	n/a	n/a	n/a	n/a	78799.466667
78917.733333	0.166667	39458867	coarse_label	Blocklist (Data break)	n/a	n/a	n/a	n/a	n/a	n/a	n/a	n/a	n/a	78917.733333
78917.900000	119.200000	39458950	coarse_label		n/a	n/a	n/a	n/a	n/a	n/a	n/a	n/a	n/a	78917.900000
78993.038000	0.533333	39496519	reach_onset	n/a	r_wrist	79.360039	-131.909463	221.774901	0.328360	0.005299	0.000000	0.000000	78993.038000	78993.039000
79037.100000	0.233333	39518550	coarse_label	Blocklist (Data break)	n/a	n/a	n/a	n/a	n/a	n/a	n/a	n/a	n/a	79037.100000
79037.333333	120.266667	39518667	coarse_label		n/a	n/a	n/a	n/a	n/a	n/a	n/a	n/a	n/a	79037.333333
79157.600000	0.166667	39578800	coarse_label	Blocklist (Data break)	n/a	n/a	n/a	n/a	n/a	n/a	n/a	n/a	n/a	79157.600000
79157.766667	121.966667	39578883	coarse_label		n/a	n/a	n/a	n/a	n/a	n/a	n/a	n/a	n/a	79157.766667
79279.733333	0.100000	39639867	coarse_label	Blocklist (Data break)	n/a	n/a	n/a	n/a	n/a	n/a	n/a	n/a	n/a	79279.733333
79279.833333	119.500000	39639917	coarse_label		n/a	n/a	n/a	n/a	n/a	n/a	n/a	n/a	n/a	79279.833333
79399.333333	0.100000	39699667	coarse_label	Blocklist (Data break)	n/a	n/a	n/a	n/a	n/a	n/a	n/a	n/a	n/a	79399.333333
79399.433333	118.133333	39699717	coarse_label		n/a	n/a	n/a	n/a	n/a	n/a	n/a	n/a	n/a	79399.433333
79411.500000	1.133333	39705750	reach_onset	n/a	r_wrist	77.883747	-65.530557	151.115221	0.309782	0.102974	0.033333	1.000000	79411.500000	79411.501000
79517.566667	0.166667	39758783	coarse_label	Blocklist (Data break)	n/a	n/a	n/a	n/a	n/a	n/a	n/a	n/a	n/a	79517.566667
79517.733333	120.400000	39758867	coarse_label		n/a	n/a	n/a	n/a	n/a	n/a	n/a	n/a	n/a	79517.733333
79554.152000	0.766667	39777076	reach_onset	n/a	r_wrist	110.544142	-139.327923	412.093684	0.304357	0.039944	0.233333	1.000000	79554.152000	79554.152000
79568.752000	4.000000	39784376	nan_segment	n/a	n/a	n/a	n/a	n/a	n/a	n/a	n/a	n/a	n/a	n/a
79638.133333	0.100000	39819067	coarse_label	Blocklist (Data break)	n/a	n/a	n/a	n/a	n/a	n/a	n/a	n/a	n/a	79638.133333
79638.233333	119.900000	39819117	coarse_label		n/a	n/a	n/a	n/a	n/a	n/a	n/a	n/a	n/a	79638.233333
79736.038000	1.000000	39868019	reach_onset	n/a	r_wrist	142.828360	-141.536442	303.385724	0.397920	0.012830	0.000000	1.000000	79736.038000	79736.039000
79758.133333	0.066667	39879067	coarse_label	Blocklist (Data break)	n/a	n/a	n/a	n/a	n/a	n/a	n/a	n/a	n/a	79758.133333
79758.200000	119.133333	39879100	coarse_label		n/a	n/a	n/a	n/a	n/a	n/a	n/a	n/a	n/a	79758.200000
79877.333333	0.100000	39938667	coarse_label	Blocklist (Data break)	n/a	n/a	n/a	n/a	n/a	n/a	n/a	n/a	n/a	79877.333333
79877.433333	120.300000	39938717	coarse_label		n/a	n/a	n/a	n/a	n/a	n/a	n/a	n/a	n/a	79877.433333
79997.733333	0.200000	39998867	coarse_label	Blocklist (Data break)	n/a	n/a	n/a	n/a	n/a	n/a	n/a	n/a	n/a	79997.733333
79997.933333	121.266667	39998967	coarse_label		n/a	n/a	n/a	n/a	n/a	n/a	n/a	n/a	n/a	79997.933333
80119.200000	0.133333	40059600	coarse_label	Blocklist (Data break)	n/a	n/a	n/a	n/a	n/a	n/a	n/a	n/a	n/a	80119.200000
80119.333333	119.233333	40059667	coarse_label		n/a	n/a	n/a	n/a	n/a	n/a	n/a	n/a	n/a	80119.333333
80238.566667	0.066667	40119283	coarse_label	Blocklist (Data break)	n/a	n/a	n/a	n/a	n/a	n/a	n/a	n/a	n/a	80238.566667
80238.633333	118.966667	40119317	coarse_label		n/a	n/a	n/a	n/a	n/a	n/a	n/a	n/a	n/a	80238.633333
80357.600000	0.100000	40178800	coarse_label	Blocklist (Data break)	n/a	n/a	n/a	n/a	n/a	n/a	n/a	n/a	n/a	80357.600000
80357.700000	121.100000	40178850	coarse_label		n/a	n/a	n/a	n/a	n/a	n/a	n/a	n/a	n/a	80357.700000
80478.800000	0.133333	40239400	coarse_label	Blocklist (Data break)	n/a	n/a	n/a	n/a	n/a	n/a	n/a	n/a	n/a	80478.800000
80478.933333	119.933333	40239467	coarse_label		n/a	n/a	n/a	n/a	n/a	n/a	n/a	n/a	n/a	80478.933333
80598.866667	0.166667	40299433	coarse_label	Blocklist (Data break)	n/a	n/a	n/a	n/a	n/a	n/a	n/a	n/a	n/a	80598.866667
80599.033333	118.666667	40299517	coarse_label		n/a	n/a	n/a	n/a	n/a	n/a	n/a	n/a	n/a	80599.033333
80717.700000	0.166667	40358850	coarse_label	Blocklist (Data break)	n/a	n/a	n/a	n/a	n/a	n/a	n/a	n/a	n/a	80717.700000
80717.866667	119.900000	40358933	coarse_label		n/a	n/a	n/a	n/a	n/a	n/a	n/a	n/a	n/a	80717.866667
80771.684000	0.466667	40385842	reach_onset	n/a	r_wrist	43.023257	5.192028	119.328076	0.346623	0.128166	0.100000	1.000000	80771.684000	80771.684000
80837.766667	0.233333	40418883	coarse_label	Blocklist (Data break)	n/a	n/a	n/a	n/a	n/a	n/a	n/a	n/a	n/a	80837.766667
80838.000000	119.566667	40419000	coarse_label	Blocklist (Private time)	n/a	n/a	n/a	n/a	n/a	n/a	n/a	n/a	n/a	80838.000000
80957.566667	0.066667	40478783	coarse_label	Blocklist (Data break)	n/a	n/a	n/a	n/a	n/a	n/a	n/a	n/a	n/a	80957.566667
80957.633333	120.266667	40478817	coarse_label	Blocklist (Private time)	n/a	n/a	n/a	n/a	n/a	n/a	n/a	n/a	n/a	80957.633333
81077.900000	0.166667	40538950	coarse_label	Blocklist (Data break)	n/a	n/a	n/a	n/a	n/a	n/a	n/a	n/a	n/a	81077.900000
81078.066667	121.133333	40539033	coarse_label	Blocklist (Private time)	n/a	n/a	n/a	n/a	n/a	n/a	n/a	n/a	n/a	81078.066667
81199.200000	0.200000	40599600	coarse_label	Blocklist (Data break)	n/a	n/a	n/a	n/a	n/a	n/a	n/a	n/a	n/a	81199.200000
81199.400000	117.833333	40599700	coarse_label	Blocklist (Private time)	n/a	n/a	n/a	n/a	n/a	n/a	n/a	n/a	n/a	81199.400000
81317.233333	0.066667	40658617	coarse_label	Blocklist (Data break)	n/a	n/a	n/a	n/a	n/a	n/a	n/a	n/a	n/a	81317.233333
81317.300000	122.000000	40658650	coarse_label		n/a	n/a	n/a	n/a	n/a	n/a	n/a	n/a	n/a	81317.300000
81353.738000	4.002000	40676869	nan_segment	n/a	n/a	n/a	n/a	n/a	n/a	n/a	n/a	n/a	n/a	n/a
81376.366000	0.600000	40688183	reach_onset	n/a	r_wrist	56.310938	-159.441689	107.576898	0.295211	0.119268	0.166667	1.000000	81376.366000	81376.366000
81439.300000	0.100000	40719650	coarse_label	Blocklist (Data break)	n/a	n/a	n/a	n/a	n/a	n/a	n/a	n/a	n/a	81439.300000
81439.400000	119.866667	40719700	coarse_label		n/a	n/a	n/a	n/a	n/a	n/a	n/a	n/a	n/a	81439.400000
81559.266667	0.133333	40779633	coarse_label	Blocklist (Data break)	n/a	n/a	n/a	n/a	n/a	n/a	n/a	n/a	n/a	81559.266667
81559.400000	119.766667	40779700	coarse_label		n/a	n/a	n/a	n/a	n/a	n/a	n/a	n/a	n/a	81559.400000
81679.166667	0.166667	40839583	coarse_label	Blocklist (Data break)	n/a	n/a	n/a	n/a	n/a	n/a	n/a	n/a	n/a	81679.166667
81679.333333	117.866667	40839667	coarse_label		n/a	n/a	n/a	n/a	n/a	n/a	n/a	n/a	n/a	81679.333333
81797.200000	0.133333	40898600	coarse_label	Blocklist (Data break)	n/a	n/a	n/a	n/a	n/a	n/a	n/a	n/a	n/a	81797.200000
81797.333333	121.833333	40898667	coarse_label		n/a	n/a	n/a	n/a	n/a	n/a	n/a	n/a	n/a	81797.333333
81919.166667	0.166667	40959583	coarse_label	Blocklist (Data break)	n/a	n/a	n/a	n/a	n/a	n/a	n/a	n/a	n/a	81919.166667
81919.333333	118.600000	40959667	coarse_label		n/a	n/a	n/a	n/a	n/a	n/a	n/a	n/a	n/a	81919.333333
82037.933333	0.100000	41018967	coarse_label	Blocklist (Data break)	n/a	n/a	n/a	n/a	n/a	n/a	n/a	n/a	n/a	82037.933333
82038.033333	120.866667	41019017	coarse_label		n/a	n/a	n/a	n/a	n/a	n/a	n/a	n/a	n/a	82038.033333
82158.900000	0.066667	41079450	coarse_label	Blocklist (Data break)	n/a	n/a	n/a	n/a	n/a	n/a	n/a	n/a	n/a	82158.900000
82158.966667	118.166667	41079483	coarse_label		n/a	n/a	n/a	n/a	n/a	n/a	n/a	n/a	n/a	82158.966667
82277.133333	0.166667	41138567	coarse_label	Blocklist (Data break)	n/a	n/a	n/a	n/a	n/a	n/a	n/a	n/a	n/a	82277.133333
82277.300000	120.166667	41138650	coarse_label		n/a	n/a	n/a	n/a	n/a	n/a	n/a	n/a	n/a	82277.300000
82397.466667	0.166667	41198733	coarse_label	Blocklist (Data break)	n/a	n/a	n/a	n/a	n/a	n/a	n/a	n/a	n/a	82397.466667
82397.633333	120.300000	41198817	coarse_label		n/a	n/a	n/a	n/a	n/a	n/a	n/a	n/a	n/a	82397.633333
82469.474000	1.000000	41234737	reach_onset	n/a	r_wrist	162.356618	-60.321197	379.208439	0.444445	0.301863	1.000000	1.000000	82469.474000	82469.474000
82517.933333	0.066667	41258967	coarse_label	Blocklist (Data break)	n/a	n/a	n/a	n/a	n/a	n/a	n/a	n/a	n/a	82517.933333
82518.000000	119.866667	41259000	coarse_label		n/a	n/a	n/a	n/a	n/a	n/a	n/a	n/a	n/a	82518.000000
82637.866667	0.300000	41318933	coarse_label	Blocklist (Data break)	n/a	n/a	n/a	n/a	n/a	n/a	n/a	n/a	n/a	82637.866667
82638.166667	121.066667	41319083	coarse_label		n/a	n/a	n/a	n/a	n/a	n/a	n/a	n/a	n/a	82638.166667
82759.233333	0.166667	41379617	coarse_label	Blocklist (Data break)	n/a	n/a	n/a	n/a	n/a	n/a	n/a	n/a	n/a	82759.233333
82759.400000	119.833333	41379700	coarse_label		n/a	n/a	n/a	n/a	n/a	n/a	n/a	n/a	n/a	82759.400000
82806.362000	4.000000	41403181	nan_segment	n/a	n/a	n/a	n/a	n/a	n/a	n/a	n/a	n/a	n/a	n/a
82828.578000	7.716000	41414289	nan_segment	n/a	n/a	n/a	n/a	n/a	n/a	n/a	n/a	n/a	n/a	n/a
82879.233333	0.166667	41439617	coarse_label	Blocklist (Data break)	n/a	n/a	n/a	n/a	n/a	n/a	n/a	n/a	n/a	82879.233333
82879.400000	118.266667	41439700	coarse_label		n/a	n/a	n/a	n/a	n/a	n/a	n/a	n/a	n/a	82879.400000
82997.666667	0.166667	41498833	coarse_label	Blocklist (Data break)	n/a	n/a	n/a	n/a	n/a	n/a	n/a	n/a	n/a	82997.666667
82997.833333	120.066667	41498917	coarse_label		n/a	n/a	n/a	n/a	n/a	n/a	n/a	n/a	n/a	82997.833333
83104.154000	0.700000	41552077	reach_onset	n/a	r_wrist	71.182346	-74.377917	155.878782	0.449867	0.035008	0.066667	1.000000	83104.154000	83104.155000
83117.900000	0.166667	41558950	coarse_label	Blocklist (Data break)	n/a	n/a	n/a	n/a	n/a	n/a	n/a	n/a	n/a	83117.900000
83118.066667	119.566667	41559033	coarse_label		n/a	n/a	n/a	n/a	n/a	n/a	n/a	n/a	n/a	83118.066667
83146.314000	3.998000	41573157	nan_segment	n/a	n/a	n/a	n/a	n/a	n/a	n/a	n/a	n/a	n/a	n/a
83192.926000	0.733333	41596463	reach_onset	n/a	r_wrist	73.939355	-66.336772	125.956260	0.494517	0.024322	0.000000	0.000000	83192.926000	83192.926000
83207.698000	3.998000	41603849	nan_segment	n/a	n/a	n/a	n/a	n/a	n/a	n/a	n/a	n/a	n/a	n/a
83230.342000	3.998000	41615171	nan_segment	n/a	n/a	n/a	n/a	n/a	n/a	n/a	n/a	n/a	n/a	n/a
83237.633333	0.133333	41618817	coarse_label	Blocklist (Data break)	n/a	n/a	n/a	n/a	n/a	n/a	n/a	n/a	n/a	83237.633333
83237.766667	119.700000	41618883	coarse_label		n/a	n/a	n/a	n/a	n/a	n/a	n/a	n/a	n/a	83237.766667
83357.466667	0.233333	41678733	coarse_label	Blocklist (Data break)	n/a	n/a	n/a	n/a	n/a	n/a	n/a	n/a	n/a	83357.466667
83357.700000	121.400000	41678850	coarse_label		n/a	n/a	n/a	n/a	n/a	n/a	n/a	n/a	n/a	83357.700000
83479.100000	0.266667	41739550	coarse_label	Blocklist (Data break)	n/a	n/a	n/a	n/a	n/a	n/a	n/a	n/a	n/a	83479.100000
83479.366667	118.033333	41739683	coarse_label		n/a	n/a	n/a	n/a	n/a	n/a	n/a	n/a	n/a	83479.366667
83597.400000	0.133333	41798700	coarse_label	Blocklist (Data break)	n/a	n/a	n/a	n/a	n/a	n/a	n/a	n/a	n/a	83597.400000
83597.533333	120.466667	41798767	coarse_label		n/a	n/a	n/a	n/a	n/a	n/a	n/a	n/a	n/a	83597.533333
83718.000000	0.266667	41859000	coarse_label	Blocklist (Data break)	n/a	n/a	n/a	n/a	n/a	n/a	n/a	n/a	n/a	83718.000000
83718.266667	119.500000	41859133	coarse_label		n/a	n/a	n/a	n/a	n/a	n/a	n/a	n/a	n/a	83718.266667
83837.766667	0.166667	41918883	coarse_label	Blocklist (Data break)	n/a	n/a	n/a	n/a	n/a	n/a	n/a	n/a	n/a	83837.766667
83837.933333	119.300000	41918967	coarse_label		n/a	n/a	n/a	n/a	n/a	n/a	n/a	n/a	n/a	83837.933333
83957.233333	0.300000	41978617	coarse_label	Blocklist (Data break)	n/a	n/a	n/a	n/a	n/a	n/a	n/a	n/a	n/a	83957.233333
83957.533333	120.333333	41978767	coarse_label		n/a	n/a	n/a	n/a	n/a	n/a	n/a	n/a	n/a	83957.533333
84035.112000	0.900000	42017556	reach_onset	n/a	r_wrist	91.293697	-86.080837	104.226222	0.308877	0.500565	0.900000	1.000000	84035.112000	84035.113000
84077.866667	0.166667	42038933	coarse_label	Blocklist (Data break)	n/a	n/a	n/a	n/a	n/a	n/a	n/a	n/a	n/a	84077.866667
84078.033333	119.600000	42039017	coarse_label		n/a	n/a	n/a	n/a	n/a	n/a	n/a	n/a	n/a	84078.033333
84090.240000	0.566667	42045120	reach_onset	n/a	r_wrist	53.716529	-108.586048	169.004202	0.311120	0.074236	0.100000	1.000000	84090.240000	84090.239000
84096.272000	1.166667	42048136	reach_onset	n/a	r_wrist	62.984646	52.841848	163.364407	0.310828	0.000000	0.933333	1.000000	84096.272000	84096.273000
84157.738000	1.000000	42078869	reach_onset	n/a	r_wrist	94.761631	-40.028919	116.304999	0.310503	0.151940	0.366667	1.000000	84157.738000	84157.739000
84197.633333	0.133333	42098817	coarse_label	Blocklist (Data break)	n/a	n/a	n/a	n/a	n/a	n/a	n/a	n/a	n/a	84197.633333
84197.766667	120.533333	42098883	coarse_label		n/a	n/a	n/a	n/a	n/a	n/a	n/a	n/a	n/a	84197.766667
84318.300000	0.166667	42159150	coarse_label	Blocklist (Data break)	n/a	n/a	n/a	n/a	n/a	n/a	n/a	n/a	n/a	84318.300000
84318.466667	118.633333	42159233	coarse_label		n/a	n/a	n/a	n/a	n/a	n/a	n/a	n/a	n/a	84318.466667
84437.100000	0.133333	42218550	coarse_label	Blocklist (Data break)	n/a	n/a	n/a	n/a	n/a	n/a	n/a	n/a	n/a	84437.100000
84437.233333	121.666667	42218617	coarse_label		n/a	n/a	n/a	n/a	n/a	n/a	n/a	n/a	n/a	84437.233333
84558.900000	0.200000	42279450	coarse_label	Blocklist (Data break)	n/a	n/a	n/a	n/a	n/a	n/a	n/a	n/a	n/a	84558.900000
84559.100000	120.366667	42279550	coarse_label		n/a	n/a	n/a	n/a	n/a	n/a	n/a	n/a	n/a	84559.100000
84679.466667	0.066667	42339733	coarse_label	Blocklist (Data break)	n/a	n/a	n/a	n/a	n/a	n/a	n/a	n/a	n/a	84679.466667
84679.533333	118.066667	42339767	coarse_label		n/a	n/a	n/a	n/a	n/a	n/a	n/a	n/a	n/a	84679.533333
84797.600000	0.200000	42398800	coarse_label	Blocklist (Data break)	n/a	n/a	n/a	n/a	n/a	n/a	n/a	n/a	n/a	84797.600000
84797.800000	120.600000	42398900	coarse_label		n/a	n/a	n/a	n/a	n/a	n/a	n/a	n/a	n/a	84797.800000
84918.400000	0.166667	42459200	coarse_label	Blocklist (Data break)	n/a	n/a	n/a	n/a	n/a	n/a	n/a	n/a	n/a	84918.400000
84918.566667	120.433333	42459283	coarse_label		n/a	n/a	n/a	n/a	n/a	n/a	n/a	n/a	n/a	84918.566667
85039.000000	0.166667	42519500	coarse_label	Blocklist (Data break)	n/a	n/a	n/a	n/a	n/a	n/a	n/a	n/a	n/a	85039.000000
85039.166667	118.400000	42519583	coarse_label		n/a	n/a	n/a	n/a	n/a	n/a	n/a	n/a	n/a	85039.166667
85157.566667	0.066667	42578783	coarse_label	Blocklist (Data break)	n/a	n/a	n/a	n/a	n/a	n/a	n/a	n/a	n/a	85157.566667
85157.633333	120.566667	42578817	coarse_label		n/a	n/a	n/a	n/a	n/a	n/a	n/a	n/a	n/a	85157.633333
85278.200000	0.133333	42639100	coarse_label	Blocklist (Data break)	n/a	n/a	n/a	n/a	n/a	n/a	n/a	n/a	n/a	85278.200000
85278.333333	119.366667	42639167	coarse_label		n/a	n/a	n/a	n/a	n/a	n/a	n/a	n/a	n/a	85278.333333
85397.700000	0.166667	42698850	coarse_label	Blocklist (Data break)	n/a	n/a	n/a	n/a	n/a	n/a	n/a	n/a	n/a	85397.700000
85397.866667	119.900000	42698933	coarse_label		n/a	n/a	n/a	n/a	n/a	n/a	n/a	n/a	n/a	85397.866667
85517.766667	0.200000	42758883	coarse_label	Blocklist (Data break)	n/a	n/a	n/a	n/a	n/a	n/a	n/a	n/a	n/a	85517.766667
85517.966667	119.166667	42758983	coarse_label		n/a	n/a	n/a	n/a	n/a	n/a	n/a	n/a	n/a	85517.966667
85558.504000	0.766667	42779252	reach_onset	n/a	r_wrist	81.402478	-112.823815	137.354101	0.224312	0.316000	0.766667	1.000000	85558.504000	85558.504000
85637.133333	0.133333	42818567	coarse_label	Blocklist (Data break)	n/a	n/a	n/a	n/a	n/a	n/a	n/a	n/a	n/a	85637.133333
85637.266667	120.366667	42818633	coarse_label		n/a	n/a	n/a	n/a	n/a	n/a	n/a	n/a	n/a	85637.266667
85757.633333	0.100000	42878817	coarse_label	Blocklist (Data break)	n/a	n/a	n/a	n/a	n/a	n/a	n/a	n/a	n/a	85757.633333
85757.733333	120.733333	42878867	coarse_label		n/a	n/a	n/a	n/a	n/a	n/a	n/a	n/a	n/a	85757.733333
85878.466667	0.166667	42939233	coarse_label	Blocklist (Data break)	n/a	n/a	n/a	n/a	n/a	n/a	n/a	n/a	n/a	85878.466667
85878.633333	119.300000	42939317	coarse_label		n/a	n/a	n/a	n/a	n/a	n/a	n/a	n/a	n/a	85878.633333
85939.312000	0.500000	42969656	reach_onset	n/a	r_wrist	44.940459	-160.857254	177.839320	0.170584	0.564260	0.500000	1.000000	85939.312000	85939.313000
85997.933333	0.100000	42998967	coarse_label	Blocklist (Data break)	n/a	n/a	n/a	n/a	n/a	n/a	n/a	n/a	n/a	85997.933333
85998.033333	120.333333	42999017	coarse_label		n/a	n/a	n/a	n/a	n/a	n/a	n/a	n/a	n/a	85998.033333
86118.366667	0.233333	43059183	coarse_label	Blocklist (Data break)	n/a	n/a	n/a	n/a	n/a	n/a	n/a	n/a	n/a	86118.366667
86118.600000	118.700000	43059300	coarse_label		n/a	n/a	n/a	n/a	n/a	n/a	n/a	n/a	n/a	86118.600000
86219.452000	1.333333	43109726	reach_onset	n/a	r_wrist	60.826144	148.298463	163.859382	0.121809	0.198608	0.900000	1.000000	86219.452000	86219.453000
86237.300000	0.166667	43118650	coarse_label	Blocklist (Data break)	n/a	n/a	n/a	n/a	n/a	n/a	n/a	n/a	n/a	86237.300000
86237.466667	120.000000	43118733	coarse_label		n/a	n/a	n/a	n/a	n/a	n/a	n/a	n/a	n/a	86237.466667
86357.466667	42.533333	43178733	coarse_label	Blocklist (Data break)	n/a	n/a	n/a	n/a	n/a	n/a	n/a	n/a	n/a	86357.466667
