onset	duration	sample	trial_type	coarse_label	wrist	reach_magnitude_px	reach_angle_degrees	onset_speed_px_per_sec	speech_ratio	bimanual_ratio	bimanual_overlap	bimanual_class	source_ecog_time	source_time_of_day
0.000000	15.866667	0	coarse_label	Blocklist (Data break)	n/a	n/a	n/a	n/a	n/a	n/a	n/a	n/a	n/a	0.000000
15.866667	121.333333	7933	coarse_label	Computer/phone	n/a	n/a	n/a	n/a	n/a	n/a	n/a	n/a	n/a	15.866667
137.200000	0.100000	68600	coarse_label	Blocklist (Data break)	n/a	n/a	n/a	n/a	n/a	n/a	n/a	n/a	n/a	137.200000
137.300000	121.566667	68650	coarse_label	Computer/phone	n/a	n/a	n/a	n/a	n/a	n/a	n/a	n/a	n/a	137.300000
258.866667	0.166667	129433	coarse_label	Blocklist (Data break)	n/a	n/a	n/a	n/a	n/a	n/a	n/a	n/a	n/a	258.866667
259.033333	119.300000	129517	coarse_label	Talk	n/a	n/a	n/a	n/a	n/a	n/a	n/a	n/a	n/a	259.033333
349.096000	0.600000	174548	reach_onset	n/a	r_wrist	129.255291	153.922111	277.292422	0.277828	0.058799	0.000000	0.000000	349.096000	349.096000
357.328000	1.000000	178664	reach_onset	n/a	r_wrist	157.093448	143.920066	173.464607	0.262430	0.032168	0.000000	0.000000	357.328000	357.329000
378.333333	0.200000	189167	coarse_label	Blocklist (Data break)	n/a	n/a	n/a	n/a	n/a	n/a	n/a	n/a	n/a	378.333333
378.533333	116.966667	189267	coarse_label	Eat, Talk	n/a	n/a	n/a	n/a	n/a	n/a	n/a	n/a	n/a	378.533333
495.500000	0.166667	247750	coarse_label	Blocklist (Data break)	n/a	n/a	n/a	n/a	n/a	n/a	n/a	n/a	n/a	495.500000
495.666667	121.866667	247833	coarse_label	Inactive	n/a	n/a	n/a	n/a	n/a	n/a	n/a	n/a	n/a	495.666667
617.533333	0.266667	308767	coarse_label	Blocklist (Data break)	n/a	n/a	n/a	n/a	n/a	n/a	n/a	n/a	n/a	617.533333
617.800000	121.100000	308900	coarse_label	Talk	n/a	n/a	n/a	n/a	n/a	n/a	n/a	n/a	n/a	617.800000
738.900000	0.300000	369450	coarse_label	Blocklist (Data break)	n/a	n/a	n/a	n/a	n/a	n/a	n/a	n/a	n/a	738.900000
739.200000	118.933333	369600	coarse_label	Talk	n/a	n/a	n/a	n/a	n/a	n/a	n/a	n/a	n/a	739.200000
858.133333	0.133333	429067	coarse_label	Blocklist (Data break)	n/a	n/a	n/a	n/a	n/a	n/a	n/a	n/a	n/a	858.133333
858.266667	118.900000	429133	coarse_label	Talk	n/a	n/a	n/a	n/a	n/a	n/a	n/a	n/a	n/a	858.266667
977.166667	0.233333	488583	coarse_label	Blocklist (Data break)	n/a	n/a	n/a	n/a	n/a	n/a	n/a	n/a	n/a	977.166667
977.400000	119.066667	488700	coarse_label	Talk	n/a	n/a	n/a	n/a	n/a	n/a	n/a	n/a	n/a	977.400000
1096.466667	0.133333	548233	coarse_label	Blocklist (Data break)	n/a	n/a	n/a	n/a	n/a	n/a	n/a	n/a	n/a	1096.466667
1096.600000	119.766667	548300	coarse_label	Computer/phone	n/a	n/a	n/a	n/a	n/a	n/a	n/a	n/a	n/a	1096.600000
1216.366667	0.100000	608183	coarse_label	Blocklist (Data break)	n/a	n/a	n/a	n/a	n/a	n/a	n/a	n/a	n/a	1216.366667
1216.466667	119.400000	608233	coarse_label	Computer/phone	n/a	n/a	n/a	n/a	n/a	n/a	n/a	n/a	n/a	1216.466667
1335.866667	0.100000	667933	coarse_label	Blocklist (Data break)	n/a	n/a	n/a	n/a	n/a	n/a	n/a	n/a	n/a	1335.866667
1335.966667	120.200000	667983	coarse_label	Sleep/rest	n/a	n/a	n/a	n/a	n/a	n/a	n/a	n/a	n/a	1335.966667
1456.166667	0.166667	728083	coarse_label	Blocklist (Data break)	n/a	n/a	n/a	n/a	n/a	n/a	n/a	n/a	n/a	1456.166667
1456.333333	121.300000	728167	coarse_label	Sleep/rest	n/a	n/a	n/a	n/a	n/a	n/a	n/a	n/a	n/a	1456.333333
1577.633333	0.200000	788817	coarse_label	Blocklist (Data break)	n/a	n/a	n/a	n/a	n/a	n/a	n/a	n/a	n/a	1577.633333
1577.833333	117.900000	788917	coarse_label	Sleep/rest	n/a	n/a	n/a	n/a	n/a	n/a	n/a	n/a	n/a	1577.833333
1695.733333	0.200000	847867	coarse_label	Blocklist (Data break)	n/a	n/a	n/a	n/a	n/a	n/a	n/a	n/a	n/a	1695.733333
1695.933333	122.466667	847967	coarse_label	Sleep/rest	n/a	n/a	n/a	n/a	n/a	n/a	n/a	n/a	n/a	1695.933333
1818.400000	0.100000	909200	coarse_label	Blocklist (Data break)	n/a	n/a	n/a	n/a	n/a	n/a	n/a	n/a	n/a	1818.400000
1818.500000	117.900000	909250	coarse_label	Sleep/rest	n/a	n/a	n/a	n/a	n/a	n/a	n/a	n/a	n/a	1818.500000
1936.400000	0.166667	968200	coarse_label	Blocklist (Data break)	n/a	n/a	n/a	n/a	n/a	n/a	n/a	n/a	n/a	1936.400000
1936.566667	121.366667	968283	coarse_label	Sleep/rest	n/a	n/a	n/a	n/a	n/a	n/a	n/a	n/a	n/a	1936.566667
2057.933333	0.133333	1028967	coarse_label	Blocklist (Data break)	n/a	n/a	n/a	n/a	n/a	n/a	n/a	n/a	n/a	2057.933333
2058.066667	120.300000	1029033	coarse_label	Sleep/rest	n/a	n/a	n/a	n/a	n/a	n/a	n/a	n/a	n/a	2058.066667
2178.366667	0.100000	1089183	coarse_label	Blocklist (Data break)	n/a	n/a	n/a	n/a	n/a	n/a	n/a	n/a	n/a	2178.366667
2178.466667	117.900000	1089233	coarse_label	Sleep/rest	n/a	n/a	n/a	n/a	n/a	n/a	n/a	n/a	n/a	2178.466667
2296.366667	0.200000	1148183	coarse_label	Blocklist (Data break)	n/a	n/a	n/a	n/a	n/a	n/a	n/a	n/a	n/a	2296.366667
2296.566667	118.933333	1148283	coarse_label	Sleep/rest	n/a	n/a	n/a	n/a	n/a	n/a	n/a	n/a	n/a	2296.566667
2415.500000	0.266667	1207750	coarse_label	Blocklist (Data break)	n/a	n/a	n/a	n/a	n/a	n/a	n/a	n/a	n/a	2415.500000
2415.766667	120.300000	1207883	coarse_label	Sleep/rest	n/a	n/a	n/a	n/a	n/a	n/a	n/a	n/a	n/a	2415.766667
2536.066667	0.066667	1268033	coarse_label	Blocklist (Data break)	n/a	n/a	n/a	n/a	n/a	n/a	n/a	n/a	n/a	2536.066667
2536.133333	120.100000	1268067	coarse_label	Sleep/rest	n/a	n/a	n/a	n/a	n/a	n/a	n/a	n/a	n/a	2536.133333
2656.233333	0.233333	1328117	coarse_label	Blocklist (Data break)	n/a	n/a	n/a	n/a	n/a	n/a	n/a	n/a	n/a	2656.233333
2656.466667	119.100000	1328233	coarse_label	Sleep/rest	n/a	n/a	n/a	n/a	n/a	n/a	n/a	n/a	n/a	2656.466667
2775.566667	0.100000	1387783	coarse_label	Blocklist (Data break)	n/a	n/a	n/a	n/a	n/a	n/a	n/a	n/a	n/a	2775.566667
2775.666667	121.400000	1387833	coarse_label	Sleep/rest	n/a	n/a	n/a	n/a	n/a	n/a	n/a	n/a	n/a	2775.666667
2897.066667	0.200000	1448533	coarse_label	Blocklist (Data break)	n/a	n/a	n/a	n/a	n/a	n/a	n/a	n/a	n/a	2897.066667
2897.266667	120.233333	1448633	coarse_label	Sleep/rest	n/a	n/a	n/a	n/a	n/a	n/a	n/a	n/a	n/a	2897.266667
3017.500000	0.200000	1508750	coarse_label	Blocklist (Data break)	n/a	n/a	n/a	n/a	n/a	n/a	n/a	n/a	n/a	3017.500000
3017.700000	118.000000	1508850	coarse_label	Sleep/rest	n/a	n/a	n/a	n/a	n/a	n/a	n/a	n/a	n/a	3017.700000
3135.700000	0.066667	1567850	coarse_label	Blocklist (Data break)	n/a	n/a	n/a	n/a	n/a	n/a	n/a	n/a	n/a	3135.700000
3135.766667	121.166667	1567883	coarse_label	Sleep/rest	n/a	n/a	n/a	n/a	n/a	n/a	n/a	n/a	n/a	3135.766667
3256.933333	0.300000	1628467	coarse_label	Blocklist (Data break)	n/a	n/a	n/a	n/a	n/a	n/a	n/a	n/a	n/a	3256.933333
3257.233333	118.966667	1628617	coarse_label	Sleep/rest	n/a	n/a	n/a	n/a	n/a	n/a	n/a	n/a	n/a	3257.233333
3376.200000	0.200000	1688100	coarse_label	Blocklist (Data break)	n/a	n/a	n/a	n/a	n/a	n/a	n/a	n/a	n/a	3376.200000
3376.400000	119.033333	1688200	coarse_label	Sleep/rest	n/a	n/a	n/a	n/a	n/a	n/a	n/a	n/a	n/a	3376.400000
3495.433333	0.233333	1747717	coarse_label	Blocklist (Data break)	n/a	n/a	n/a	n/a	n/a	n/a	n/a	n/a	n/a	3495.433333
3495.666667	121.066667	1747833	coarse_label	Computer/phone	n/a	n/a	n/a	n/a	n/a	n/a	n/a	n/a	n/a	3495.666667
3616.733333	0.233333	1808367	coarse_label	Blocklist (Data break)	n/a	n/a	n/a	n/a	n/a	n/a	n/a	n/a	n/a	3616.733333
3616.966667	119.100000	1808483	coarse_label	Computer/phone	n/a	n/a	n/a	n/a	n/a	n/a	n/a	n/a	n/a	3616.966667
3736.066667	0.100000	1868033	coarse_label	Blocklist (Data break)	n/a	n/a	n/a	n/a	n/a	n/a	n/a	n/a	n/a	3736.066667
3736.166667	121.000000	1868083	coarse_label	Other activity	n/a	n/a	n/a	n/a	n/a	n/a	n/a	n/a	n/a	3736.166667
3857.166667	0.100000	1928583	coarse_label	Blocklist (Data break)	n/a	n/a	n/a	n/a	n/a	n/a	n/a	n/a	n/a	3857.166667
3857.266667	118.500000	1928633	coarse_label	Sleep/rest	n/a	n/a	n/a	n/a	n/a	n/a	n/a	n/a	n/a	3857.266667
3975.766667	0.200000	1987883	coarse_label	Blocklist (Data break)	n/a	n/a	n/a	n/a	n/a	n/a	n/a	n/a	n/a	3975.766667
3975.966667	119.800000	1987983	coarse_label	Sleep/rest	n/a	n/a	n/a	n/a	n/a	n/a	n/a	n/a	n/a	3975.966667
4095.766667	0.100000	2047883	coarse_label	Blocklist (Data break)	n/a	n/a	n/a	n/a	n/a	n/a	n/a	n/a	n/a	4095.766667
4095.866667	119.666667	2047933	coarse_label	Sleep/rest	n/a	n/a	n/a	n/a	n/a	n/a	n/a	n/a	n/a	4095.866667
4215.533333	0.166667	2107767	coarse_label	Blocklist (Data break)	n/a	n/a	n/a	n/a	n/a	n/a	n/a	n/a	n/a	4215.533333
4215.700000	119.833333	2107850	coarse_label	Sleep/rest	n/a	n/a	n/a	n/a	n/a	n/a	n/a	n/a	n/a	4215.700000
4335.533333	0.100000	2167767	coarse_label	Blocklist (Data break)	n/a	n/a	n/a	n/a	n/a	n/a	n/a	n/a	n/a	4335.533333
4335.633333	120.633333	2167817	coarse_label	Sleep/rest	n/a	n/a	n/a	n/a	n/a	n/a	n/a	n/a	n/a	4335.633333
4456.266667	0.200000	2228133	coarse_label	Blocklist (Data break)	n/a	n/a	n/a	n/a	n/a	n/a	n/a	n/a	n/a	4456.266667
4456.466667	119.600000	2228233	coarse_label	Sleep/rest	n/a	n/a	n/a	n/a	n/a	n/a	n/a	n/a	n/a	4456.466667
4576.066667	0.133333	2288033	coarse_label	Blocklist (Data break)	n/a	n/a	n/a	n/a	n/a	n/a	n/a	n/a	n/a	4576.066667
4576.200000	119.466667	2288100	coarse_label	Sleep/rest	n/a	n/a	n/a	n/a	n/a	n/a	n/a	n/a	n/a	4576.200000
4695.666667	0.300000	2347833	coarse_label	Blocklist (Data break)	n/a	n/a	n/a	n/a	n/a	n/a	n/a	n/a	n/a	4695.666667
4695.966667	120.600000	2347983	coarse_label	Sleep/rest	n/a	n/a	n/a	n/a	n/a	n/a	n/a	n/a	n/a	4695.966667
4816.566667	0.266667	2408283	coarse_label	Blocklist (Data break)	n/a	n/a	n/a	n/a	n/a	n/a	n/a	n/a	n/a	4816.566667
4816.833333	119.666667	2408417	coarse_label	Sleep/rest	n/a	n/a	n/a	n/a	n/a	n/a	n/a	n/a	n/a	4816.833333
4936.500000	0.100000	2468250	coarse_label	Blocklist (Data break)	n/a	n/a	n/a	n/a	n/a	n/a	n/a	n/a	n/a	4936.500000
4936.600000	119.500000	2468300	coarse_label	Sleep/rest	n/a	n/a	n/a	n/a	n/a	n/a	n/a	n/a	n/a	4936.600000
5056.100000	0.233333	2528050	coarse_label	Blocklist (Data break)	n/a	n/a	n/a	n/a	n/a	n/a	n/a	n/a	n/a	5056.100000
5056.333333	119.633333	2528167	coarse_label	Sleep/rest	n/a	n/a	n/a	n/a	n/a	n/a	n/a	n/a	n/a	5056.333333
5175.966667	0.100000	2587983	coarse_label	Blocklist (Data break)	n/a	n/a	n/a	n/a	n/a	n/a	n/a	n/a	n/a	5175.966667
5176.066667	119.533333	2588033	coarse_label	Sleep/rest	n/a	n/a	n/a	n/a	n/a	n/a	n/a	n/a	n/a	5176.066667
5295.600000	0.200000	2647800	coarse_label	Blocklist (Data break)	n/a	n/a	n/a	n/a	n/a	n/a	n/a	n/a	n/a	5295.600000
5295.800000	119.566667	2647900	coarse_label	Sleep/rest	n/a	n/a	n/a	n/a	n/a	n/a	n/a	n/a	n/a	5295.800000
5415.366667	0.200000	2707683	coarse_label	Blocklist (Data break)	n/a	n/a	n/a	n/a	n/a	n/a	n/a	n/a	n/a	5415.366667
5415.566667	121.833333	2707783	coarse_label	Sleep/rest	n/a	n/a	n/a	n/a	n/a	n/a	n/a	n/a	n/a	5415.566667
5537.400000	0.166667	2768700	coarse_label	Blocklist (Data break)	n/a	n/a	n/a	n/a	n/a	n/a	n/a	n/a	n/a	5537.400000
5537.566667	119.500000	2768783	coarse_label	Sleep/rest	n/a	n/a	n/a	n/a	n/a	n/a	n/a	n/a	n/a	5537.566667
5657.066667	0.300000	2828533	coarse_label	Blocklist (Data break)	n/a	n/a	n/a	n/a	n/a	n/a	n/a	n/a	n/a	5657.066667
5657.366667	118.466667	2828683	coarse_label	Sleep/rest	n/a	n/a	n/a	n/a	n/a	n/a	n/a	n/a	n/a	5657.366667
5775.833333	0.133333	2887917	coarse_label	Blocklist (Data break)	n/a	n/a	n/a	n/a	n/a	n/a	n/a	n/a	n/a	5775.833333
5775.966667	119.500000	2887983	coarse_label	Sleep/rest	n/a	n/a	n/a	n/a	n/a	n/a	n/a	n/a	n/a	5775.966667
5895.466667	0.200000	2947733	coarse_label	Blocklist (Data break)	n/a	n/a	n/a	n/a	n/a	n/a	n/a	n/a	n/a	5895.466667
5895.666667	121.833333	2947833	coarse_label	Sleep/rest	n/a	n/a	n/a	n/a	n/a	n/a	n/a	n/a	n/a	5895.666667
6017.500000	0.200000	3008750	coarse_label	Blocklist (Data break)	n/a	n/a	n/a	n/a	n/a	n/a	n/a	n/a	n/a	6017.500000
6017.700000	118.433333	3008850	coarse_label	Sleep/rest	n/a	n/a	n/a	n/a	n/a	n/a	n/a	n/a	n/a	6017.700000
6136.133333	0.200000	3068067	coarse_label	Blocklist (Data break)	n/a	n/a	n/a	n/a	n/a	n/a	n/a	n/a	n/a	6136.133333
6136.333333	119.566667	3068167	coarse_label	Sleep/rest	n/a	n/a	n/a	n/a	n/a	n/a	n/a	n/a	n/a	6136.333333
6255.900000	0.166667	3127950	coarse_label	Blocklist (Data break)	n/a	n/a	n/a	n/a	n/a	n/a	n/a	n/a	n/a	6255.900000
6256.066667	120.833333	3128033	coarse_label	Sleep/rest	n/a	n/a	n/a	n/a	n/a	n/a	n/a	n/a	n/a	6256.066667
6376.900000	0.100000	3188450	coarse_label	Blocklist (Data break)	n/a	n/a	n/a	n/a	n/a	n/a	n/a	n/a	n/a	6376.900000
6377.000000	118.500000	3188500	coarse_label	Sleep/rest	n/a	n/a	n/a	n/a	n/a	n/a	n/a	n/a	n/a	6377.000000
6495.500000	0.166667	3247750	coarse_label	Blocklist (Data break)	n/a	n/a	n/a	n/a	n/a	n/a	n/a	n/a	n/a	6495.500000
6495.666667	119.733333	3247833	coarse_label	Sleep/rest	n/a	n/a	n/a	n/a	n/a	n/a	n/a	n/a	n/a	6495.666667
6615.400000	0.133333	3307700	coarse_label	Blocklist (Data break)	n/a	n/a	n/a	n/a	n/a	n/a	n/a	n/a	n/a	6615.400000
6615.533333	119.733333	3307767	coarse_label	Sleep/rest	n/a	n/a	n/a	n/a	n/a	n/a	n/a	n/a	n/a	6615.533333
6735.266667	0.133333	3367633	coarse_label	Blocklist (Data break)	n/a	n/a	n/a	n/a	n/a	n/a	n/a	n/a	n/a	6735.266667
6735.400000	120.800000	3367700	coarse_label	Sleep/rest	n/a	n/a	n/a	n/a	n/a	n/a	n/a	n/a	n/a	6735.400000
6856.200000	0.133333	3428100	coarse_label	Blocklist (Data break)	n/a	n/a	n/a	n/a	n/a	n/a	n/a	n/a	n/a	6856.200000
6856.333333	120.833333	3428167	coarse_label	Sleep/rest	n/a	n/a	n/a	n/a	n/a	n/a	n/a	n/a	n/a	6856.333333
6977.166667	0.166667	3488583	coarse_label	Blocklist (Data break)	n/a	n/a	n/a	n/a	n/a	n/a	n/a	n/a	n/a	6977.166667
6977.333333	118.533333	3488667	coarse_label	Sleep/rest	n/a	n/a	n/a	n/a	n/a	n/a	n/a	n/a	n/a	6977.333333
7095.866667	0.166667	3547933	coarse_label	Blocklist (Data break)	n/a	n/a	n/a	n/a	n/a	n/a	n/a	n/a	n/a	7095.866667
7096.033333	119.766667	3548017	coarse_label	Sleep/rest	n/a	n/a	n/a	n/a	n/a	n/a	n/a	n/a	n/a	7096.033333
7215.800000	0.133333	3607900	coarse_label	Blocklist (Data break)	n/a	n/a	n/a	n/a	n/a	n/a	n/a	n/a	n/a	7215.800000
7215.933333	119.800000	3607967	coarse_label	Sleep/rest	n/a	n/a	n/a	n/a	n/a	n/a	n/a	n/a	n/a	7215.933333
7335.733333	0.100000	3667867	coarse_label	Blocklist (Data break)	n/a	n/a	n/a	n/a	n/a	n/a	n/a	n/a	n/a	7335.733333
7335.833333	119.766667	3667917	coarse_label	Sleep/rest	n/a	n/a	n/a	n/a	n/a	n/a	n/a	n/a	n/a	7335.833333
7455.600000	0.133333	3727800	coarse_label	Blocklist (Data break)	n/a	n/a	n/a	n/a	n/a	n/a	n/a	n/a	n/a	7455.600000
7455.733333	120.866667	3727867	coarse_label	Sleep/rest	n/a	n/a	n/a	n/a	n/a	n/a	n/a	n/a	n/a	7455.733333
7576.600000	0.200000	3788300	coarse_label	Blocklist (Data break)	n/a	n/a	n/a	n/a	n/a	n/a	n/a	n/a	n/a	7576.600000
7576.800000	118.566667	3788400	coarse_label	Sleep/rest	n/a	n/a	n/a	n/a	n/a	n/a	n/a	n/a	n/a	7576.800000
7695.366667	0.133333	3847683	coarse_label	Blocklist (Data break)	n/a	n/a	n/a	n/a	n/a	n/a	n/a	n/a	n/a	7695.366667
7695.500000	119.766667	3847750	coarse_label	Sleep/rest	n/a	n/a	n/a	n/a	n/a	n/a	n/a	n/a	n/a	7695.500000
7815.266667	0.066667	3907633	coarse_label	Blocklist (Data break)	n/a	n/a	n/a	n/a	n/a	n/a	n/a	n/a	n/a	7815.266667
7815.333333	120.866667	3907667	coarse_label	Sleep/rest	n/a	n/a	n/a	n/a	n/a	n/a	n/a	n/a	n/a	7815.333333
7936.200000	0.100000	3968100	coarse_label	Blocklist (Data break)	n/a	n/a	n/a	n/a	n/a	n/a	n/a	n/a	n/a	7936.200000
7936.300000	120.833333	3968150	coarse_label	Sleep/rest	n/a	n/a	n/a	n/a	n/a	n/a	n/a	n/a	n/a	7936.300000
8057.133333	0.233333	4028567	coarse_label	Blocklist (Data break)	n/a	n/a	n/a	n/a	n/a	n/a	n/a	n/a	n/a	8057.133333
8057.366667	118.833333	4028683	coarse_label	Computer/phone	n/a	n/a	n/a	n/a	n/a	n/a	n/a	n/a	n/a	8057.366667
8176.200000	0.066667	4088100	coarse_label	Blocklist (Data break)	n/a	n/a	n/a	n/a	n/a	n/a	n/a	n/a	n/a	8176.200000
8176.266667	119.666667	4088133	coarse_label	Computer/phone	n/a	n/a	n/a	n/a	n/a	n/a	n/a	n/a	n/a	8176.266667
8295.933333	0.133333	4147967	coarse_label	Blocklist (Data break)	n/a	n/a	n/a	n/a	n/a	n/a	n/a	n/a	n/a	8295.933333
8296.066667	120.966667	4148033	coarse_label	Computer/phone	n/a	n/a	n/a	n/a	n/a	n/a	n/a	n/a	n/a	8296.066667
8417.033333	0.066667	4208517	coarse_label	Blocklist (Data break)	n/a	n/a	n/a	n/a	n/a	n/a	n/a	n/a	n/a	8417.033333
8417.100000	119.066667	4208550	coarse_label	Other activity	n/a	n/a	n/a	n/a	n/a	n/a	n/a	n/a	n/a	8417.100000
8536.166667	0.100000	4268083	coarse_label	Blocklist (Data break)	n/a	n/a	n/a	n/a	n/a	n/a	n/a	n/a	n/a	8536.166667
8536.266667	119.900000	4268133	coarse_label	Computer/phone	n/a	n/a	n/a	n/a	n/a	n/a	n/a	n/a	n/a	8536.266667
8656.166667	0.233333	4328083	coarse_label	Blocklist (Data break)	n/a	n/a	n/a	n/a	n/a	n/a	n/a	n/a	n/a	8656.166667
8656.400000	119.800000	4328200	coarse_label	Computer/phone	n/a	n/a	n/a	n/a	n/a	n/a	n/a	n/a	n/a	8656.400000
8776.200000	0.233333	4388100	coarse_label	Blocklist (Data break)	n/a	n/a	n/a	n/a	n/a	n/a	n/a	n/a	n/a	8776.200000
8776.433333	119.766667	4388217	coarse_label	Computer/phone	n/a	n/a	n/a	n/a	n/a	n/a	n/a	n/a	n/a	8776.433333
8896.200000	0.200000	4448100	coarse_label	Blocklist (Data break)	n/a	n/a	n/a	n/a	n/a	n/a	n/a	n/a	n/a	8896.200000
8896.400000	119.900000	4448200	coarse_label	Sleep/rest	n/a	n/a	n/a	n/a	n/a	n/a	n/a	n/a	n/a	8896.400000
9016.300000	0.133333	4508150	coarse_label	Blocklist (Data break)	n/a	n/a	n/a	n/a	n/a	n/a	n/a	n/a	n/a	9016.300000
9016.433333	119.733333	4508217	coarse_label	Sleep/rest	n/a	n/a	n/a	n/a	n/a	n/a	n/a	n/a	n/a	9016.433333
9136.166667	0.266667	4568083	coarse_label	Blocklist (Data break)	n/a	n/a	n/a	n/a	n/a	n/a	n/a	n/a	n/a	9136.166667
9136.433333	119.800000	4568217	coarse_label	Sleep/rest	n/a	n/a	n/a	n/a	n/a	n/a	n/a	n/a	n/a	9136.433333
9256.233333	0.133333	4628117	coarse_label	Blocklist (Data break)	n/a	n/a	n/a	n/a	n/a	n/a	n/a	n/a	n/a	9256.233333
9256.366667	120.900000	4628183	coarse_label	Sleep/rest	n/a	n/a	n/a	n/a	n/a	n/a	n/a	n/a	n/a	9256.366667
9377.266667	0.200000	4688633	coarse_label	Blocklist (Data break)	n/a	n/a	n/a	n/a	n/a	n/a	n/a	n/a	n/a	9377.266667
9377.466667	118.733333	4688733	coarse_label	Sleep/rest	n/a	n/a	n/a	n/a	n/a	n/a	n/a	n/a	n/a	9377.466667
9496.200000	0.100000	4748100	coarse_label	Blocklist (Data break)	n/a	n/a	n/a	n/a	n/a	n/a	n/a	n/a	n/a	9496.200000
9496.300000	119.833333	4748150	coarse_label	Sleep/rest	n/a	n/a	n/a	n/a	n/a	n/a	n/a	n/a	n/a	9496.300000
9616.133333	0.100000	4808067	coarse_label	Blocklist (Data break)	n/a	n/a	n/a	n/a	n/a	n/a	n/a	n/a	n/a	9616.133333
9616.233333	119.733333	4808117	coarse_label	Sleep/rest	n/a	n/a	n/a	n/a	n/a	n/a	n/a	n/a	n/a	9616.233333
9735.966667	0.166667	4867983	coarse_label	Blocklist (Data break)	n/a	n/a	n/a	n/a	n/a	n/a	n/a	n/a	n/a	9735.966667
9736.133333	119.800000	4868067	coarse_label	Sleep/rest	n/a	n/a	n/a	n/a	n/a	n/a	n/a	n/a	n/a	9736.133333
9855.933333	0.100000	4927967	coarse_label	Blocklist (Data break)	n/a	n/a	n/a	n/a	n/a	n/a	n/a	n/a	n/a	9855.933333
9856.033333	119.766667	4928017	coarse_label	Sleep/rest	n/a	n/a	n/a	n/a	n/a	n/a	n/a	n/a	n/a	9856.033333
9975.800000	0.066667	4987900	coarse_label	Blocklist (Data break)	n/a	n/a	n/a	n/a	n/a	n/a	n/a	n/a	n/a	9975.800000
9975.866667	120.966667	4987933	coarse_label	Sleep/rest	n/a	n/a	n/a	n/a	n/a	n/a	n/a	n/a	n/a	9975.866667
10096.833333	0.100000	5048417	coarse_label	Blocklist (Data break)	n/a	n/a	n/a	n/a	n/a	n/a	n/a	n/a	n/a	10096.833333
10096.933333	119.800000	5048467	coarse_label	Sleep/rest	n/a	n/a	n/a	n/a	n/a	n/a	n/a	n/a	n/a	10096.933333
10216.733333	0.166667	5108367	coarse_label	Blocklist (Data break)	n/a	n/a	n/a	n/a	n/a	n/a	n/a	n/a	n/a	10216.733333
10216.900000	118.633333	5108450	coarse_label	Sleep/rest	n/a	n/a	n/a	n/a	n/a	n/a	n/a	n/a	n/a	10216.900000
10335.533333	0.166667	5167767	coarse_label	Blocklist (Data break)	n/a	n/a	n/a	n/a	n/a	n/a	n/a	n/a	n/a	10335.533333
10335.700000	119.666667	5167850	coarse_label	Sleep/rest	n/a	n/a	n/a	n/a	n/a	n/a	n/a	n/a	n/a	10335.700000
10455.366667	0.200000	5227683	coarse_label	Blocklist (Data break)	n/a	n/a	n/a	n/a	n/a	n/a	n/a	n/a	n/a	10455.366667
10455.566667	119.766667	5227783	coarse_label	Sleep/rest	n/a	n/a	n/a	n/a	n/a	n/a	n/a	n/a	n/a	10455.566667
10575.333333	0.100000	5287667	coarse_label	Blocklist (Data break)	n/a	n/a	n/a	n/a	n/a	n/a	n/a	n/a	n/a	10575.333333
10575.433333	119.700000	5287717	coarse_label	Sleep/rest	n/a	n/a	n/a	n/a	n/a	n/a	n/a	n/a	n/a	10575.433333
10695.133333	0.200000	5347567	coarse_label	Blocklist (Data break)	n/a	n/a	n/a	n/a	n/a	n/a	n/a	n/a	n/a	10695.133333
10695.333333	120.766667	5347667	coarse_label	Sleep/rest	n/a	n/a	n/a	n/a	n/a	n/a	n/a	n/a	n/a	10695.333333
10816.100000	0.233333	5408050	coarse_label	Blocklist (Data break)	n/a	n/a	n/a	n/a	n/a	n/a	n/a	n/a	n/a	10816.100000
10816.333333	120.900000	5408167	coarse_label	Sleep/rest	n/a	n/a	n/a	n/a	n/a	n/a	n/a	n/a	n/a	10816.333333
10937.233333	0.166667	5468617	coarse_label	Blocklist (Data break)	n/a	n/a	n/a	n/a	n/a	n/a	n/a	n/a	n/a	10937.233333
10937.400000	119.833333	5468700	coarse_label	Sleep/rest	n/a	n/a	n/a	n/a	n/a	n/a	n/a	n/a	n/a	10937.400000
11057.233333	0.033333	5528617	coarse_label	Blocklist (Data break)	n/a	n/a	n/a	n/a	n/a	n/a	n/a	n/a	n/a	11057.233333
11057.266667	119.666667	5528633	coarse_label	Sleep/rest	n/a	n/a	n/a	n/a	n/a	n/a	n/a	n/a	n/a	11057.266667
11176.933333	0.200000	5588467	coarse_label	Blocklist (Data break)	n/a	n/a	n/a	n/a	n/a	n/a	n/a	n/a	n/a	11176.933333
11177.133333	115.433333	5588567	coarse_label	Sleep/rest	n/a	n/a	n/a	n/a	n/a	n/a	n/a	n/a	n/a	11177.133333
11292.566667	4.066667	5646283	coarse_label	Blocklist (Data break)	n/a	n/a	n/a	n/a	n/a	n/a	n/a	n/a	n/a	11292.566667
11296.633333	119.900000	5648317	coarse_label	Sleep/rest	n/a	n/a	n/a	n/a	n/a	n/a	n/a	n/a	n/a	11296.633333
11416.533333	0.133333	5708267	coarse_label	Blocklist (Data break)	n/a	n/a	n/a	n/a	n/a	n/a	n/a	n/a	n/a	11416.533333
11416.666667	119.833333	5708333	coarse_label	Other activity	n/a	n/a	n/a	n/a	n/a	n/a	n/a	n/a	n/a	11416.666667
11478.566000	1.266667	5739283	reach_onset	n/a	r_wrist	114.913287	-67.822059	128.291487	0.279697	0.058791	1.266667	1.000000	11478.566000	11478.566000
11481.000000	2.200000	5740500	reach_onset	n/a	r_wrist	129.378680	166.344977	128.871765	0.275339	0.814901	2.200000	1.000000	11481.000000	11481.000000
11536.500000	0.100000	5768250	coarse_label	Blocklist (Data break)	n/a	n/a	n/a	n/a	n/a	n/a	n/a	n/a	n/a	11536.500000
11536.600000	119.800000	5768300	coarse_label	Computer/phone	n/a	n/a	n/a	n/a	n/a	n/a	n/a	n/a	n/a	11536.600000
11656.400000	0.200000	5828200	coarse_label	Blocklist (Data break)	n/a	n/a	n/a	n/a	n/a	n/a	n/a	n/a	n/a	11656.400000
11656.600000	120.166667	5828300	coarse_label	Computer/phone	n/a	n/a	n/a	n/a	n/a	n/a	n/a	n/a	n/a	11656.600000
11776.766667	0.200000	5888383	coarse_label	Blocklist (Data break)	n/a	n/a	n/a	n/a	n/a	n/a	n/a	n/a	n/a	11776.766667
11776.966667	119.900000	5888483	coarse_label	Sleep/rest	n/a	n/a	n/a	n/a	n/a	n/a	n/a	n/a	n/a	11776.966667
11896.866667	0.066667	5948433	coarse_label	Blocklist (Data break)	n/a	n/a	n/a	n/a	n/a	n/a	n/a	n/a	n/a	11896.866667
11896.933333	120.900000	5948467	coarse_label	Sleep/rest	n/a	n/a	n/a	n/a	n/a	n/a	n/a	n/a	n/a	11896.933333
12017.833333	0.200000	6008917	coarse_label	Blocklist (Data break)	n/a	n/a	n/a	n/a	n/a	n/a	n/a	n/a	n/a	12017.833333
12018.033333	119.833333	6009017	coarse_label	Sleep/rest	n/a	n/a	n/a	n/a	n/a	n/a	n/a	n/a	n/a	12018.033333
12137.866667	0.100000	6068933	coarse_label	Blocklist (Data break)	n/a	n/a	n/a	n/a	n/a	n/a	n/a	n/a	n/a	12137.866667
12137.966667	119.633333	6068983	coarse_label	Sleep/rest	n/a	n/a	n/a	n/a	n/a	n/a	n/a	n/a	n/a	12137.966667
12257.600000	0.300000	6128800	coarse_label	Blocklist (Data break)	n/a	n/a	n/a	n/a	n/a	n/a	n/a	n/a	n/a	12257.600000
12257.900000	118.666667	6128950	coarse_label	Sleep/rest	n/a	n/a	n/a	n/a	n/a	n/a	n/a	n/a	n/a	12257.900000
12376.566667	0.100000	6188283	coarse_label	Blocklist (Data break)	n/a	n/a	n/a	n/a	n/a	n/a	n/a	n/a	n/a	12376.566667
12376.666667	119.833333	6188333	coarse_label	Sleep/rest	n/a	n/a	n/a	n/a	n/a	n/a	n/a	n/a	n/a	12376.666667
12496.500000	0.100000	6248250	coarse_label	Blocklist (Data break)	n/a	n/a	n/a	n/a	n/a	n/a	n/a	n/a	n/a	12496.500000
12496.600000	120.000000	6248300	coarse_label	Sleep/rest	n/a	n/a	n/a	n/a	n/a	n/a	n/a	n/a	n/a	12496.600000
12616.600000	0.133333	6308300	coarse_label	Blocklist (Data break)	n/a	n/a	n/a	n/a	n/a	n/a	n/a	n/a	n/a	12616.600000
12616.733333	120.066667	6308367	coarse_label	Sleep/rest	n/a	n/a	n/a	n/a	n/a	n/a	n/a	n/a	n/a	12616.733333
12736.800000	0.200000	6368400	coarse_label	Blocklist (Data break)	n/a	n/a	n/a	n/a	n/a	n/a	n/a	n/a	n/a	12736.800000
12737.000000	119.766667	6368500	coarse_label	Sleep/rest	n/a	n/a	n/a	n/a	n/a	n/a	n/a	n/a	n/a	12737.000000
12856.766667	0.100000	6428383	coarse_label	Blocklist (Data break)	n/a	n/a	n/a	n/a	n/a	n/a	n/a	n/a	n/a	12856.766667
12856.866667	119.900000	6428433	coarse_label	Other activity	n/a	n/a	n/a	n/a	n/a	n/a	n/a	n/a	n/a	12856.866667
12976.766667	0.133333	6488383	coarse_label	Blocklist (Data break)	n/a	n/a	n/a	n/a	n/a	n/a	n/a	n/a	n/a	12976.766667
12976.900000	120.266667	6488450	coarse_label	Other activity	n/a	n/a	n/a	n/a	n/a	n/a	n/a	n/a	n/a	12976.900000
13097.166667	0.066667	6548583	coarse_label	Blocklist (Data break)	n/a	n/a	n/a	n/a	n/a	n/a	n/a	n/a	n/a	13097.166667
13097.233333	120.166667	6548617	coarse_label	Sleep/rest	n/a	n/a	n/a	n/a	n/a	n/a	n/a	n/a	n/a	13097.233333
13217.400000	0.066667	6608700	coarse_label	Blocklist (Data break)	n/a	n/a	n/a	n/a	n/a	n/a	n/a	n/a	n/a	13217.400000
13217.466667	118.933333	6608733	coarse_label	Sleep/rest	n/a	n/a	n/a	n/a	n/a	n/a	n/a	n/a	n/a	13217.466667
13336.400000	0.200000	6668200	coarse_label	Blocklist (Data break)	n/a	n/a	n/a	n/a	n/a	n/a	n/a	n/a	n/a	13336.400000
13336.600000	120.200000	6668300	coarse_label	Sleep/rest	n/a	n/a	n/a	n/a	n/a	n/a	n/a	n/a	n/a	13336.600000
13456.800000	0.066667	6728400	coarse_label	Blocklist (Data break)	n/a	n/a	n/a	n/a	n/a	n/a	n/a	n/a	n/a	13456.800000
13456.866667	119.966667	6728433	coarse_label	Sleep/rest	n/a	n/a	n/a	n/a	n/a	n/a	n/a	n/a	n/a	13456.866667
13576.833333	0.300000	6788417	coarse_label	Blocklist (Data break)	n/a	n/a	n/a	n/a	n/a	n/a	n/a	n/a	n/a	13576.833333
13577.133333	120.100000	6788567	coarse_label	Sleep/rest	n/a	n/a	n/a	n/a	n/a	n/a	n/a	n/a	n/a	13577.133333
13697.233333	0.100000	6848617	coarse_label	Blocklist (Data break)	n/a	n/a	n/a	n/a	n/a	n/a	n/a	n/a	n/a	13697.233333
13697.333333	118.900000	6848667	coarse_label	Sleep/rest	n/a	n/a	n/a	n/a	n/a	n/a	n/a	n/a	n/a	13697.333333
13816.233333	0.200000	6908117	coarse_label	Blocklist (Data break)	n/a	n/a	n/a	n/a	n/a	n/a	n/a	n/a	n/a	13816.233333
13816.433333	120.166667	6908217	coarse_label	Sleep/rest	n/a	n/a	n/a	n/a	n/a	n/a	n/a	n/a	n/a	13816.433333
13936.600000	0.066667	6968300	coarse_label	Blocklist (Data break)	n/a	n/a	n/a	n/a	n/a	n/a	n/a	n/a	n/a	13936.600000
13936.666667	121.166667	6968333	coarse_label	Sleep/rest	n/a	n/a	n/a	n/a	n/a	n/a	n/a	n/a	n/a	13936.666667
14057.833333	0.233333	7028917	coarse_label	Blocklist (Data break)	n/a	n/a	n/a	n/a	n/a	n/a	n/a	n/a	n/a	14057.833333
14058.066667	118.933333	7029033	coarse_label	Sleep/rest	n/a	n/a	n/a	n/a	n/a	n/a	n/a	n/a	n/a	14058.066667
14177.000000	0.100000	7088500	coarse_label	Blocklist (Data break)	n/a	n/a	n/a	n/a	n/a	n/a	n/a	n/a	n/a	14177.000000
14177.100000	121.200000	7088550	coarse_label	Sleep/rest	n/a	n/a	n/a	n/a	n/a	n/a	n/a	n/a	n/a	14177.100000
14298.300000	0.133333	7149150	coarse_label	Blocklist (Data break)	n/a	n/a	n/a	n/a	n/a	n/a	n/a	n/a	n/a	14298.300000
14298.433333	118.966667	7149217	coarse_label	Other activity	n/a	n/a	n/a	n/a	n/a	n/a	n/a	n/a	n/a	14298.433333
14417.400000	0.066667	7208700	coarse_label	Blocklist (Data break)	n/a	n/a	n/a	n/a	n/a	n/a	n/a	n/a	n/a	14417.400000
14417.466667	119.333333	7208733	coarse_label	Other activity	n/a	n/a	n/a	n/a	n/a	n/a	n/a	n/a	n/a	14417.466667
14536.800000	0.133333	7268400	coarse_label	Blocklist (Data break)	n/a	n/a	n/a	n/a	n/a	n/a	n/a	n/a	n/a	14536.800000
14536.933333	119.300000	7268467	coarse_label	Talk	n/a	n/a	n/a	n/a	n/a	n/a	n/a	n/a	n/a	14536.933333
14656.233333	0.166667	7328117	coarse_label	Blocklist (Data break)	n/a	n/a	n/a	n/a	n/a	n/a	n/a	n/a	n/a	14656.233333
14656.400000	120.433333	7328200	coarse_label	Talk, Computer/phone	n/a	n/a	n/a	n/a	n/a	n/a	n/a	n/a	n/a	14656.400000
14776.833333	0.166667	7388417	coarse_label	Blocklist (Data break)	n/a	n/a	n/a	n/a	n/a	n/a	n/a	n/a	n/a	14776.833333
14777.000000	119.233333	7388500	coarse_label	Talk	n/a	n/a	n/a	n/a	n/a	n/a	n/a	n/a	n/a	14777.000000
14896.233333	0.100000	7448117	coarse_label	Blocklist (Data break)	n/a	n/a	n/a	n/a	n/a	n/a	n/a	n/a	n/a	14896.233333
14896.333333	120.166667	7448167	coarse_label	Talk	n/a	n/a	n/a	n/a	n/a	n/a	n/a	n/a	n/a	14896.333333
15016.500000	0.233333	7508250	coarse_label	Blocklist (Data break)	n/a	n/a	n/a	n/a	n/a	n/a	n/a	n/a	n/a	15016.500000
15016.733333	120.766667	7508367	coarse_label	Talk	n/a	n/a	n/a	n/a	n/a	n/a	n/a	n/a	n/a	15016.733333
15137.500000	0.166667	7568750	coarse_label	Blocklist (Data break)	n/a	n/a	n/a	n/a	n/a	n/a	n/a	n/a	n/a	15137.500000
15137.666667	118.366667	7568833	coarse_label	Sleep/rest	n/a	n/a	n/a	n/a	n/a	n/a	n/a	n/a	n/a	15137.666667
15256.033333	0.266667	7628017	coarse_label	Blocklist (Data break)	n/a	n/a	n/a	n/a	n/a	n/a	n/a	n/a	n/a	15256.033333
15256.300000	120.766667	7628150	coarse_label	Sleep/rest	n/a	n/a	n/a	n/a	n/a	n/a	n/a	n/a	n/a	15256.300000
15377.066667	0.166667	7688533	coarse_label	Blocklist (Data break)	n/a	n/a	n/a	n/a	n/a	n/a	n/a	n/a	n/a	15377.066667
15377.233333	119.700000	7688617	coarse_label	Sleep/rest	n/a	n/a	n/a	n/a	n/a	n/a	n/a	n/a	n/a	15377.233333
15496.933333	0.100000	7748467	coarse_label	Blocklist (Data break)	n/a	n/a	n/a	n/a	n/a	n/a	n/a	n/a	n/a	15496.933333
15497.033333	119.766667	7748517	coarse_label	Sleep/rest	n/a	n/a	n/a	n/a	n/a	n/a	n/a	n/a	n/a	15497.033333
15616.800000	0.100000	7808400	coarse_label	Blocklist (Data break)	n/a	n/a	n/a	n/a	n/a	n/a	n/a	n/a	n/a	15616.800000
15616.900000	119.633333	7808450	coarse_label	Sleep/rest	n/a	n/a	n/a	n/a	n/a	n/a	n/a	n/a	n/a	15616.900000
15736.533333	0.166667	7868267	coarse_label	Blocklist (Data break)	n/a	n/a	n/a	n/a	n/a	n/a	n/a	n/a	n/a	15736.533333
15736.700000	119.566667	7868350	coarse_label	Sleep/rest	n/a	n/a	n/a	n/a	n/a	n/a	n/a	n/a	n/a	15736.700000
15856.266667	0.300000	7928133	coarse_label	Blocklist (Data break)	n/a	n/a	n/a	n/a	n/a	n/a	n/a	n/a	n/a	15856.266667
15856.566667	119.966667	7928283	coarse_label	Sleep/rest	n/a	n/a	n/a	n/a	n/a	n/a	n/a	n/a	n/a	15856.566667
15976.533333	0.066667	7988267	coarse_label	Blocklist (Data break)	n/a	n/a	n/a	n/a	n/a	n/a	n/a	n/a	n/a	15976.533333
15976.600000	121.133333	7988300	coarse_label	Sleep/rest	n/a	n/a	n/a	n/a	n/a	n/a	n/a	n/a	n/a	15976.600000
16097.733333	0.233333	8048867	coarse_label	Blocklist (Data break)	n/a	n/a	n/a	n/a	n/a	n/a	n/a	n/a	n/a	16097.733333
16097.966667	118.966667	8048983	coarse_label	Sleep/rest	n/a	n/a	n/a	n/a	n/a	n/a	n/a	n/a	n/a	16097.966667
16216.933333	0.066667	8108467	coarse_label	Blocklist (Data break)	n/a	n/a	n/a	n/a	n/a	n/a	n/a	n/a	n/a	16216.933333
16217.000000	121.233333	8108500	coarse_label	Sleep/rest	n/a	n/a	n/a	n/a	n/a	n/a	n/a	n/a	n/a	16217.000000
16338.233333	0.066667	8169117	coarse_label	Blocklist (Data break)	n/a	n/a	n/a	n/a	n/a	n/a	n/a	n/a	n/a	16338.233333
16338.300000	117.833333	8169150	coarse_label	Sleep/rest	n/a	n/a	n/a	n/a	n/a	n/a	n/a	n/a	n/a	16338.300000
16456.133333	0.100000	8228067	coarse_label	Blocklist (Data break)	n/a	n/a	n/a	n/a	n/a	n/a	n/a	n/a	n/a	16456.133333
16456.233333	120.033333	8228117	coarse_label	Sleep/rest	n/a	n/a	n/a	n/a	n/a	n/a	n/a	n/a	n/a	16456.233333
16576.266667	0.133333	8288133	coarse_label	Blocklist (Data break)	n/a	n/a	n/a	n/a	n/a	n/a	n/a	n/a	n/a	16576.266667
16576.400000	120.066667	8288200	coarse_label	Sleep/rest	n/a	n/a	n/a	n/a	n/a	n/a	n/a	n/a	n/a	16576.400000
16696.466667	0.133333	8348233	coarse_label	Blocklist (Data break)	n/a	n/a	n/a	n/a	n/a	n/a	n/a	n/a	n/a	16696.466667
16696.600000	120.100000	8348300	coarse_label	Sleep/rest	n/a	n/a	n/a	n/a	n/a	n/a	n/a	n/a	n/a	16696.600000
16816.700000	0.100000	8408350	coarse_label	Blocklist (Data break)	n/a	n/a	n/a	n/a	n/a	n/a	n/a	n/a	n/a	16816.700000
16816.800000	120.100000	8408400	coarse_label	Sleep/rest	n/a	n/a	n/a	n/a	n/a	n/a	n/a	n/a	n/a	16816.800000
16936.900000	0.066667	8468450	coarse_label	Blocklist (Data break)	n/a	n/a	n/a	n/a	n/a	n/a	n/a	n/a	n/a	16936.900000
16936.966667	121.266667	8468483	coarse_label	Sleep/rest	n/a	n/a	n/a	n/a	n/a	n/a	n/a	n/a	n/a	16936.966667
17058.233333	0.066667	8529117	coarse_label	Blocklist (Data break)	n/a	n/a	n/a	n/a	n/a	n/a	n/a	n/a	n/a	17058.233333
17058.300000	117.666667	8529150	coarse_label	Sleep/rest	n/a	n/a	n/a	n/a	n/a	n/a	n/a	n/a	n/a	17058.300000
17175.966667	0.233333	8587983	coarse_label	Blocklist (Data break)	n/a	n/a	n/a	n/a	n/a	n/a	n/a	n/a	n/a	17175.966667
17176.200000	120.166667	8588100	coarse_label	Sleep/rest	n/a	n/a	n/a	n/a	n/a	n/a	n/a	n/a	n/a	17176.200000
17296.366667	0.066667	8648183	coarse_label	Blocklist (Data break)	n/a	n/a	n/a	n/a	n/a	n/a	n/a	n/a	n/a	17296.366667
17296.433333	120.000000	8648217	coarse_label	Sleep/rest	n/a	n/a	n/a	n/a	n/a	n/a	n/a	n/a	n/a	17296.433333
17416.433333	0.200000	8708217	coarse_label	Blocklist (Data break)	n/a	n/a	n/a	n/a	n/a	n/a	n/a	n/a	n/a	17416.433333
17416.633333	121.233333	8708317	coarse_label	Sleep/rest	n/a	n/a	n/a	n/a	n/a	n/a	n/a	n/a	n/a	17416.633333
17537.866667	0.100000	8768933	coarse_label	Blocklist (Data break)	n/a	n/a	n/a	n/a	n/a	n/a	n/a	n/a	n/a	17537.866667
17537.966667	120.133333	8768983	coarse_label	Sleep/rest	n/a	n/a	n/a	n/a	n/a	n/a	n/a	n/a	n/a	17537.966667
17658.100000	0.100000	8829050	coarse_label	Blocklist (Data break)	n/a	n/a	n/a	n/a	n/a	n/a	n/a	n/a	n/a	17658.100000
17658.200000	120.033333	8829100	coarse_label	Sleep/rest	n/a	n/a	n/a	n/a	n/a	n/a	n/a	n/a	n/a	17658.200000
17778.233333	0.166667	8889117	coarse_label	Blocklist (Data break)	n/a	n/a	n/a	n/a	n/a	n/a	n/a	n/a	n/a	17778.233333
17778.400000	117.700000	8889200	coarse_label	Sleep/rest	n/a	n/a	n/a	n/a	n/a	n/a	n/a	n/a	n/a	17778.400000
17896.100000	0.200000	8948050	coarse_label	Blocklist (Data break)	n/a	n/a	n/a	n/a	n/a	n/a	n/a	n/a	n/a	17896.100000
17896.300000	120.133333	8948150	coarse_label	Sleep/rest	n/a	n/a	n/a	n/a	n/a	n/a	n/a	n/a	n/a	17896.300000
18016.433333	0.100000	9008217	coarse_label	Blocklist (Data break)	n/a	n/a	n/a	n/a	n/a	n/a	n/a	n/a	n/a	18016.433333
18016.533333	121.233333	9008267	coarse_label	Sleep/rest	n/a	n/a	n/a	n/a	n/a	n/a	n/a	n/a	n/a	18016.533333
18137.766667	0.066667	9068883	coarse_label	Blocklist (Data break)	n/a	n/a	n/a	n/a	n/a	n/a	n/a	n/a	n/a	18137.766667
18137.833333	118.900000	9068917	coarse_label	Sleep/rest	n/a	n/a	n/a	n/a	n/a	n/a	n/a	n/a	n/a	18137.833333
18256.733333	0.133333	9128367	coarse_label	Blocklist (Data break)	n/a	n/a	n/a	n/a	n/a	n/a	n/a	n/a	n/a	18256.733333
18256.866667	120.100000	9128433	coarse_label	Sleep/rest	n/a	n/a	n/a	n/a	n/a	n/a	n/a	n/a	n/a	18256.866667
18376.966667	0.033333	9188483	coarse_label	Blocklist (Data break)	n/a	n/a	n/a	n/a	n/a	n/a	n/a	n/a	n/a	18376.966667
18377.000000	120.066667	9188500	coarse_label	Sleep/rest	n/a	n/a	n/a	n/a	n/a	n/a	n/a	n/a	n/a	18377.000000
18497.066667	0.133333	9248533	coarse_label	Blocklist (Data break)	n/a	n/a	n/a	n/a	n/a	n/a	n/a	n/a	n/a	18497.066667
18497.200000	118.900000	9248600	coarse_label	Sleep/rest	n/a	n/a	n/a	n/a	n/a	n/a	n/a	n/a	n/a	18497.200000
18616.100000	0.100000	9308050	coarse_label	Blocklist (Data break)	n/a	n/a	n/a	n/a	n/a	n/a	n/a	n/a	n/a	18616.100000
18616.200000	120.000000	9308100	coarse_label	Sleep/rest	n/a	n/a	n/a	n/a	n/a	n/a	n/a	n/a	n/a	18616.200000
18736.200000	0.166667	9368100	coarse_label	Blocklist (Data break)	n/a	n/a	n/a	n/a	n/a	n/a	n/a	n/a	n/a	18736.200000
18736.366667	120.000000	9368183	coarse_label	Sleep/rest	n/a	n/a	n/a	n/a	n/a	n/a	n/a	n/a	n/a	18736.366667
18856.366667	0.166667	9428183	coarse_label	Blocklist (Data break)	n/a	n/a	n/a	n/a	n/a	n/a	n/a	n/a	n/a	18856.366667
18856.533333	121.366667	9428267	coarse_label	Sleep/rest	n/a	n/a	n/a	n/a	n/a	n/a	n/a	n/a	n/a	18856.533333
18977.900000	0.066667	9488950	coarse_label	Blocklist (Data break)	n/a	n/a	n/a	n/a	n/a	n/a	n/a	n/a	n/a	18977.900000
18977.966667	118.733333	9488983	coarse_label	Sleep/rest	n/a	n/a	n/a	n/a	n/a	n/a	n/a	n/a	n/a	18977.966667
19096.700000	0.100000	9548350	coarse_label	Blocklist (Data break)	n/a	n/a	n/a	n/a	n/a	n/a	n/a	n/a	n/a	19096.700000
19096.800000	119.900000	9548400	coarse_label	Sleep/rest	n/a	n/a	n/a	n/a	n/a	n/a	n/a	n/a	n/a	19096.800000
19216.700000	0.100000	9608350	coarse_label	Blocklist (Data break)	n/a	n/a	n/a	n/a	n/a	n/a	n/a	n/a	n/a	19216.700000
19216.800000	119.766667	9608400	coarse_label	Blocklist (Camera move/zoom)	n/a	n/a	n/a	n/a	n/a	n/a	n/a	n/a	n/a	19216.800000
19336.566667	0.100000	9668283	coarse_label	Blocklist (Data break)	n/a	n/a	n/a	n/a	n/a	n/a	n/a	n/a	n/a	19336.566667
19336.666667	120.433333	9668333	coarse_label	Computer/phone	n/a	n/a	n/a	n/a	n/a	n/a	n/a	n/a	n/a	19336.666667
19457.100000	0.200000	9728550	coarse_label	Blocklist (Data break)	n/a	n/a	n/a	n/a	n/a	n/a	n/a	n/a	n/a	19457.100000
19457.300000	119.400000	9728650	coarse_label	Computer/phone	n/a	n/a	n/a	n/a	n/a	n/a	n/a	n/a	n/a	19457.300000
19576.700000	0.166667	9788350	coarse_label	Blocklist (Data break)	n/a	n/a	n/a	n/a	n/a	n/a	n/a	n/a	n/a	19576.700000
19576.866667	120.233333	9788433	coarse_label	Computer/phone	n/a	n/a	n/a	n/a	n/a	n/a	n/a	n/a	n/a	19576.866667
19697.100000	0.100000	9848550	coarse_label	Blocklist (Data break)	n/a	n/a	n/a	n/a	n/a	n/a	n/a	n/a	n/a	19697.100000
19697.200000	119.133333	9848600	coarse_label	Computer/phone	n/a	n/a	n/a	n/a	n/a	n/a	n/a	n/a	n/a	19697.200000
19725.562000	1.266667	9862781	reach_onset	n/a	r_wrist	62.666331	38.884473	155.813795	0.148695	0.049987	0.233333	1.000000	19725.562000	19725.563000
19816.333333	0.100000	9908167	coarse_label	Blocklist (Data break)	n/a	n/a	n/a	n/a	n/a	n/a	n/a	n/a	n/a	19816.333333
19816.433333	120.166667	9908217	coarse_label	Computer/phone	n/a	n/a	n/a	n/a	n/a	n/a	n/a	n/a	n/a	19816.433333
19936.600000	0.166667	9968300	coarse_label	Blocklist (Data break)	n/a	n/a	n/a	n/a	n/a	n/a	n/a	n/a	n/a	19936.600000
19936.766667	121.466667	9968383	coarse_label	Computer/phone	n/a	n/a	n/a	n/a	n/a	n/a	n/a	n/a	n/a	19936.766667
20058.233333	0.066667	10029117	coarse_label	Blocklist (Data break)	n/a	n/a	n/a	n/a	n/a	n/a	n/a	n/a	n/a	20058.233333
20058.300000	117.666667	10029150	coarse_label	Computer/phone	n/a	n/a	n/a	n/a	n/a	n/a	n/a	n/a	n/a	20058.300000
20175.966667	0.200000	10087983	coarse_label	Blocklist (Data break)	n/a	n/a	n/a	n/a	n/a	n/a	n/a	n/a	n/a	20175.966667
20176.166667	119.700000	10088083	coarse_label	Computer/phone	n/a	n/a	n/a	n/a	n/a	n/a	n/a	n/a	n/a	20176.166667
20295.866667	0.200000	10147933	coarse_label	Blocklist (Data break)	n/a	n/a	n/a	n/a	n/a	n/a	n/a	n/a	n/a	20295.866667
20296.066667	120.833333	10148033	coarse_label	Computer/phone	n/a	n/a	n/a	n/a	n/a	n/a	n/a	n/a	n/a	20296.066667
20416.900000	0.233333	10208450	coarse_label	Blocklist (Data break)	n/a	n/a	n/a	n/a	n/a	n/a	n/a	n/a	n/a	20416.900000
20417.133333	118.733333	10208567	coarse_label	Computer/phone	n/a	n/a	n/a	n/a	n/a	n/a	n/a	n/a	n/a	20417.133333
20419.990000	0.466667	10209995	reach_onset	n/a	r_wrist	84.222906	61.354447	364.404246	0.153610	0.357234	0.466667	1.000000	20419.990000	20419.991000
20535.866667	0.233333	10267933	coarse_label	Blocklist (Data break)	n/a	n/a	n/a	n/a	n/a	n/a	n/a	n/a	n/a	20535.866667
20536.100000	120.333333	10268050	coarse_label	Computer/phone	n/a	n/a	n/a	n/a	n/a	n/a	n/a	n/a	n/a	20536.100000
20656.433333	0.133333	10328217	coarse_label	Blocklist (Data break)	n/a	n/a	n/a	n/a	n/a	n/a	n/a	n/a	n/a	20656.433333
20656.566667	120.000000	10328283	coarse_label	Computer/phone	n/a	n/a	n/a	n/a	n/a	n/a	n/a	n/a	n/a	20656.566667
20776.566667	0.133333	10388283	coarse_label	Blocklist (Data break)	n/a	n/a	n/a	n/a	n/a	n/a	n/a	n/a	n/a	20776.566667
20776.700000	120.000000	10388350	coarse_label	Computer/phone	n/a	n/a	n/a	n/a	n/a	n/a	n/a	n/a	n/a	20776.700000
20896.700000	0.100000	10448350	coarse_label	Blocklist (Data break)	n/a	n/a	n/a	n/a	n/a	n/a	n/a	n/a	n/a	20896.700000
20896.800000	121.133333	10448400	coarse_label	Computer/phone	n/a	n/a	n/a	n/a	n/a	n/a	n/a	n/a	n/a	20896.800000
21017.933333	0.133333	10508967	coarse_label	Blocklist (Data break)	n/a	n/a	n/a	n/a	n/a	n/a	n/a	n/a	n/a	21017.933333
21018.066667	118.833333	10509033	coarse_label	Computer/phone	n/a	n/a	n/a	n/a	n/a	n/a	n/a	n/a	n/a	21018.066667
21136.900000	0.133333	10568450	coarse_label	Blocklist (Data break)	n/a	n/a	n/a	n/a	n/a	n/a	n/a	n/a	n/a	21136.900000
21137.033333	121.166667	10568517	coarse_label	Computer/phone	n/a	n/a	n/a	n/a	n/a	n/a	n/a	n/a	n/a	21137.033333
21258.200000	0.133333	10629100	coarse_label	Blocklist (Data break)	n/a	n/a	n/a	n/a	n/a	n/a	n/a	n/a	n/a	21258.200000
21258.333333	117.600000	10629167	coarse_label	Computer/phone	n/a	n/a	n/a	n/a	n/a	n/a	n/a	n/a	n/a	21258.333333
21375.933333	0.266667	10687967	coarse_label	Blocklist (Data break)	n/a	n/a	n/a	n/a	n/a	n/a	n/a	n/a	n/a	21375.933333
21376.200000	120.033333	10688100	coarse_label	Computer/phone	n/a	n/a	n/a	n/a	n/a	n/a	n/a	n/a	n/a	21376.200000
21496.233333	0.100000	10748117	coarse_label	Blocklist (Data break)	n/a	n/a	n/a	n/a	n/a	n/a	n/a	n/a	n/a	21496.233333
21496.333333	121.200000	10748167	coarse_label	Computer/phone	n/a	n/a	n/a	n/a	n/a	n/a	n/a	n/a	n/a	21496.333333
21617.533333	0.066667	10808767	coarse_label	Blocklist (Data break)	n/a	n/a	n/a	n/a	n/a	n/a	n/a	n/a	n/a	21617.533333
21617.600000	121.066667	10808800	coarse_label	Computer/phone	n/a	n/a	n/a	n/a	n/a	n/a	n/a	n/a	n/a	21617.600000
21738.666667	0.166667	10869333	coarse_label	Blocklist (Data break)	n/a	n/a	n/a	n/a	n/a	n/a	n/a	n/a	n/a	21738.666667
21738.833333	118.733333	10869417	coarse_label	Computer/phone	n/a	n/a	n/a	n/a	n/a	n/a	n/a	n/a	n/a	21738.833333
21857.566667	0.300000	10928783	coarse_label	Blocklist (Data break)	n/a	n/a	n/a	n/a	n/a	n/a	n/a	n/a	n/a	21857.566667
21857.866667	118.800000	10928933	coarse_label	Computer/phone	n/a	n/a	n/a	n/a	n/a	n/a	n/a	n/a	n/a	21857.866667
21976.666667	0.166667	10988333	coarse_label	Blocklist (Data break)	n/a	n/a	n/a	n/a	n/a	n/a	n/a	n/a	n/a	21976.666667
21976.833333	120.033333	10988417	coarse_label	Computer/phone	n/a	n/a	n/a	n/a	n/a	n/a	n/a	n/a	n/a	21976.833333
22096.866667	0.166667	11048433	coarse_label	Blocklist (Data break)	n/a	n/a	n/a	n/a	n/a	n/a	n/a	n/a	n/a	22096.866667
22097.033333	119.833333	11048517	coarse_label	Computer/phone	n/a	n/a	n/a	n/a	n/a	n/a	n/a	n/a	n/a	22097.033333
22216.866667	0.166667	11108433	coarse_label	Blocklist (Data break)	n/a	n/a	n/a	n/a	n/a	n/a	n/a	n/a	n/a	22216.866667
22217.033333	119.800000	11108517	coarse_label	Computer/phone	n/a	n/a	n/a	n/a	n/a	n/a	n/a	n/a	n/a	22217.033333
22336.833333	0.100000	11168417	coarse_label	Blocklist (Data break)	n/a	n/a	n/a	n/a	n/a	n/a	n/a	n/a	n/a	22336.833333
22336.933333	121.000000	11168467	coarse_label	Computer/phone	n/a	n/a	n/a	n/a	n/a	n/a	n/a	n/a	n/a	22336.933333
22457.933333	0.066667	11228967	coarse_label	Blocklist (Data break)	n/a	n/a	n/a	n/a	n/a	n/a	n/a	n/a	n/a	22457.933333
22458.000000	118.933333	11229000	coarse_label	Talk	n/a	n/a	n/a	n/a	n/a	n/a	n/a	n/a	n/a	22458.000000
22576.933333	0.233333	11288467	coarse_label	Blocklist (Data break)	n/a	n/a	n/a	n/a	n/a	n/a	n/a	n/a	n/a	22576.933333
22577.166667	120.166667	11288583	coarse_label	Computer/phone	n/a	n/a	n/a	n/a	n/a	n/a	n/a	n/a	n/a	22577.166667
22631.078000	0.866667	11315539	reach_onset	n/a	r_wrist	96.016546	-116.633022	143.398450	0.404928	0.598027	0.733333	1.000000	22631.078000	22631.078000
22697.333333	0.166667	11348667	coarse_label	Blocklist (Data break)	n/a	n/a	n/a	n/a	n/a	n/a	n/a	n/a	n/a	22697.333333
22697.500000	118.633333	11348750	coarse_label	Computer/phone	n/a	n/a	n/a	n/a	n/a	n/a	n/a	n/a	n/a	22697.500000
22816.133333	0.200000	11408067	coarse_label	Blocklist (Data break)	n/a	n/a	n/a	n/a	n/a	n/a	n/a	n/a	n/a	22816.133333
22816.333333	120.266667	11408167	coarse_label	Computer/phone	n/a	n/a	n/a	n/a	n/a	n/a	n/a	n/a	n/a	22816.333333
22936.600000	0.066667	11468300	coarse_label	Blocklist (Data break)	n/a	n/a	n/a	n/a	n/a	n/a	n/a	n/a	n/a	22936.600000
22936.666667	120.033333	11468333	coarse_label	Talk	n/a	n/a	n/a	n/a	n/a	n/a	n/a	n/a	n/a	22936.666667
23056.700000	0.166667	11528350	coarse_label	Blocklist (Data break)	n/a	n/a	n/a	n/a	n/a	n/a	n/a	n/a	n/a	23056.700000
23056.866667	120.066667	11528433	coarse_label	Other activity	n/a	n/a	n/a	n/a	n/a	n/a	n/a	n/a	n/a	23056.866667
23176.933333	0.100000	11588467	coarse_label	Blocklist (Data break)	n/a	n/a	n/a	n/a	n/a	n/a	n/a	n/a	n/a	23176.933333
23177.033333	119.800000	11588517	coarse_label	Other activity	n/a	n/a	n/a	n/a	n/a	n/a	n/a	n/a	n/a	23177.033333
23296.833333	0.233333	11648417	coarse_label	Blocklist (Data break)	n/a	n/a	n/a	n/a	n/a	n/a	n/a	n/a	n/a	23296.833333
23297.066667	121.033333	11648533	coarse_label	Sleep/rest	n/a	n/a	n/a	n/a	n/a	n/a	n/a	n/a	n/a	23297.066667
23418.100000	0.100000	11709050	coarse_label	Blocklist (Data break)	n/a	n/a	n/a	n/a	n/a	n/a	n/a	n/a	n/a	23418.100000
23418.200000	118.733333	11709100	coarse_label	Sleep/rest	n/a	n/a	n/a	n/a	n/a	n/a	n/a	n/a	n/a	23418.200000
23536.933333	0.133333	11768467	coarse_label	Blocklist (Data break)	n/a	n/a	n/a	n/a	n/a	n/a	n/a	n/a	n/a	23536.933333
23537.066667	121.566667	11768533	coarse_label	Other activity	n/a	n/a	n/a	n/a	n/a	n/a	n/a	n/a	n/a	23537.066667
23658.633333	0.133333	11829317	coarse_label	Blocklist (Data break)	n/a	n/a	n/a	n/a	n/a	n/a	n/a	n/a	n/a	23658.633333
23658.766667	118.166667	11829383	coarse_label	Blocklist (Camera move/zoom)	n/a	n/a	n/a	n/a	n/a	n/a	n/a	n/a	n/a	23658.766667
23776.933333	0.133333	11888467	coarse_label	Blocklist (Data break)	n/a	n/a	n/a	n/a	n/a	n/a	n/a	n/a	n/a	23776.933333
23777.066667	120.833333	11888533	coarse_label	Sleep/rest	n/a	n/a	n/a	n/a	n/a	n/a	n/a	n/a	n/a	23777.066667
23897.900000	0.133333	11948950	coarse_label	Blocklist (Data break)	n/a	n/a	n/a	n/a	n/a	n/a	n/a	n/a	n/a	23897.900000
23898.033333	118.533333	11949017	coarse_label	Sleep/rest	n/a	n/a	n/a	n/a	n/a	n/a	n/a	n/a	n/a	23898.033333
24016.566667	0.133333	12008283	coarse_label	Blocklist (Data break)	n/a	n/a	n/a	n/a	n/a	n/a	n/a	n/a	n/a	24016.566667
24016.700000	119.666667	12008350	coarse_label	Sleep/rest	n/a	n/a	n/a	n/a	n/a	n/a	n/a	n/a	n/a	24016.700000
24136.366667	0.100000	12068183	coarse_label	Blocklist (Data break)	n/a	n/a	n/a	n/a	n/a	n/a	n/a	n/a	n/a	24136.366667
24136.466667	119.533333	12068233	coarse_label	Sleep/rest	n/a	n/a	n/a	n/a	n/a	n/a	n/a	n/a	n/a	24136.466667
24256.000000	0.200000	12128000	coarse_label	Blocklist (Data break)	n/a	n/a	n/a	n/a	n/a	n/a	n/a	n/a	n/a	24256.000000
24256.200000	119.700000	12128100	coarse_label	Sleep/rest	n/a	n/a	n/a	n/a	n/a	n/a	n/a	n/a	n/a	24256.200000
24375.900000	0.100000	12187950	coarse_label	Blocklist (Data break)	n/a	n/a	n/a	n/a	n/a	n/a	n/a	n/a	n/a	24375.900000
24376.000000	120.733333	12188000	coarse_label	Sleep/rest	n/a	n/a	n/a	n/a	n/a	n/a	n/a	n/a	n/a	24376.000000
24496.733333	0.166667	12248367	coarse_label	Blocklist (Data break)	n/a	n/a	n/a	n/a	n/a	n/a	n/a	n/a	n/a	24496.733333
24496.900000	119.733333	12248450	coarse_label	Sleep/rest	n/a	n/a	n/a	n/a	n/a	n/a	n/a	n/a	n/a	24496.900000
24616.633333	0.166667	12308317	coarse_label	Blocklist (Data break)	n/a	n/a	n/a	n/a	n/a	n/a	n/a	n/a	n/a	24616.633333
24616.800000	119.833333	12308400	coarse_label	Sleep/rest	n/a	n/a	n/a	n/a	n/a	n/a	n/a	n/a	n/a	24616.800000
24736.633333	0.166667	12368317	coarse_label	Blocklist (Data break)	n/a	n/a	n/a	n/a	n/a	n/a	n/a	n/a	n/a	24736.633333
24736.800000	120.033333	12368400	coarse_label	Sleep/rest	n/a	n/a	n/a	n/a	n/a	n/a	n/a	n/a	n/a	24736.800000
24856.833333	0.100000	12428417	coarse_label	Blocklist (Data break)	n/a	n/a	n/a	n/a	n/a	n/a	n/a	n/a	n/a	24856.833333
24856.933333	119.866667	12428467	coarse_label	Sleep/rest	n/a	n/a	n/a	n/a	n/a	n/a	n/a	n/a	n/a	24856.933333
24976.800000	0.100000	12488400	coarse_label	Blocklist (Data break)	n/a	n/a	n/a	n/a	n/a	n/a	n/a	n/a	n/a	24976.800000
24976.900000	120.900000	12488450	coarse_label	Sleep/rest	n/a	n/a	n/a	n/a	n/a	n/a	n/a	n/a	n/a	24976.900000
25097.800000	0.200000	12548900	coarse_label	Blocklist (Data break)	n/a	n/a	n/a	n/a	n/a	n/a	n/a	n/a	n/a	25097.800000
25098.000000	118.733333	12549000	coarse_label	Sleep/rest	n/a	n/a	n/a	n/a	n/a	n/a	n/a	n/a	n/a	25098.000000
25216.733333	0.066667	12608367	coarse_label	Blocklist (Data break)	n/a	n/a	n/a	n/a	n/a	n/a	n/a	n/a	n/a	25216.733333
25216.800000	119.800000	12608400	coarse_label	Sleep/rest	n/a	n/a	n/a	n/a	n/a	n/a	n/a	n/a	n/a	25216.800000
25336.600000	0.266667	12668300	coarse_label	Blocklist (Data break)	n/a	n/a	n/a	n/a	n/a	n/a	n/a	n/a	n/a	25336.600000
25336.866667	118.933333	12668433	coarse_label	Sleep/rest	n/a	n/a	n/a	n/a	n/a	n/a	n/a	n/a	n/a	25336.866667
25455.800000	0.100000	12727900	coarse_label	Blocklist (Data break)	n/a	n/a	n/a	n/a	n/a	n/a	n/a	n/a	n/a	25455.800000
25455.900000	120.266667	12727950	coarse_label	Computer/phone	n/a	n/a	n/a	n/a	n/a	n/a	n/a	n/a	n/a	25455.900000
25484.988000	0.700000	12742494	reach_onset	n/a	r_wrist	84.907675	-102.879622	265.428620	0.131313	0.020665	0.000000	0.000000	25484.988000	25484.988000
25576.166667	0.100000	12788083	coarse_label	Blocklist (Data break)	n/a	n/a	n/a	n/a	n/a	n/a	n/a	n/a	n/a	25576.166667
25576.266667	120.500000	12788133	coarse_label	Computer/phone	n/a	n/a	n/a	n/a	n/a	n/a	n/a	n/a	n/a	25576.266667
25696.766667	0.100000	12848383	coarse_label	Blocklist (Data break)	n/a	n/a	n/a	n/a	n/a	n/a	n/a	n/a	n/a	25696.766667
25696.866667	119.400000	12848433	coarse_label	Computer/phone	n/a	n/a	n/a	n/a	n/a	n/a	n/a	n/a	n/a	25696.866667
25816.266667	0.233333	12908133	coarse_label	Blocklist (Data break)	n/a	n/a	n/a	n/a	n/a	n/a	n/a	n/a	n/a	25816.266667
25816.500000	119.533333	12908250	coarse_label	Computer/phone	n/a	n/a	n/a	n/a	n/a	n/a	n/a	n/a	n/a	25816.500000
25936.033333	0.266667	12968017	coarse_label	Blocklist (Data break)	n/a	n/a	n/a	n/a	n/a	n/a	n/a	n/a	n/a	25936.033333
25936.300000	121.000000	12968150	coarse_label	Computer/phone	n/a	n/a	n/a	n/a	n/a	n/a	n/a	n/a	n/a	25936.300000
26057.300000	0.066667	13028650	coarse_label	Blocklist (Data break)	n/a	n/a	n/a	n/a	n/a	n/a	n/a	n/a	n/a	26057.300000
26057.366667	119.100000	13028683	coarse_label	Talk	n/a	n/a	n/a	n/a	n/a	n/a	n/a	n/a	n/a	26057.366667
26176.466667	0.166667	13088233	coarse_label	Blocklist (Data break)	n/a	n/a	n/a	n/a	n/a	n/a	n/a	n/a	n/a	26176.466667
26176.633333	120.900000	13088317	coarse_label	Other activity	n/a	n/a	n/a	n/a	n/a	n/a	n/a	n/a	n/a	26176.633333
26195.944000	0.700000	13097972	reach_onset	n/a	r_wrist	59.609455	-117.626300	174.490316	0.453595	0.194340	0.000000	0.000000	26195.944000	26195.943000
26297.533333	0.066667	13148767	coarse_label	Blocklist (Data break)	n/a	n/a	n/a	n/a	n/a	n/a	n/a	n/a	n/a	26297.533333
26297.600000	118.233333	13148800	coarse_label	Sleep/rest	n/a	n/a	n/a	n/a	n/a	n/a	n/a	n/a	n/a	26297.600000
26415.833333	0.166667	13207917	coarse_label	Blocklist (Data break)	n/a	n/a	n/a	n/a	n/a	n/a	n/a	n/a	n/a	26415.833333
26416.000000	120.400000	13208000	coarse_label	Sleep/rest	n/a	n/a	n/a	n/a	n/a	n/a	n/a	n/a	n/a	26416.000000
26536.400000	0.133333	13268200	coarse_label	Blocklist (Data break)	n/a	n/a	n/a	n/a	n/a	n/a	n/a	n/a	n/a	26536.400000
26536.533333	121.433333	13268267	coarse_label	Sleep/rest	n/a	n/a	n/a	n/a	n/a	n/a	n/a	n/a	n/a	26536.533333
26657.966667	0.066667	13328983	coarse_label	Blocklist (Data break)	n/a	n/a	n/a	n/a	n/a	n/a	n/a	n/a	n/a	26657.966667
26658.033333	117.833333	13329017	coarse_label	Sleep/rest	n/a	n/a	n/a	n/a	n/a	n/a	n/a	n/a	n/a	26658.033333
26775.866667	0.200000	13387933	coarse_label	Blocklist (Data break)	n/a	n/a	n/a	n/a	n/a	n/a	n/a	n/a	n/a	26775.866667
26776.066667	120.000000	13388033	coarse_label	Sleep/rest	n/a	n/a	n/a	n/a	n/a	n/a	n/a	n/a	n/a	26776.066667
26896.066667	0.100000	13448033	coarse_label	Blocklist (Data break)	n/a	n/a	n/a	n/a	n/a	n/a	n/a	n/a	n/a	26896.066667
26896.166667	119.966667	13448083	coarse_label	Sleep/rest	n/a	n/a	n/a	n/a	n/a	n/a	n/a	n/a	n/a	26896.166667
27016.133333	0.166667	13508067	coarse_label	Blocklist (Data break)	n/a	n/a	n/a	n/a	n/a	n/a	n/a	n/a	n/a	27016.133333
27016.300000	119.933333	13508150	coarse_label	Sleep/rest	n/a	n/a	n/a	n/a	n/a	n/a	n/a	n/a	n/a	27016.300000
27136.233333	0.166667	13568117	coarse_label	Blocklist (Data break)	n/a	n/a	n/a	n/a	n/a	n/a	n/a	n/a	n/a	27136.233333
27136.400000	121.066667	13568200	coarse_label	Talk	n/a	n/a	n/a	n/a	n/a	n/a	n/a	n/a	n/a	27136.400000
27257.466667	0.266667	13628733	coarse_label	Blocklist (Data break)	n/a	n/a	n/a	n/a	n/a	n/a	n/a	n/a	n/a	27257.466667
27257.733333	120.166667	13628867	coarse_label	Talk	n/a	n/a	n/a	n/a	n/a	n/a	n/a	n/a	n/a	27257.733333
27313.278000	4.006000	13656639	nan_segment	n/a	n/a	n/a	n/a	n/a	n/a	n/a	n/a	n/a	n/a	n/a
27377.900000	0.066667	13688950	coarse_label	Blocklist (Data break)	n/a	n/a	n/a	n/a	n/a	n/a	n/a	n/a	n/a	27377.900000
27377.966667	118.733333	13688983	coarse_label	Talk	n/a	n/a	n/a	n/a	n/a	n/a	n/a	n/a	n/a	27377.966667
27496.700000	0.133333	13748350	coarse_label	Blocklist (Data break)	n/a	n/a	n/a	n/a	n/a	n/a	n/a	n/a	n/a	27496.700000
27496.833333	120.333333	13748417	coarse_label	Talk	n/a	n/a	n/a	n/a	n/a	n/a	n/a	n/a	n/a	27496.833333
27617.166667	0.166667	13808583	coarse_label	Blocklist (Data break)	n/a	n/a	n/a	n/a	n/a	n/a	n/a	n/a	n/a	27617.166667
27617.333333	124.033333	13808667	coarse_label	Talk	n/a	n/a	n/a	n/a	n/a	n/a	n/a	n/a	n/a	27617.333333
27722.076000	1.066667	13861038	reach_onset	n/a	r_wrist	99.590667	-87.092007	142.326019	0.548961	0.008074	0.400000	1.000000	27722.076000	27722.076000
27741.366667	0.066667	13870683	coarse_label	Blocklist (Data break)	n/a	n/a	n/a	n/a	n/a	n/a	n/a	n/a	n/a	27741.366667
27741.433333	114.766667	13870717	coarse_label	Talk	n/a	n/a	n/a	n/a	n/a	n/a	n/a	n/a	n/a	27741.433333
27856.200000	0.033333	13928100	coarse_label	Blocklist (Data break)	n/a	n/a	n/a	n/a	n/a	n/a	n/a	n/a	n/a	27856.200000
27856.233333	119.700000	13928117	coarse_label	Talk	n/a	n/a	n/a	n/a	n/a	n/a	n/a	n/a	n/a	27856.233333
27888.116000	1.400000	13944058	reach_onset	n/a	r_wrist	128.303073	-145.296882	155.958746	0.535650	0.242995	1.200000	1.000000	27888.116000	27888.116000
27924.148000	0.633333	13962074	reach_onset	n/a	r_wrist	43.497060	-131.981546	106.911812	0.563597	0.318572	0.400000	1.000000	27924.148000	27924.149000
27975.933333	0.133333	13987967	coarse_label	Blocklist (Data break)	n/a	n/a	n/a	n/a	n/a	n/a	n/a	n/a	n/a	27975.933333
27976.066667	120.600000	13988033	coarse_label	Talk	n/a	n/a	n/a	n/a	n/a	n/a	n/a	n/a	n/a	27976.066667
28096.666667	0.033333	14048333	coarse_label	Blocklist (Data break)	n/a	n/a	n/a	n/a	n/a	n/a	n/a	n/a	n/a	28096.666667
28096.700000	120.033333	14048350	coarse_label	Talk	n/a	n/a	n/a	n/a	n/a	n/a	n/a	n/a	n/a	28096.700000
28216.733333	0.033333	14108367	coarse_label	Blocklist (Data break)	n/a	n/a	n/a	n/a	n/a	n/a	n/a	n/a	n/a	28216.733333
28216.766667	119.566667	14108383	coarse_label	Talk	n/a	n/a	n/a	n/a	n/a	n/a	n/a	n/a	n/a	28216.766667
28336.333333	0.100000	14168167	coarse_label	Blocklist (Data break)	n/a	n/a	n/a	n/a	n/a	n/a	n/a	n/a	n/a	28336.333333
28336.433333	119.100000	14168217	coarse_label	Talk	n/a	n/a	n/a	n/a	n/a	n/a	n/a	n/a	n/a	28336.433333
28340.604000	1.233333	14170302	reach_onset	n/a	r_wrist	91.850348	148.111239	170.363122	0.494720	0.287177	0.400000	1.000000	28340.604000	28340.604000
28455.533333	0.266667	14227767	coarse_label	Blocklist (Data break)	n/a	n/a	n/a	n/a	n/a	n/a	n/a	n/a	n/a	28455.533333
28455.800000	120.100000	14227900	coarse_label	Talk	n/a	n/a	n/a	n/a	n/a	n/a	n/a	n/a	n/a	28455.800000
28575.900000	0.133333	14287950	coarse_label	Blocklist (Data break)	n/a	n/a	n/a	n/a	n/a	n/a	n/a	n/a	n/a	28575.900000
28576.033333	120.133333	14288017	coarse_label	Talk	n/a	n/a	n/a	n/a	n/a	n/a	n/a	n/a	n/a	28576.033333
28631.148000	0.533333	14315574	reach_onset	n/a	r_wrist	61.236854	176.673318	161.617636	0.592798	0.085802	0.233333	1.000000	28631.148000	28631.149000
28650.548000	1.166667	14325274	reach_onset	n/a	r_wrist	55.491932	92.383866	138.446987	0.608232	0.936326	0.666667	1.000000	28650.548000	28650.549000
28696.166667	0.033333	14348083	coarse_label	Blocklist (Data break)	n/a	n/a	n/a	n/a	n/a	n/a	n/a	n/a	n/a	28696.166667
28696.200000	119.866667	14348100	coarse_label	Talk	n/a	n/a	n/a	n/a	n/a	n/a	n/a	n/a	n/a	28696.200000
28720.696000	1.133333	14360348	reach_onset	n/a	r_wrist	57.518852	-172.224527	152.443510	0.581962	0.335505	0.666667	1.000000	28720.696000	28720.697000
28745.330000	1.300000	14372665	reach_onset	n/a	r_wrist	86.919621	-104.465252	152.792150	0.527731	0.521471	1.133333	1.000000	28745.330000	28745.330000
28816.066667	0.166667	14408033	coarse_label	Blocklist (Data break)	n/a	n/a	n/a	n/a	n/a	n/a	n/a	n/a	n/a	28816.066667
28816.233333	241.433333	14408117	coarse_label	Talk	n/a	n/a	n/a	n/a	n/a	n/a	n/a	n/a	n/a	28816.233333
29057.666667	0.066667	14528833	coarse_label	Blocklist (Data break)	n/a	n/a	n/a	n/a	n/a	n/a	n/a	n/a	n/a	29057.666667
29057.733333	118.300000	14528867	coarse_label	Talk	n/a	n/a	n/a	n/a	n/a	n/a	n/a	n/a	n/a	29057.733333
29176.033333	0.033333	14588017	coarse_label	Blocklist (Data break)	n/a	n/a	n/a	n/a	n/a	n/a	n/a	n/a	n/a	29176.033333
29176.066667	61.733333	14588033	coarse_label	Talk	n/a	n/a	n/a	n/a	n/a	n/a	n/a	n/a	n/a	29176.066667
29236.064000	24.546000	14618032	nan_segment	n/a	n/a	n/a	n/a	n/a	n/a	n/a	n/a	n/a	n/a	n/a
29237.800000	19.266667	14618900	coarse_label	Blocklist (Data break)	n/a	n/a	n/a	n/a	n/a	n/a	n/a	n/a	n/a	29237.800000
29257.066667	26.633333	14628533	coarse_label	Inactive	n/a	n/a	n/a	n/a	n/a	n/a	n/a	n/a	n/a	29257.066667
29282.014000	62.370000	14641007	nan_segment	n/a	n/a	n/a	n/a	n/a	n/a	n/a	n/a	n/a	n/a	n/a
29283.700000	86.000000	14641850	coarse_label	Blocklist (Data break)	n/a	n/a	n/a	n/a	n/a	n/a	n/a	n/a	n/a	29283.700000
29347.736000	17.446000	14673868	nan_segment	n/a	n/a	n/a	n/a	n/a	n/a	n/a	n/a	n/a	n/a	n/a
29369.700000	25.300000	14684850	coarse_label	Other activity	n/a	n/a	n/a	n/a	n/a	n/a	n/a	n/a	n/a	29369.700000
29393.236000	22.446000	14696618	nan_segment	n/a	n/a	n/a	n/a	n/a	n/a	n/a	n/a	n/a	n/a	n/a
29395.000000	18.300000	14697500	coarse_label	Blocklist (Data break)	n/a	n/a	n/a	n/a	n/a	n/a	n/a	n/a	n/a	29395.000000
29413.300000	122.366667	14706650	coarse_label	Other activity	n/a	n/a	n/a	n/a	n/a	n/a	n/a	n/a	n/a	29413.300000
29463.510000	1.300000	14731755	reach_onset	n/a	r_wrist	60.595531	154.549366	121.526748	0.312202	0.364841	0.466667	1.000000	29463.510000	29463.510000
29513.304000	12.592000	14756652	nan_segment	n/a	n/a	n/a	n/a	n/a	n/a	n/a	n/a	n/a	n/a	n/a
29535.666667	0.100000	14767833	coarse_label	Blocklist (Data break)	n/a	n/a	n/a	n/a	n/a	n/a	n/a	n/a	n/a	29535.666667
29535.766667	118.166667	14767883	coarse_label	Blocklist (Camera move/zoom)	n/a	n/a	n/a	n/a	n/a	n/a	n/a	n/a	n/a	29535.766667
29653.933333	0.033333	14826967	coarse_label	Blocklist (Data break)	n/a	n/a	n/a	n/a	n/a	n/a	n/a	n/a	n/a	29653.933333
29653.966667	119.633333	14826983	coarse_label	Computer/phone	n/a	n/a	n/a	n/a	n/a	n/a	n/a	n/a	n/a	29653.966667
29773.600000	0.133333	14886800	coarse_label	Blocklist (Data break)	n/a	n/a	n/a	n/a	n/a	n/a	n/a	n/a	n/a	29773.600000
29773.733333	119.966667	14886867	coarse_label	Computer/phone	n/a	n/a	n/a	n/a	n/a	n/a	n/a	n/a	n/a	29773.733333
29893.700000	0.033333	14946850	coarse_label	Blocklist (Data break)	n/a	n/a	n/a	n/a	n/a	n/a	n/a	n/a	n/a	29893.700000
29893.733333	119.933333	14946867	coarse_label	Computer/phone	n/a	n/a	n/a	n/a	n/a	n/a	n/a	n/a	n/a	29893.733333
30013.666667	0.066667	15006833	coarse_label	Blocklist (Data break)	n/a	n/a	n/a	n/a	n/a	n/a	n/a	n/a	n/a	30013.666667
30013.733333	120.066667	15006867	coarse_label	Computer/phone	n/a	n/a	n/a	n/a	n/a	n/a	n/a	n/a	n/a	30013.733333
30106.446000	1.366667	15053223	reach_onset	n/a	r_wrist	87.979175	-83.832772	114.142313	0.301619	0.046842	0.000000	0.000000	30106.446000	30106.446000
30133.800000	0.033333	15066900	coarse_label	Blocklist (Data break)	n/a	n/a	n/a	n/a	n/a	n/a	n/a	n/a	n/a	30133.800000
30133.833333	121.633333	15066917	coarse_label	Computer/phone	n/a	n/a	n/a	n/a	n/a	n/a	n/a	n/a	n/a	30133.833333
30255.466667	0.200000	15127733	coarse_label	Blocklist (Data break)	n/a	n/a	n/a	n/a	n/a	n/a	n/a	n/a	n/a	30255.466667
30255.666667	117.533333	15127833	coarse_label	Computer/phone	n/a	n/a	n/a	n/a	n/a	n/a	n/a	n/a	n/a	30255.666667
30263.364000	0.800000	15131682	reach_onset	n/a	r_wrist	134.996052	-89.842424	237.108796	0.371085	0.563147	0.800000	1.000000	30263.364000	30263.365000
30373.200000	0.066667	15186600	coarse_label	Blocklist (Data break)	n/a	n/a	n/a	n/a	n/a	n/a	n/a	n/a	n/a	30373.200000
30373.266667	120.633333	15186633	coarse_label	Talk	n/a	n/a	n/a	n/a	n/a	n/a	n/a	n/a	n/a	30373.266667
30379.782000	0.900000	15189891	reach_onset	n/a	r_wrist	88.487651	-95.910534	121.551209	0.408050	0.051883	0.233333	1.000000	30379.782000	30379.782000
30452.716000	1.100000	15226358	reach_onset	n/a	r_wrist	148.861670	-95.593548	165.970904	0.411169	0.002392	0.100000	0.000000	30452.716000	30452.716000
30493.900000	0.066667	15246950	coarse_label	Blocklist (Data break)	n/a	n/a	n/a	n/a	n/a	n/a	n/a	n/a	n/a	30493.900000
30493.966667	119.133333	15246983	coarse_label	Inactive	n/a	n/a	n/a	n/a	n/a	n/a	n/a	n/a	n/a	30493.966667
30613.100000	0.100000	15306550	coarse_label	Blocklist (Data break)	n/a	n/a	n/a	n/a	n/a	n/a	n/a	n/a	n/a	30613.100000
30613.200000	122.333333	15306600	coarse_label	Talk	n/a	n/a	n/a	n/a	n/a	n/a	n/a	n/a	n/a	30613.200000
30633.156000	1.000000	15316578	reach_onset	n/a	r_wrist	71.992036	-103.235651	110.244153	0.403574	0.163568	1.000000	1.000000	30633.156000	30633.156000
30735.533333	0.233333	15367767	coarse_label	Blocklist (Data break)	n/a	n/a	n/a	n/a	n/a	n/a	n/a	n/a	n/a	30735.533333
30735.766667	117.933333	15367883	coarse_label	Computer/phone	n/a	n/a	n/a	n/a	n/a	n/a	n/a	n/a	n/a	30735.766667
30853.700000	0.266667	15426850	coarse_label	Blocklist (Data break)	n/a	n/a	n/a	n/a	n/a	n/a	n/a	n/a	n/a	30853.700000
30853.966667	120.100000	15426983	coarse_label	Talk	n/a	n/a	n/a	n/a	n/a	n/a	n/a	n/a	n/a	30853.966667
30862.704000	0.866667	15431352	reach_onset	n/a	r_wrist	122.629543	-101.602470	133.916188	0.504862	0.436792	0.866667	1.000000	30862.704000	30862.705000
30974.066667	0.100000	15487033	coarse_label	Blocklist (Data break)	n/a	n/a	n/a	n/a	n/a	n/a	n/a	n/a	n/a	30974.066667
30974.166667	119.233333	15487083	coarse_label	Talk	n/a	n/a	n/a	n/a	n/a	n/a	n/a	n/a	n/a	30974.166667
31091.226000	0.533333	15545613	reach_onset	n/a	r_wrist	121.802270	-93.788591	327.790839	0.464866	0.066130	0.300000	1.000000	31091.226000	31091.226000
31093.400000	0.133333	15546700	coarse_label	Blocklist (Data break)	n/a	n/a	n/a	n/a	n/a	n/a	n/a	n/a	n/a	31093.400000
31093.533333	120.000000	15546767	coarse_label	Talk	n/a	n/a	n/a	n/a	n/a	n/a	n/a	n/a	n/a	31093.533333
31107.612000	1.566667	15553806	reach_onset	n/a	r_wrist	140.805059	-112.735761	122.138920	0.461792	0.302673	1.366667	1.000000	31107.612000	31107.612000
31213.533333	0.133333	15606767	coarse_label	Blocklist (Data break)	n/a	n/a	n/a	n/a	n/a	n/a	n/a	n/a	n/a	31213.533333
31213.666667	119.900000	15606833	coarse_label	Talk	n/a	n/a	n/a	n/a	n/a	n/a	n/a	n/a	n/a	31213.666667
31233.332000	1.200000	15616666	reach_onset	n/a	r_wrist	134.165942	-95.992636	209.198522	0.466353	0.059833	0.300000	1.000000	31233.332000	31233.332000
31333.566667	0.133333	15666783	coarse_label	Blocklist (Data break)	n/a	n/a	n/a	n/a	n/a	n/a	n/a	n/a	n/a	31333.566667
31333.700000	120.800000	15666850	coarse_label	Talk	n/a	n/a	n/a	n/a	n/a	n/a	n/a	n/a	n/a	31333.700000
31418.818000	0.533333	15709409	reach_onset	n/a	r_wrist	121.453111	-106.124259	273.046545	0.356136	0.018933	0.000000	1.000000	31418.818000	31418.818000
31454.500000	0.133333	15727250	coarse_label	Blocklist (Data break)	n/a	n/a	n/a	n/a	n/a	n/a	n/a	n/a	n/a	31454.500000
31454.633333	118.400000	15727317	coarse_label	Other activity	n/a	n/a	n/a	n/a	n/a	n/a	n/a	n/a	n/a	31454.633333
31472.182000	1.200000	15736091	reach_onset	n/a	r_wrist	122.288323	-95.780772	155.151437	0.184852	0.298908	1.200000	1.000000	31472.182000	31472.182000
31573.033333	0.066667	15786517	coarse_label	Blocklist (Data break)	n/a	n/a	n/a	n/a	n/a	n/a	n/a	n/a	n/a	31573.033333
31573.100000	120.366667	15786550	coarse_label	Inactive	n/a	n/a	n/a	n/a	n/a	n/a	n/a	n/a	n/a	31573.100000
31657.166000	0.766667	15828583	reach_onset	n/a	r_wrist	125.710767	-97.013144	148.575186	0.111026	0.009740	0.000000	0.000000	31657.166000	31657.166000
31693.466667	0.066667	15846733	coarse_label	Blocklist (Data break)	n/a	n/a	n/a	n/a	n/a	n/a	n/a	n/a	n/a	31693.466667
31693.533333	119.433333	15846767	coarse_label	Inactive	n/a	n/a	n/a	n/a	n/a	n/a	n/a	n/a	n/a	31693.533333
31812.966667	0.066667	15906483	coarse_label	Blocklist (Data break)	n/a	n/a	n/a	n/a	n/a	n/a	n/a	n/a	n/a	31812.966667
31813.033333	120.333333	15906517	coarse_label	Inactive	n/a	n/a	n/a	n/a	n/a	n/a	n/a	n/a	n/a	31813.033333
31933.366667	0.100000	15966683	coarse_label	Blocklist (Data break)	n/a	n/a	n/a	n/a	n/a	n/a	n/a	n/a	n/a	31933.366667
31933.466667	120.400000	15966733	coarse_label	Inactive	n/a	n/a	n/a	n/a	n/a	n/a	n/a	n/a	n/a	31933.466667
32053.866667	0.033333	16026933	coarse_label	Blocklist (Data break)	n/a	n/a	n/a	n/a	n/a	n/a	n/a	n/a	n/a	32053.866667
32053.900000	119.266667	16026950	coarse_label	Inactive	n/a	n/a	n/a	n/a	n/a	n/a	n/a	n/a	n/a	32053.900000
32173.166667	0.133333	16086583	coarse_label	Blocklist (Data break)	n/a	n/a	n/a	n/a	n/a	n/a	n/a	n/a	n/a	32173.166667
32173.300000	120.200000	16086650	coarse_label	Inactive	n/a	n/a	n/a	n/a	n/a	n/a	n/a	n/a	n/a	32173.300000
32293.500000	0.200000	16146750	coarse_label	Blocklist (Data break)	n/a	n/a	n/a	n/a	n/a	n/a	n/a	n/a	n/a	32293.500000
32293.700000	119.666667	16146850	coarse_label	Talk	n/a	n/a	n/a	n/a	n/a	n/a	n/a	n/a	n/a	32293.700000
32413.366667	0.066667	16206683	coarse_label	Blocklist (Data break)	n/a	n/a	n/a	n/a	n/a	n/a	n/a	n/a	n/a	32413.366667
32413.433333	120.466667	16206717	coarse_label	Blocklist (Camera move/zoom)	n/a	n/a	n/a	n/a	n/a	n/a	n/a	n/a	n/a	32413.433333
32533.900000	0.133333	16266950	coarse_label	Blocklist (Data break)	n/a	n/a	n/a	n/a	n/a	n/a	n/a	n/a	n/a	32533.900000
32534.033333	122.400000	16267017	coarse_label	Eat	n/a	n/a	n/a	n/a	n/a	n/a	n/a	n/a	n/a	32534.033333
32656.433333	0.133333	16328217	coarse_label	Blocklist (Data break)	n/a	n/a	n/a	n/a	n/a	n/a	n/a	n/a	n/a	32656.433333
32656.566667	117.033333	16328283	coarse_label	Eat	n/a	n/a	n/a	n/a	n/a	n/a	n/a	n/a	n/a	32656.566667
32773.600000	0.033333	16386800	coarse_label	Blocklist (Data break)	n/a	n/a	n/a	n/a	n/a	n/a	n/a	n/a	n/a	32773.600000
32773.633333	124.133333	16386817	coarse_label	Eat	n/a	n/a	n/a	n/a	n/a	n/a	n/a	n/a	n/a	32773.633333
32897.766667	0.166667	16448883	coarse_label	Blocklist (Data break)	n/a	n/a	n/a	n/a	n/a	n/a	n/a	n/a	n/a	32897.766667
32897.933333	115.300000	16448967	coarse_label	Computer/phone	n/a	n/a	n/a	n/a	n/a	n/a	n/a	n/a	n/a	32897.933333
33013.233333	0.100000	16506617	coarse_label	Blocklist (Data break)	n/a	n/a	n/a	n/a	n/a	n/a	n/a	n/a	n/a	33013.233333
33013.333333	119.700000	16506667	coarse_label	Eat	n/a	n/a	n/a	n/a	n/a	n/a	n/a	n/a	n/a	33013.333333
33023.658000	0.966667	16511829	reach_onset	n/a	r_wrist	90.825144	-47.921763	113.614771	0.149424	0.059397	0.000000	1.000000	33023.658000	33023.657000
33133.033333	0.066667	16566517	coarse_label	Blocklist (Data break)	n/a	n/a	n/a	n/a	n/a	n/a	n/a	n/a	n/a	33133.033333
33133.100000	119.866667	16566550	coarse_label	Talk	n/a	n/a	n/a	n/a	n/a	n/a	n/a	n/a	n/a	33133.100000
33145.176000	0.733333	16572588	reach_onset	n/a	r_wrist	89.058564	-51.021268	215.996041	0.408640	0.007369	0.000000	0.000000	33145.176000	33145.177000
33165.510000	1.266667	16582755	reach_onset	n/a	r_wrist	101.428367	-83.397423	229.520795	0.452952	0.770771	1.133333	1.000000	33165.510000	33165.510000
33252.966667	0.133333	16626483	coarse_label	Blocklist (Data break)	n/a	n/a	n/a	n/a	n/a	n/a	n/a	n/a	n/a	33252.966667
33253.100000	119.866667	16626550	coarse_label	Talk	n/a	n/a	n/a	n/a	n/a	n/a	n/a	n/a	n/a	33253.100000
33295.730000	1.000000	16647865	reach_onset	n/a	r_wrist	109.673679	-40.684660	315.634583	0.423900	0.025874	0.000000	0.000000	33295.730000	33295.730000
33372.966667	0.033333	16686483	coarse_label	Blocklist (Data break)	n/a	n/a	n/a	n/a	n/a	n/a	n/a	n/a	n/a	33372.966667
33373.000000	150.066667	16686500	coarse_label	Talk	n/a	n/a	n/a	n/a	n/a	n/a	n/a	n/a	n/a	33373.000000
33484.058000	1.066667	16742029	reach_onset	n/a	r_wrist	113.140572	-52.655391	241.190892	0.274864	0.390600	0.000000	1.000000	33484.058000	33484.059000
33523.066667	0.133333	16761533	coarse_label	Blocklist (Data break)	n/a	n/a	n/a	n/a	n/a	n/a	n/a	n/a	n/a	33523.066667
33523.200000	92.200000	16761600	coarse_label	Blocklist (Camera move/zoom)	n/a	n/a	n/a	n/a	n/a	n/a	n/a	n/a	n/a	33523.200000
33615.400000	0.066667	16807700	coarse_label	Blocklist (Data break)	n/a	n/a	n/a	n/a	n/a	n/a	n/a	n/a	n/a	33615.400000
33615.466667	118.100000	16807733	coarse_label	Other activity	n/a	n/a	n/a	n/a	n/a	n/a	n/a	n/a	n/a	33615.466667
33701.202000	1.766667	16850601	reach_onset	n/a	r_wrist	191.174148	-104.148489	237.684981	0.256004	0.269355	1.500000	1.000000	33701.202000	33701.202000
33716.402000	1.000000	16858201	reach_onset	n/a	r_wrist	143.095220	-114.313067	260.122203	0.245170	0.361448	0.866667	1.000000	33716.402000	33716.402000
33733.566667	0.233333	16866783	coarse_label	Blocklist (Data break)	n/a	n/a	n/a	n/a	n/a	n/a	n/a	n/a	n/a	33733.566667
33733.800000	120.933333	16866900	coarse_label	Computer/phone	n/a	n/a	n/a	n/a	n/a	n/a	n/a	n/a	n/a	33733.800000
33854.733333	0.066667	16927367	coarse_label	Blocklist (Data break)	n/a	n/a	n/a	n/a	n/a	n/a	n/a	n/a	n/a	33854.733333
33854.800000	118.133333	16927400	coarse_label	Talk, Computer/phone	n/a	n/a	n/a	n/a	n/a	n/a	n/a	n/a	n/a	33854.800000
33972.933333	0.033333	16986467	coarse_label	Blocklist (Data break)	n/a	n/a	n/a	n/a	n/a	n/a	n/a	n/a	n/a	33972.933333
33972.966667	122.500000	16986483	coarse_label	Talk	n/a	n/a	n/a	n/a	n/a	n/a	n/a	n/a	n/a	33972.966667
34050.626000	1.266667	17025313	reach_onset	n/a	r_wrist	85.173618	-112.977009	109.476303	0.453771	0.557937	1.033333	1.000000	34050.626000	34050.626000
34095.466667	0.033333	17047733	coarse_label	Blocklist (Data break)	n/a	n/a	n/a	n/a	n/a	n/a	n/a	n/a	n/a	34095.466667
34095.500000	118.700000	17047750	coarse_label	Talk, Computer/phone	n/a	n/a	n/a	n/a	n/a	n/a	n/a	n/a	n/a	34095.500000
34181.824000	1.033333	17090912	reach_onset	n/a	r_wrist	115.762215	-92.565276	193.700229	0.455978	0.009519	0.000000	0.000000	34181.824000	34181.825000
34205.824000	1.333333	17102912	reach_onset	n/a	r_wrist	150.737850	-142.933798	136.823198	0.454875	0.050501	0.600000	1.000000	34205.824000	34205.825000
34214.200000	0.233333	17107100	coarse_label	Blocklist (Data break)	n/a	n/a	n/a	n/a	n/a	n/a	n/a	n/a	n/a	34214.200000
34214.433333	118.733333	17107217	coarse_label	Other activity	n/a	n/a	n/a	n/a	n/a	n/a	n/a	n/a	n/a	34214.433333
34253.610000	1.566667	17126805	reach_onset	n/a	r_wrist	209.258816	-93.781766	257.965181	0.390717	0.019320	0.000000	1.000000	34253.610000	34253.611000
34333.166667	0.033333	17166583	coarse_label	Blocklist (Data break)	n/a	n/a	n/a	n/a	n/a	n/a	n/a	n/a	n/a	34333.166667
34333.200000	120.600000	17166600	coarse_label	Talk	n/a	n/a	n/a	n/a	n/a	n/a	n/a	n/a	n/a	34333.200000
34453.800000	0.100000	17226900	coarse_label	Blocklist (Data break)	n/a	n/a	n/a	n/a	n/a	n/a	n/a	n/a	n/a	34453.800000
34453.900000	120.233333	17226950	coarse_label	Talk	n/a	n/a	n/a	n/a	n/a	n/a	n/a	n/a	n/a	34453.900000
34483.216000	1.333333	17241608	reach_onset	n/a	r_wrist	79.601363	95.754439	147.965449	0.487577	0.593371	1.266667	1.000000	34483.216000	34483.216000
34574.133333	0.133333	17287067	coarse_label	Blocklist (Data break)	n/a	n/a	n/a	n/a	n/a	n/a	n/a	n/a	n/a	34574.133333
34574.266667	120.600000	17287133	coarse_label	Blocklist (Camera move/zoom)	n/a	n/a	n/a	n/a	n/a	n/a	n/a	n/a	n/a	34574.266667
34694.866667	0.066667	17347433	coarse_label	Blocklist (Data break)	n/a	n/a	n/a	n/a	n/a	n/a	n/a	n/a	n/a	34694.866667
34694.933333	117.800000	17347467	coarse_label	Talk	n/a	n/a	n/a	n/a	n/a	n/a	n/a	n/a	n/a	34694.933333
34721.534000	1.200000	17360767	reach_onset	n/a	r_wrist	74.891816	-167.059735	118.380911	0.588191	0.391980	1.133333	1.000000	34721.534000	34721.533000
34812.733333	0.166667	17406367	coarse_label	Blocklist (Data break)	n/a	n/a	n/a	n/a	n/a	n/a	n/a	n/a	n/a	34812.733333
34812.900000	120.600000	17406450	coarse_label	Talk	n/a	n/a	n/a	n/a	n/a	n/a	n/a	n/a	n/a	34812.900000
34817.618000	0.900000	17408809	reach_onset	n/a	r_wrist	79.682013	-86.488749	210.976018	0.582337	0.151906	0.300000	1.000000	34817.618000	34817.617000
34845.984000	0.666667	17422992	reach_onset	n/a	r_wrist	114.231845	74.919792	185.881104	0.557845	0.070850	0.366667	1.000000	34845.984000	34845.984000
34933.500000	0.166667	17466750	coarse_label	Blocklist (Data break)	n/a	n/a	n/a	n/a	n/a	n/a	n/a	n/a	n/a	34933.500000
34933.666667	121.766667	17466833	coarse_label	Talk	n/a	n/a	n/a	n/a	n/a	n/a	n/a	n/a	n/a	34933.666667
35055.433333	0.166667	17527717	coarse_label	Blocklist (Data break)	n/a	n/a	n/a	n/a	n/a	n/a	n/a	n/a	n/a	35055.433333
35055.600000	117.166667	17527800	coarse_label	Talk	n/a	n/a	n/a	n/a	n/a	n/a	n/a	n/a	n/a	35055.600000
35172.766667	0.133333	17586383	coarse_label	Blocklist (Data break)	n/a	n/a	n/a	n/a	n/a	n/a	n/a	n/a	n/a	35172.766667
35172.900000	121.200000	17586450	coarse_label	Talk	n/a	n/a	n/a	n/a	n/a	n/a	n/a	n/a	n/a	35172.900000
35235.442000	1.000000	17617721	reach_onset	n/a	r_wrist	80.271435	-84.771451	139.942581	0.551476	0.045224	0.000000	0.000000	35235.442000	35235.443000
35294.100000	0.033333	17647050	coarse_label	Blocklist (Data break)	n/a	n/a	n/a	n/a	n/a	n/a	n/a	n/a	n/a	35294.100000
35294.133333	123.033333	17647067	coarse_label	Talk	n/a	n/a	n/a	n/a	n/a	n/a	n/a	n/a	n/a	35294.133333
35351.264000	1.433333	17675632	reach_onset	n/a	r_wrist	168.008675	-148.445764	194.066152	0.492872	0.007398	0.000000	0.000000	35351.264000	35351.264000
35357.730000	1.100000	17678865	reach_onset	n/a	r_wrist	73.080446	-143.893553	287.803392	0.495520	0.036091	0.000000	0.000000	35357.730000	35357.731000
35366.598000	1.466667	17683299	reach_onset	n/a	r_wrist	100.040863	17.660551	152.273651	0.499452	0.132446	0.733333	1.000000	35366.598000	35366.598000
35417.166667	0.033333	17708583	coarse_label	Blocklist (Data break)	n/a	n/a	n/a	n/a	n/a	n/a	n/a	n/a	n/a	35417.166667
35417.200000	115.633333	17708600	coarse_label	Talk	n/a	n/a	n/a	n/a	n/a	n/a	n/a	n/a	n/a	35417.200000
35528.462000	0.733333	17764231	reach_onset	n/a	r_wrist	69.001500	-107.107615	151.249767	0.591656	0.075556	0.166667	1.000000	35528.462000	35528.463000
35532.833333	0.133333	17766417	coarse_label	Blocklist (Data break)	n/a	n/a	n/a	n/a	n/a	n/a	n/a	n/a	n/a	35532.833333
35532.966667	119.900000	17766483	coarse_label	Blocklist (Private time)	n/a	n/a	n/a	n/a	n/a	n/a	n/a	n/a	n/a	35532.966667
35652.866667	0.200000	17826433	coarse_label	Blocklist (Data break)	n/a	n/a	n/a	n/a	n/a	n/a	n/a	n/a	n/a	35652.866667
35653.066667	120.666667	17826533	coarse_label	Blocklist (Private time)	n/a	n/a	n/a	n/a	n/a	n/a	n/a	n/a	n/a	35653.066667
35707.296000	3.998000	17853648	nan_segment	n/a	n/a	n/a	n/a	n/a	n/a	n/a	n/a	n/a	n/a	n/a
35773.733333	0.066667	17886867	coarse_label	Blocklist (Data break)	n/a	n/a	n/a	n/a	n/a	n/a	n/a	n/a	n/a	35773.733333
35773.800000	119.066667	17886900	coarse_label	Blocklist (Private time)	n/a	n/a	n/a	n/a	n/a	n/a	n/a	n/a	n/a	35773.800000
35871.550000	3.998000	17935775	nan_segment	n/a	n/a	n/a	n/a	n/a	n/a	n/a	n/a	n/a	n/a	n/a
35892.866667	0.100000	17946433	coarse_label	Blocklist (Data break)	n/a	n/a	n/a	n/a	n/a	n/a	n/a	n/a	n/a	35892.866667
35892.966667	120.733333	17946483	coarse_label	Blocklist (Private time)	n/a	n/a	n/a	n/a	n/a	n/a	n/a	n/a	n/a	35892.966667
36013.700000	0.133333	18006850	coarse_label	Blocklist (Data break)	n/a	n/a	n/a	n/a	n/a	n/a	n/a	n/a	n/a	36013.700000
36013.833333	119.400000	18006917	coarse_label	Blocklist (Private time)	n/a	n/a	n/a	n/a	n/a	n/a	n/a	n/a	n/a	36013.833333
36133.233333	0.100000	18066617	coarse_label	Blocklist (Data break)	n/a	n/a	n/a	n/a	n/a	n/a	n/a	n/a	n/a	36133.233333
36133.333333	120.400000	18066667	coarse_label	Blocklist (Private time)	n/a	n/a	n/a	n/a	n/a	n/a	n/a	n/a	n/a	36133.333333
36253.733333	0.133333	18126867	coarse_label	Blocklist (Data break)	n/a	n/a	n/a	n/a	n/a	n/a	n/a	n/a	n/a	36253.733333
36253.866667	119.033333	18126933	coarse_label	Blocklist (Camera move/zoom)	n/a	n/a	n/a	n/a	n/a	n/a	n/a	n/a	n/a	36253.866667
36372.900000	0.066667	18186450	coarse_label	Blocklist (Data break)	n/a	n/a	n/a	n/a	n/a	n/a	n/a	n/a	n/a	36372.900000
36372.966667	119.800000	18186483	coarse_label	Talk	n/a	n/a	n/a	n/a	n/a	n/a	n/a	n/a	n/a	36372.966667
36415.972000	1.000000	18207986	reach_onset	n/a	r_wrist	101.392413	-84.944996	115.860064	0.475402	0.565167	0.866667	1.000000	36415.972000	36415.972000
36492.766667	0.133333	18246383	coarse_label	Blocklist (Data break)	n/a	n/a	n/a	n/a	n/a	n/a	n/a	n/a	n/a	36492.766667
36492.900000	121.900000	18246450	coarse_label	Talk	n/a	n/a	n/a	n/a	n/a	n/a	n/a	n/a	n/a	36492.900000
36614.800000	0.033333	18307400	coarse_label	Blocklist (Data break)	n/a	n/a	n/a	n/a	n/a	n/a	n/a	n/a	n/a	36614.800000
36614.833333	119.500000	18307417	coarse_label	Talk	n/a	n/a	n/a	n/a	n/a	n/a	n/a	n/a	n/a	36614.833333
36734.333333	0.200000	18367167	coarse_label	Blocklist (Data break)	n/a	n/a	n/a	n/a	n/a	n/a	n/a	n/a	n/a	36734.333333
36734.533333	119.800000	18367267	coarse_label	Talk	n/a	n/a	n/a	n/a	n/a	n/a	n/a	n/a	n/a	36734.533333
36763.412000	1.366667	18381706	reach_onset	n/a	r_wrist	129.106476	59.739553	139.719491	0.558326	0.601890	0.800000	1.000000	36763.412000	36763.412000
36854.333333	0.033333	18427167	coarse_label	Blocklist (Data break)	n/a	n/a	n/a	n/a	n/a	n/a	n/a	n/a	n/a	36854.333333
36854.366667	118.500000	18427183	coarse_label	Talk	n/a	n/a	n/a	n/a	n/a	n/a	n/a	n/a	n/a	36854.366667
36972.866667	0.100000	18486433	coarse_label	Blocklist (Data break)	n/a	n/a	n/a	n/a	n/a	n/a	n/a	n/a	n/a	36972.866667
36972.966667	120.233333	18486483	coarse_label	Talk	n/a	n/a	n/a	n/a	n/a	n/a	n/a	n/a	n/a	36972.966667
37093.200000	0.200000	18546600	coarse_label	Blocklist (Data break)	n/a	n/a	n/a	n/a	n/a	n/a	n/a	n/a	n/a	37093.200000
37093.400000	119.933333	18546700	coarse_label	Talk	n/a	n/a	n/a	n/a	n/a	n/a	n/a	n/a	n/a	37093.400000
37213.333333	0.100000	18606667	coarse_label	Blocklist (Data break)	n/a	n/a	n/a	n/a	n/a	n/a	n/a	n/a	n/a	37213.333333
37213.433333	119.833333	18606717	coarse_label	Talk	n/a	n/a	n/a	n/a	n/a	n/a	n/a	n/a	n/a	37213.433333
37333.266667	0.133333	18666633	coarse_label	Blocklist (Data break)	n/a	n/a	n/a	n/a	n/a	n/a	n/a	n/a	n/a	37333.266667
37333.400000	119.566667	18666700	coarse_label	Talk	n/a	n/a	n/a	n/a	n/a	n/a	n/a	n/a	n/a	37333.400000
37452.966667	0.166667	18726483	coarse_label	Blocklist (Data break)	n/a	n/a	n/a	n/a	n/a	n/a	n/a	n/a	n/a	37452.966667
37453.133333	121.333333	18726567	coarse_label	Talk	n/a	n/a	n/a	n/a	n/a	n/a	n/a	n/a	n/a	37453.133333
37574.466667	0.066667	18787233	coarse_label	Blocklist (Data break)	n/a	n/a	n/a	n/a	n/a	n/a	n/a	n/a	n/a	37574.466667
37574.533333	118.966667	18787267	coarse_label	Talk	n/a	n/a	n/a	n/a	n/a	n/a	n/a	n/a	n/a	37574.533333
37693.500000	0.166667	18846750	coarse_label	Blocklist (Data break)	n/a	n/a	n/a	n/a	n/a	n/a	n/a	n/a	n/a	37693.500000
37693.666667	119.600000	18846833	coarse_label	Talk	n/a	n/a	n/a	n/a	n/a	n/a	n/a	n/a	n/a	37693.666667
37698.108000	4.000000	18849054	nan_segment	n/a	n/a	n/a	n/a	n/a	n/a	n/a	n/a	n/a	n/a	n/a
37813.266667	0.133333	18906633	coarse_label	Blocklist (Data break)	n/a	n/a	n/a	n/a	n/a	n/a	n/a	n/a	n/a	37813.266667
37813.400000	119.966667	18906700	coarse_label	Talk	n/a	n/a	n/a	n/a	n/a	n/a	n/a	n/a	n/a	37813.400000
37898.134000	1.433333	18949067	reach_onset	n/a	r_wrist	118.356148	-135.538288	168.262083	0.517168	0.112515	0.000000	0.000000	37898.134000	37898.134000
37903.800000	0.733333	18951900	reach_onset	n/a	r_wrist	89.618491	-114.694031	192.644731	0.517640	0.350486	0.533333	1.000000	37903.800000	37903.800000
37933.366667	0.033333	18966683	coarse_label	Blocklist (Data break)	n/a	n/a	n/a	n/a	n/a	n/a	n/a	n/a	n/a	37933.366667
37933.400000	119.500000	18966700	coarse_label	Talk	n/a	n/a	n/a	n/a	n/a	n/a	n/a	n/a	n/a	37933.400000
37968.786000	1.133333	18984393	reach_onset	n/a	r_wrist	90.588554	-87.427988	147.053429	0.534415	0.469303	0.933333	1.000000	37968.786000	37968.787000
38052.900000	0.033333	19026450	coarse_label	Blocklist (Data break)	n/a	n/a	n/a	n/a	n/a	n/a	n/a	n/a	n/a	38052.900000
38052.933333	120.266667	19026467	coarse_label	Talk	n/a	n/a	n/a	n/a	n/a	n/a	n/a	n/a	n/a	38052.933333
38173.200000	0.066667	19086600	coarse_label	Blocklist (Data break)	n/a	n/a	n/a	n/a	n/a	n/a	n/a	n/a	n/a	38173.200000
38173.266667	120.533333	19086633	coarse_label	Talk	n/a	n/a	n/a	n/a	n/a	n/a	n/a	n/a	n/a	38173.266667
38243.436000	1.300000	19121718	reach_onset	n/a	r_wrist	127.068469	-100.081736	173.139907	0.647370	0.455854	1.066667	1.000000	38243.436000	38243.436000
38259.568000	1.066667	19129784	reach_onset	n/a	r_wrist	66.599288	-132.447226	150.495707	0.651778	0.264270	0.633333	1.000000	38259.568000	38259.569000
38293.800000	0.133333	19146900	coarse_label	Blocklist (Data break)	n/a	n/a	n/a	n/a	n/a	n/a	n/a	n/a	n/a	38293.800000
38293.933333	119.066667	19146967	coarse_label	Talk	n/a	n/a	n/a	n/a	n/a	n/a	n/a	n/a	n/a	38293.933333
38332.822000	0.733333	19166411	reach_onset	n/a	r_wrist	99.583649	-130.133790	223.846818	0.577361	0.031306	0.000000	0.000000	38332.822000	38332.823000
38413.000000	0.266667	19206500	coarse_label	Blocklist (Data break)	n/a	n/a	n/a	n/a	n/a	n/a	n/a	n/a	n/a	38413.000000
38413.266667	120.966667	19206633	coarse_label	Talk	n/a	n/a	n/a	n/a	n/a	n/a	n/a	n/a	n/a	38413.266667
38461.376000	0.833333	19230688	reach_onset	n/a	r_wrist	105.336945	-122.906259	128.811480	0.565147	0.327601	0.766667	1.000000	38461.376000	38461.375000
38534.233333	0.166667	19267117	coarse_label	Blocklist (Data break)	n/a	n/a	n/a	n/a	n/a	n/a	n/a	n/a	n/a	38534.233333
38534.400000	121.266667	19267200	coarse_label	Talk	n/a	n/a	n/a	n/a	n/a	n/a	n/a	n/a	n/a	38534.400000
38642.330000	0.466667	19321165	reach_onset	n/a	r_wrist	51.905175	55.508665	161.026118	0.562962	0.130110	0.000000	0.000000	38642.330000	38642.330000
38655.666667	0.166667	19327833	coarse_label	Blocklist (Data break)	n/a	n/a	n/a	n/a	n/a	n/a	n/a	n/a	n/a	38655.666667
38655.833333	119.400000	19327917	coarse_label	Talk	n/a	n/a	n/a	n/a	n/a	n/a	n/a	n/a	n/a	38655.833333
38658.626000	0.700000	19329313	reach_onset	n/a	r_wrist	81.812010	16.969725	113.134484	0.565439	0.027728	0.000000	0.000000	38658.626000	38658.627000
38775.233333	0.133333	19387617	coarse_label	Blocklist (Data break)	n/a	n/a	n/a	n/a	n/a	n/a	n/a	n/a	n/a	38775.233333
38775.366667	117.900000	19387683	coarse_label	Talk	n/a	n/a	n/a	n/a	n/a	n/a	n/a	n/a	n/a	38775.366667
38893.266667	0.233333	19446633	coarse_label	Blocklist (Data break)	n/a	n/a	n/a	n/a	n/a	n/a	n/a	n/a	n/a	38893.266667
38893.500000	119.433333	19446750	coarse_label	Talk	n/a	n/a	n/a	n/a	n/a	n/a	n/a	n/a	n/a	38893.500000
39012.933333	0.133333	19506467	coarse_label	Blocklist (Data break)	n/a	n/a	n/a	n/a	n/a	n/a	n/a	n/a	n/a	39012.933333
39013.066667	119.900000	19506533	coarse_label	Talk	n/a	n/a	n/a	n/a	n/a	n/a	n/a	n/a	n/a	39013.066667
39132.966667	0.300000	19566483	coarse_label	Blocklist (Data break)	n/a	n/a	n/a	n/a	n/a	n/a	n/a	n/a	n/a	39132.966667
39133.266667	120.933333	19566633	coarse_label	Talk	n/a	n/a	n/a	n/a	n/a	n/a	n/a	n/a	n/a	39133.266667
39137.104000	1.000000	19568552	reach_onset	n/a	r_wrist	117.107665	73.180019	117.693487	0.590097	0.250450	1.000000	1.000000	39137.104000	39137.105000
39254.200000	0.066667	19627100	coarse_label	Blocklist (Data break)	n/a	n/a	n/a	n/a	n/a	n/a	n/a	n/a	n/a	39254.200000
39254.266667	118.533333	19627133	coarse_label	Talk	n/a	n/a	n/a	n/a	n/a	n/a	n/a	n/a	n/a	39254.266667
39368.592000	1.266667	19684296	reach_onset	n/a	r_wrist	61.110442	130.631893	120.946735	0.551706	0.055626	0.000000	1.000000	39368.592000	39368.592000
39372.800000	0.066667	19686400	coarse_label	Blocklist (Data break)	n/a	n/a	n/a	n/a	n/a	n/a	n/a	n/a	n/a	39372.800000
39372.866667	120.700000	19686433	coarse_label	Talk	n/a	n/a	n/a	n/a	n/a	n/a	n/a	n/a	n/a	39372.866667
39411.320000	1.066667	19705660	reach_onset	n/a	r_wrist	115.333513	-73.841316	191.870664	0.577937	0.014654	0.000000	0.000000	39411.320000	39411.320000
39493.566667	0.200000	19746783	coarse_label	Blocklist (Data break)	n/a	n/a	n/a	n/a	n/a	n/a	n/a	n/a	n/a	39493.566667
39493.766667	119.733333	19746883	coarse_label	Talk	n/a	n/a	n/a	n/a	n/a	n/a	n/a	n/a	n/a	39493.766667
39502.606000	0.700000	19751303	reach_onset	n/a	r_wrist	120.984779	-77.420413	277.632413	0.574431	0.360954	0.700000	1.000000	39502.606000	39502.607000
39512.774000	0.800000	19756387	reach_onset	n/a	r_wrist	73.776099	128.196928	164.162732	0.574850	0.852615	0.466667	1.000000	39512.774000	39512.773000
39560.806000	1.000000	19780403	reach_onset	n/a	r_wrist	95.288283	-93.283699	174.141443	0.554925	0.445723	0.933333	1.000000	39560.806000	39560.807000
39613.500000	0.233333	19806750	coarse_label	Blocklist (Data break)	n/a	n/a	n/a	n/a	n/a	n/a	n/a	n/a	n/a	39613.500000
39613.733333	119.400000	19806867	coarse_label	Talk	n/a	n/a	n/a	n/a	n/a	n/a	n/a	n/a	n/a	39613.733333
39733.133333	0.066667	19866567	coarse_label	Blocklist (Data break)	n/a	n/a	n/a	n/a	n/a	n/a	n/a	n/a	n/a	39733.133333
39733.200000	120.133333	19866600	coarse_label	Talk	n/a	n/a	n/a	n/a	n/a	n/a	n/a	n/a	n/a	39733.200000
39853.333333	0.300000	19926667	coarse_label	Blocklist (Data break)	n/a	n/a	n/a	n/a	n/a	n/a	n/a	n/a	n/a	39853.333333
39853.633333	119.100000	19926817	coarse_label	Talk	n/a	n/a	n/a	n/a	n/a	n/a	n/a	n/a	n/a	39853.633333
39904.274000	2.566667	19952137	reach_onset	n/a	r_wrist	155.667679	-80.910345	122.470015	0.549663	0.567539	1.066667	1.000000	39904.274000	39904.274000
39972.733333	0.033333	19986367	coarse_label	Blocklist (Data break)	n/a	n/a	n/a	n/a	n/a	n/a	n/a	n/a	n/a	39972.733333
39972.766667	120.533333	19986383	coarse_label	Talk	n/a	n/a	n/a	n/a	n/a	n/a	n/a	n/a	n/a	39972.766667
40029.062000	0.766667	20014531	reach_onset	n/a	r_wrist	195.753189	-84.558416	243.533500	0.559990	0.008425	0.000000	0.000000	40029.062000	40029.062000
40093.300000	0.266667	20046650	coarse_label	Blocklist (Data break)	n/a	n/a	n/a	n/a	n/a	n/a	n/a	n/a	n/a	40093.300000
40093.566667	119.800000	20046783	coarse_label	Talk	n/a	n/a	n/a	n/a	n/a	n/a	n/a	n/a	n/a	40093.566667
40099.816000	1.033333	20049908	reach_onset	n/a	r_wrist	120.618269	-145.191382	292.758044	0.561166	0.004124	0.000000	0.000000	40099.816000	40099.816000
40213.366667	0.100000	20106683	coarse_label	Blocklist (Data break)	n/a	n/a	n/a	n/a	n/a	n/a	n/a	n/a	n/a	40213.366667
40213.466667	120.466667	20106733	coarse_label	Talk	n/a	n/a	n/a	n/a	n/a	n/a	n/a	n/a	n/a	40213.466667
40255.768000	1.333333	20127884	reach_onset	n/a	r_wrist	108.570640	-42.002595	182.120845	0.537262	0.346676	0.900000	1.000000	40255.768000	40255.768000
40333.933333	0.100000	20166967	coarse_label	Blocklist (Data break)	n/a	n/a	n/a	n/a	n/a	n/a	n/a	n/a	n/a	40333.933333
40334.033333	120.766667	20167017	coarse_label	Talk	n/a	n/a	n/a	n/a	n/a	n/a	n/a	n/a	n/a	40334.033333
40454.800000	0.100000	20227400	coarse_label	Blocklist (Data break)	n/a	n/a	n/a	n/a	n/a	n/a	n/a	n/a	n/a	40454.800000
40454.900000	118.266667	20227450	coarse_label	Talk	n/a	n/a	n/a	n/a	n/a	n/a	n/a	n/a	n/a	40454.900000
40573.166667	0.200000	20286583	coarse_label	Blocklist (Data break)	n/a	n/a	n/a	n/a	n/a	n/a	n/a	n/a	n/a	40573.166667
40573.366667	119.300000	20286683	coarse_label	Talk	n/a	n/a	n/a	n/a	n/a	n/a	n/a	n/a	n/a	40573.366667
40692.666667	0.066667	20346333	coarse_label	Blocklist (Data break)	n/a	n/a	n/a	n/a	n/a	n/a	n/a	n/a	n/a	40692.666667
40692.733333	120.066667	20346367	coarse_label	Talk	n/a	n/a	n/a	n/a	n/a	n/a	n/a	n/a	n/a	40692.733333
40719.358000	0.933333	20359679	reach_onset	n/a	r_wrist	61.925814	115.673142	141.558495	0.570070	0.051829	0.000000	0.000000	40719.358000	40719.357000
40751.024000	0.633333	20375512	reach_onset	n/a	r_wrist	72.374238	-145.976091	180.786306	0.592568	0.041162	0.000000	1.000000	40751.024000	40751.024000
40812.800000	0.166667	20406400	coarse_label	Blocklist (Data break)	n/a	n/a	n/a	n/a	n/a	n/a	n/a	n/a	n/a	40812.800000
40812.966667	119.600000	20406483	coarse_label	Talk	n/a	n/a	n/a	n/a	n/a	n/a	n/a	n/a	n/a	40812.966667
40843.144000	0.700000	20421572	reach_onset	n/a	r_wrist	68.199247	-117.989803	200.510221	0.590942	0.188119	0.700000	1.000000	40843.144000	40843.144000
40932.566667	0.100000	20466283	coarse_label	Blocklist (Data break)	n/a	n/a	n/a	n/a	n/a	n/a	n/a	n/a	n/a	40932.566667
40932.666667	123.033333	20466333	coarse_label	Talk	n/a	n/a	n/a	n/a	n/a	n/a	n/a	n/a	n/a	40932.666667
41055.700000	0.200000	20527850	coarse_label	Blocklist (Data break)	n/a	n/a	n/a	n/a	n/a	n/a	n/a	n/a	n/a	41055.700000
41055.900000	117.266667	20527950	coarse_label	Talk	n/a	n/a	n/a	n/a	n/a	n/a	n/a	n/a	n/a	41055.900000
41173.166667	0.200000	20586583	coarse_label	Blocklist (Data break)	n/a	n/a	n/a	n/a	n/a	n/a	n/a	n/a	n/a	41173.166667
41173.366667	121.033333	20586683	coarse_label	Talk	n/a	n/a	n/a	n/a	n/a	n/a	n/a	n/a	n/a	41173.366667
41294.400000	0.266667	20647200	coarse_label	Blocklist (Data break)	n/a	n/a	n/a	n/a	n/a	n/a	n/a	n/a	n/a	41294.400000
41294.666667	120.033333	20647333	coarse_label	Talk	n/a	n/a	n/a	n/a	n/a	n/a	n/a	n/a	n/a	41294.666667
41391.034000	1.066667	20695517	reach_onset	n/a	r_wrist	79.699299	-70.500939	121.510256	0.560486	0.320341	0.600000	1.000000	41391.034000	41391.035000
41414.700000	0.133333	20707350	coarse_label	Blocklist (Data break)	n/a	n/a	n/a	n/a	n/a	n/a	n/a	n/a	n/a	41414.700000
41414.833333	117.733333	20707417	coarse_label	Talk	n/a	n/a	n/a	n/a	n/a	n/a	n/a	n/a	n/a	41414.833333
41429.988000	1.100000	20714994	reach_onset	n/a	r_wrist	135.830549	-69.975546	281.241206	0.560014	0.013502	0.000000	0.000000	41429.988000	41429.989000
41489.888000	0.700000	20744944	reach_onset	n/a	r_wrist	80.379689	-99.022130	142.389153	0.562438	0.013398	0.000000	0.000000	41489.888000	41489.889000
41532.566667	0.233333	20766283	coarse_label	Blocklist (Data break)	n/a	n/a	n/a	n/a	n/a	n/a	n/a	n/a	n/a	41532.566667
41532.800000	120.933333	20766400	coarse_label	Talk	n/a	n/a	n/a	n/a	n/a	n/a	n/a	n/a	n/a	41532.800000
41653.733333	0.133333	20826867	coarse_label	Blocklist (Data break)	n/a	n/a	n/a	n/a	n/a	n/a	n/a	n/a	n/a	41653.733333
41653.866667	119.100000	20826933	coarse_label	Talk	n/a	n/a	n/a	n/a	n/a	n/a	n/a	n/a	n/a	41653.866667
41676.494000	0.800000	20838247	reach_onset	n/a	r_wrist	65.377540	-67.227294	115.684712	0.605177	0.285658	0.166667	1.000000	41676.494000	41676.494000
41718.428000	1.100000	20859214	reach_onset	n/a	r_wrist	53.164833	-9.339130	112.914205	0.599872	0.737697	0.633333	1.000000	41718.428000	41718.428000
41772.966667	0.100000	20886483	coarse_label	Blocklist (Data break)	n/a	n/a	n/a	n/a	n/a	n/a	n/a	n/a	n/a	41772.966667
41773.066667	121.366667	20886533	coarse_label	Talk	n/a	n/a	n/a	n/a	n/a	n/a	n/a	n/a	n/a	41773.066667
41894.433333	0.133333	20947217	coarse_label	Blocklist (Data break)	n/a	n/a	n/a	n/a	n/a	n/a	n/a	n/a	n/a	41894.433333
41894.566667	117.933333	20947283	coarse_label	Talk	n/a	n/a	n/a	n/a	n/a	n/a	n/a	n/a	n/a	41894.566667
42012.500000	0.100000	21006250	coarse_label	Blocklist (Data break)	n/a	n/a	n/a	n/a	n/a	n/a	n/a	n/a	n/a	42012.500000
42012.600000	121.400000	21006300	coarse_label	Talk	n/a	n/a	n/a	n/a	n/a	n/a	n/a	n/a	n/a	42012.600000
42134.000000	0.166667	21067000	coarse_label	Blocklist (Data break)	n/a	n/a	n/a	n/a	n/a	n/a	n/a	n/a	n/a	42134.000000
42134.166667	122.100000	21067083	coarse_label	Talk	n/a	n/a	n/a	n/a	n/a	n/a	n/a	n/a	n/a	42134.166667
42256.266667	0.166667	21128133	coarse_label	Blocklist (Data break)	n/a	n/a	n/a	n/a	n/a	n/a	n/a	n/a	n/a	42256.266667
42256.433333	116.433333	21128217	coarse_label	Talk	n/a	n/a	n/a	n/a	n/a	n/a	n/a	n/a	n/a	42256.433333
42372.866667	0.066667	21186433	coarse_label	Blocklist (Data break)	n/a	n/a	n/a	n/a	n/a	n/a	n/a	n/a	n/a	42372.866667
42372.933333	120.033333	21186467	coarse_label	Talk	n/a	n/a	n/a	n/a	n/a	n/a	n/a	n/a	n/a	42372.933333
42492.966667	0.233333	21246483	coarse_label	Blocklist (Data break)	n/a	n/a	n/a	n/a	n/a	n/a	n/a	n/a	n/a	42492.966667
42493.200000	119.866667	21246600	coarse_label	Talk	n/a	n/a	n/a	n/a	n/a	n/a	n/a	n/a	n/a	42493.200000
42613.066667	0.166667	21306533	coarse_label	Blocklist (Data break)	n/a	n/a	n/a	n/a	n/a	n/a	n/a	n/a	n/a	42613.066667
42613.233333	120.166667	21306617	coarse_label	Talk	n/a	n/a	n/a	n/a	n/a	n/a	n/a	n/a	n/a	42613.233333
42733.400000	0.100000	21366700	coarse_label	Blocklist (Data break)	n/a	n/a	n/a	n/a	n/a	n/a	n/a	n/a	n/a	42733.400000
42733.500000	119.500000	21366750	coarse_label	Talk	n/a	n/a	n/a	n/a	n/a	n/a	n/a	n/a	n/a	42733.500000
42853.000000	0.300000	21426500	coarse_label	Blocklist (Data break)	n/a	n/a	n/a	n/a	n/a	n/a	n/a	n/a	n/a	42853.000000
42853.300000	120.100000	21426650	coarse_label	Talk	n/a	n/a	n/a	n/a	n/a	n/a	n/a	n/a	n/a	42853.300000
42973.400000	0.100000	21486700	coarse_label	Blocklist (Data break)	n/a	n/a	n/a	n/a	n/a	n/a	n/a	n/a	n/a	42973.400000
42973.500000	119.566667	21486750	coarse_label	Talk	n/a	n/a	n/a	n/a	n/a	n/a	n/a	n/a	n/a	42973.500000
43015.232000	0.533333	21507616	reach_onset	n/a	r_wrist	63.846974	-88.430142	179.678288	0.563376	0.367736	0.533333	1.000000	43015.232000	43015.231000
43036.398000	1.900000	21518199	reach_onset	n/a	r_wrist	133.590870	-70.576663	195.113289	0.545452	0.006050	0.000000	0.000000	43036.398000	43036.398000
43072.064000	0.800000	21536032	reach_onset	n/a	r_wrist	142.906125	-50.570278	196.457271	0.524113	0.212107	0.166667	1.000000	43072.064000	43072.065000
43093.066667	0.100000	21546533	coarse_label	Blocklist (Data break)	n/a	n/a	n/a	n/a	n/a	n/a	n/a	n/a	n/a	43093.066667
43093.166667	119.633333	21546583	coarse_label	Talk	n/a	n/a	n/a	n/a	n/a	n/a	n/a	n/a	n/a	43093.166667
43111.518000	0.600000	21555759	reach_onset	n/a	r_wrist	50.267493	-59.484005	115.112905	0.523139	0.043821	0.000000	1.000000	43111.518000	43111.518000
43212.800000	0.266667	21606400	coarse_label	Blocklist (Data break)	n/a	n/a	n/a	n/a	n/a	n/a	n/a	n/a	n/a	43212.800000
43213.066667	120.233333	21606533	coarse_label	Talk	n/a	n/a	n/a	n/a	n/a	n/a	n/a	n/a	n/a	43213.066667
43333.300000	0.066667	21666650	coarse_label	Blocklist (Data break)	n/a	n/a	n/a	n/a	n/a	n/a	n/a	n/a	n/a	43333.300000
43333.366667	119.366667	21666683	coarse_label	Talk	n/a	n/a	n/a	n/a	n/a	n/a	n/a	n/a	n/a	43333.366667
43431.666000	0.600000	21715833	reach_onset	n/a	r_wrist	58.128248	34.058913	161.660481	0.484517	0.145989	0.000000	1.000000	43431.666000	43431.666000
43438.400000	0.733333	21719200	reach_onset	n/a	r_wrist	48.330746	-171.602434	112.968092	0.480829	0.447443	0.733333	1.000000	43438.400000	43438.400000
43452.733333	0.066667	21726367	coarse_label	Blocklist (Data break)	n/a	n/a	n/a	n/a	n/a	n/a	n/a	n/a	n/a	43452.733333
43452.800000	122.733333	21726400	coarse_label	Talk	n/a	n/a	n/a	n/a	n/a	n/a	n/a	n/a	n/a	43452.800000
43461.686000	0.800000	21730843	reach_onset	n/a	r_wrist	59.118559	-41.609606	117.393319	0.479442	0.049325	0.000000	0.000000	43461.686000	43461.686000
43522.952000	0.833333	21761476	reach_onset	n/a	r_wrist	149.183518	26.592085	246.063467	0.531200	0.012188	0.000000	0.000000	43522.952000	43522.953000
43575.533333	0.066667	21787767	coarse_label	Blocklist (Data break)	n/a	n/a	n/a	n/a	n/a	n/a	n/a	n/a	n/a	43575.533333
43575.600000	117.900000	21787800	coarse_label	Talk	n/a	n/a	n/a	n/a	n/a	n/a	n/a	n/a	n/a	43575.600000
43629.008000	0.833333	21814504	reach_onset	n/a	r_wrist	74.385527	67.515366	114.317759	0.604235	0.272457	0.633333	1.000000	43629.008000	43629.008000
43693.500000	0.066667	21846750	coarse_label	Blocklist (Data break)	n/a	n/a	n/a	n/a	n/a	n/a	n/a	n/a	n/a	43693.500000
43693.566667	120.300000	21846783	coarse_label	Talk	n/a	n/a	n/a	n/a	n/a	n/a	n/a	n/a	n/a	43693.566667
43813.866667	0.200000	21906933	coarse_label	Blocklist (Data break)	n/a	n/a	n/a	n/a	n/a	n/a	n/a	n/a	n/a	43813.866667
43814.066667	119.333333	21907033	coarse_label	Talk	n/a	n/a	n/a	n/a	n/a	n/a	n/a	n/a	n/a	43814.066667
43933.400000	0.066667	21966700	coarse_label	Blocklist (Data break)	n/a	n/a	n/a	n/a	n/a	n/a	n/a	n/a	n/a	43933.400000
43933.466667	120.866667	21966733	coarse_label	Talk	n/a	n/a	n/a	n/a	n/a	n/a	n/a	n/a	n/a	43933.466667
44054.333333	0.133333	22027167	coarse_label	Blocklist (Data break)	n/a	n/a	n/a	n/a	n/a	n/a	n/a	n/a	n/a	44054.333333
44054.466667	118.900000	22027233	coarse_label	Talk	n/a	n/a	n/a	n/a	n/a	n/a	n/a	n/a	n/a	44054.466667
44100.730000	2.166667	22050365	reach_onset	n/a	r_wrist	109.521614	-175.311586	119.129617	0.500987	0.010916	0.000000	0.000000	44100.730000	44100.730000
44173.366667	0.200000	22086683	coarse_label	Blocklist (Data break)	n/a	n/a	n/a	n/a	n/a	n/a	n/a	n/a	n/a	44173.366667
44173.566667	119.400000	22086783	coarse_label	Talk	n/a	n/a	n/a	n/a	n/a	n/a	n/a	n/a	n/a	44173.566667
44292.966667	0.133333	22146483	coarse_label	Blocklist (Data break)	n/a	n/a	n/a	n/a	n/a	n/a	n/a	n/a	n/a	44292.966667
44293.100000	120.066667	22146550	coarse_label	Talk	n/a	n/a	n/a	n/a	n/a	n/a	n/a	n/a	n/a	44293.100000
44413.166667	0.100000	22206583	coarse_label	Blocklist (Data break)	n/a	n/a	n/a	n/a	n/a	n/a	n/a	n/a	n/a	44413.166667
44413.266667	120.066667	22206633	coarse_label	Talk	n/a	n/a	n/a	n/a	n/a	n/a	n/a	n/a	n/a	44413.266667
44533.333333	0.166667	22266667	coarse_label	Blocklist (Data break)	n/a	n/a	n/a	n/a	n/a	n/a	n/a	n/a	n/a	44533.333333
44533.500000	119.600000	22266750	coarse_label	Talk	n/a	n/a	n/a	n/a	n/a	n/a	n/a	n/a	n/a	44533.500000
44653.100000	0.200000	22326550	coarse_label	Blocklist (Data break)	n/a	n/a	n/a	n/a	n/a	n/a	n/a	n/a	n/a	44653.100000
44653.300000	119.900000	22326650	coarse_label	Talk	n/a	n/a	n/a	n/a	n/a	n/a	n/a	n/a	n/a	44653.300000
44773.200000	0.100000	22386600	coarse_label	Blocklist (Data break)	n/a	n/a	n/a	n/a	n/a	n/a	n/a	n/a	n/a	44773.200000
44773.300000	119.833333	22386650	coarse_label	Talk	n/a	n/a	n/a	n/a	n/a	n/a	n/a	n/a	n/a	44773.300000
44893.133333	0.166667	22446567	coarse_label	Blocklist (Data break)	n/a	n/a	n/a	n/a	n/a	n/a	n/a	n/a	n/a	44893.133333
44893.300000	120.200000	22446650	coarse_label	Talk	n/a	n/a	n/a	n/a	n/a	n/a	n/a	n/a	n/a	44893.300000
45013.500000	0.133333	22506750	coarse_label	Blocklist (Data break)	n/a	n/a	n/a	n/a	n/a	n/a	n/a	n/a	n/a	45013.500000
45013.633333	120.133333	22506817	coarse_label	Talk	n/a	n/a	n/a	n/a	n/a	n/a	n/a	n/a	n/a	45013.633333
45133.766667	0.100000	22566883	coarse_label	Blocklist (Data break)	n/a	n/a	n/a	n/a	n/a	n/a	n/a	n/a	n/a	45133.766667
45133.866667	118.633333	22566933	coarse_label	Talk	n/a	n/a	n/a	n/a	n/a	n/a	n/a	n/a	n/a	45133.866667
45231.410000	1.066667	22615705	reach_onset	n/a	r_wrist	141.883421	-14.480449	119.837297	0.584848	0.521974	0.800000	1.000000	45231.410000	45231.410000
45252.500000	0.133333	22626250	coarse_label	Blocklist (Data break)	n/a	n/a	n/a	n/a	n/a	n/a	n/a	n/a	n/a	45252.500000
45252.633333	119.800000	22626317	coarse_label	Talk	n/a	n/a	n/a	n/a	n/a	n/a	n/a	n/a	n/a	45252.633333
45273.472000	0.566667	22636736	reach_onset	n/a	r_wrist	78.717845	-123.921510	181.857130	0.573228	0.386488	0.566667	1.000000	45273.472000	45273.472000
45335.838000	0.600000	22667919	reach_onset	n/a	r_wrist	58.750715	89.259670	115.465815	0.572018	0.149712	0.366667	1.000000	45335.838000	45335.838000
45346.238000	1.133333	22673119	reach_onset	n/a	r_wrist	144.075074	-72.107769	279.443950	0.565698	0.005697	0.000000	0.000000	45346.238000	45346.238000
45372.433333	0.066667	22686217	coarse_label	Blocklist (Data break)	n/a	n/a	n/a	n/a	n/a	n/a	n/a	n/a	n/a	45372.433333
45372.500000	122.900000	22686250	coarse_label	Talk	n/a	n/a	n/a	n/a	n/a	n/a	n/a	n/a	n/a	45372.500000
45441.058000	1.066667	22720529	reach_onset	n/a	r_wrist	118.305944	-53.232664	140.322716	0.535123	0.201352	0.166667	1.000000	45441.058000	45441.059000
45464.892000	0.866667	22732446	reach_onset	n/a	r_wrist	119.842159	-57.214159	264.202279	0.527119	0.025661	0.000000	0.000000	45464.892000	45464.892000
45495.400000	0.166667	22747700	coarse_label	Blocklist (Data break)	n/a	n/a	n/a	n/a	n/a	n/a	n/a	n/a	n/a	45495.400000
45495.566667	116.966667	22747783	coarse_label	Talk	n/a	n/a	n/a	n/a	n/a	n/a	n/a	n/a	n/a	45495.566667
45612.533333	0.100000	22806267	coarse_label	Blocklist (Data break)	n/a	n/a	n/a	n/a	n/a	n/a	n/a	n/a	n/a	45612.533333
45612.633333	119.866667	22806317	coarse_label	Talk	n/a	n/a	n/a	n/a	n/a	n/a	n/a	n/a	n/a	45612.633333
45732.500000	0.100000	22866250	coarse_label	Blocklist (Data break)	n/a	n/a	n/a	n/a	n/a	n/a	n/a	n/a	n/a	45732.500000
45732.600000	120.433333	22866300	coarse_label	Talk	n/a	n/a	n/a	n/a	n/a	n/a	n/a	n/a	n/a	45732.600000
45853.033333	0.133333	22926517	coarse_label	Blocklist (Data break)	n/a	n/a	n/a	n/a	n/a	n/a	n/a	n/a	n/a	45853.033333
45853.166667	119.900000	22926583	coarse_label	Talk	n/a	n/a	n/a	n/a	n/a	n/a	n/a	n/a	n/a	45853.166667
45973.066667	0.100000	22986533	coarse_label	Blocklist (Data break)	n/a	n/a	n/a	n/a	n/a	n/a	n/a	n/a	n/a	45973.066667
45973.166667	121.100000	22986583	coarse_label	Talk	n/a	n/a	n/a	n/a	n/a	n/a	n/a	n/a	n/a	45973.166667
46094.266667	0.133333	23047133	coarse_label	Blocklist (Data break)	n/a	n/a	n/a	n/a	n/a	n/a	n/a	n/a	n/a	46094.266667
46094.400000	118.100000	23047200	coarse_label	Talk	n/a	n/a	n/a	n/a	n/a	n/a	n/a	n/a	n/a	46094.400000
46212.500000	0.133333	23106250	coarse_label	Blocklist (Data break)	n/a	n/a	n/a	n/a	n/a	n/a	n/a	n/a	n/a	46212.500000
46212.633333	120.733333	23106317	coarse_label	Talk	n/a	n/a	n/a	n/a	n/a	n/a	n/a	n/a	n/a	46212.633333
46333.366667	0.133333	23166683	coarse_label	Blocklist (Data break)	n/a	n/a	n/a	n/a	n/a	n/a	n/a	n/a	n/a	46333.366667
46333.500000	119.733333	23166750	coarse_label	Talk	n/a	n/a	n/a	n/a	n/a	n/a	n/a	n/a	n/a	46333.500000
46453.233333	0.100000	23226617	coarse_label	Blocklist (Data break)	n/a	n/a	n/a	n/a	n/a	n/a	n/a	n/a	n/a	46453.233333
46453.333333	119.833333	23226667	coarse_label	Talk	n/a	n/a	n/a	n/a	n/a	n/a	n/a	n/a	n/a	46453.333333
46501.980000	1.200000	23250990	reach_onset	n/a	r_wrist	85.707794	117.800292	126.593485	0.552516	0.638696	0.333333	1.000000	46501.980000	46501.981000
46573.166667	0.133333	23286583	coarse_label	Blocklist (Data break)	n/a	n/a	n/a	n/a	n/a	n/a	n/a	n/a	n/a	46573.166667
46573.300000	119.566667	23286650	coarse_label	Talk	n/a	n/a	n/a	n/a	n/a	n/a	n/a	n/a	n/a	46573.300000
46692.866667	0.066667	23346433	coarse_label	Blocklist (Data break)	n/a	n/a	n/a	n/a	n/a	n/a	n/a	n/a	n/a	46692.866667
46692.933333	121.133333	23346467	coarse_label	Talk	n/a	n/a	n/a	n/a	n/a	n/a	n/a	n/a	n/a	46692.933333
46814.066667	0.133333	23407033	coarse_label	Blocklist (Data break)	n/a	n/a	n/a	n/a	n/a	n/a	n/a	n/a	n/a	46814.066667
46814.200000	119.000000	23407100	coarse_label	Talk	n/a	n/a	n/a	n/a	n/a	n/a	n/a	n/a	n/a	46814.200000
46933.200000	0.133333	23466600	coarse_label	Blocklist (Data break)	n/a	n/a	n/a	n/a	n/a	n/a	n/a	n/a	n/a	46933.200000
46933.333333	120.866667	23466667	coarse_label	Talk	n/a	n/a	n/a	n/a	n/a	n/a	n/a	n/a	n/a	46933.333333
46991.090000	1.033333	23495545	reach_onset	n/a	r_wrist	97.986268	-87.364169	161.078703	0.558932	0.005305	0.000000	0.000000	46991.090000	46991.090000
47035.222000	0.733333	23517611	reach_onset	n/a	r_wrist	55.435376	-88.875969	112.471173	0.550480	0.326026	0.733333	1.000000	47035.222000	47035.223000
47049.656000	1.200000	23524828	reach_onset	n/a	r_wrist	134.943632	-54.714310	151.918723	0.538475	0.014340	0.000000	0.000000	47049.656000	47049.656000
47054.200000	0.233333	23527100	coarse_label	Blocklist (Data break)	n/a	n/a	n/a	n/a	n/a	n/a	n/a	n/a	n/a	47054.200000
47054.433333	118.400000	23527217	coarse_label	Talk	n/a	n/a	n/a	n/a	n/a	n/a	n/a	n/a	n/a	47054.433333
47172.833333	0.166667	23586417	coarse_label	Blocklist (Data break)	n/a	n/a	n/a	n/a	n/a	n/a	n/a	n/a	n/a	47172.833333
47173.000000	123.566667	23586500	coarse_label	Talk	n/a	n/a	n/a	n/a	n/a	n/a	n/a	n/a	n/a	47173.000000
47296.566667	0.166667	23648283	coarse_label	Blocklist (Data break)	n/a	n/a	n/a	n/a	n/a	n/a	n/a	n/a	n/a	47296.566667
47296.733333	115.666667	23648367	coarse_label	Talk	n/a	n/a	n/a	n/a	n/a	n/a	n/a	n/a	n/a	47296.733333
47412.400000	0.066667	23706200	coarse_label	Blocklist (Data break)	n/a	n/a	n/a	n/a	n/a	n/a	n/a	n/a	n/a	47412.400000
47412.466667	119.966667	23706233	coarse_label	Talk	n/a	n/a	n/a	n/a	n/a	n/a	n/a	n/a	n/a	47412.466667
47463.624000	0.766667	23731812	reach_onset	n/a	r_wrist	96.045907	-136.882459	207.939312	0.535286	0.403179	0.766667	1.000000	47463.624000	47463.625000
47532.433333	0.166667	23766217	coarse_label	Blocklist (Data break)	n/a	n/a	n/a	n/a	n/a	n/a	n/a	n/a	n/a	47532.433333
47532.600000	121.533333	23766300	coarse_label	Talk	n/a	n/a	n/a	n/a	n/a	n/a	n/a	n/a	n/a	47532.600000
47601.178000	1.133333	23800589	reach_onset	n/a	r_wrist	166.117049	-157.164532	159.831944	0.471359	0.130988	0.966667	1.000000	47601.178000	47601.178000
47654.133333	0.233333	23827067	coarse_label	Blocklist (Data break)	n/a	n/a	n/a	n/a	n/a	n/a	n/a	n/a	n/a	47654.133333
47654.366667	118.766667	23827183	coarse_label	Talk	n/a	n/a	n/a	n/a	n/a	n/a	n/a	n/a	n/a	47654.366667
47773.133333	0.066667	23886567	coarse_label	Blocklist (Data break)	n/a	n/a	n/a	n/a	n/a	n/a	n/a	n/a	n/a	47773.133333
47773.200000	125.433333	23886600	coarse_label	Talk	n/a	n/a	n/a	n/a	n/a	n/a	n/a	n/a	n/a	47773.200000
47832.818000	0.966667	23916409	reach_onset	n/a	r_wrist	84.675424	79.786807	118.074750	0.441980	0.619658	0.800000	1.000000	47832.818000	47832.818000
47853.584000	0.700000	23926792	reach_onset	n/a	r_wrist	112.886864	-169.429459	140.677862	0.427373	0.010168	0.000000	0.000000	47853.584000	47853.585000
47898.633333	0.133333	23949317	coarse_label	Blocklist (Data break)	n/a	n/a	n/a	n/a	n/a	n/a	n/a	n/a	n/a	47898.633333
47898.766667	114.333333	23949383	coarse_label	Talk	n/a	n/a	n/a	n/a	n/a	n/a	n/a	n/a	n/a	47898.766667
48013.100000	0.166667	24006550	coarse_label	Blocklist (Data break)	n/a	n/a	n/a	n/a	n/a	n/a	n/a	n/a	n/a	48013.100000
48013.266667	119.633333	24006633	coarse_label	Talk, Computer/phone	n/a	n/a	n/a	n/a	n/a	n/a	n/a	n/a	n/a	48013.266667
48132.900000	0.200000	24066450	coarse_label	Blocklist (Data break)	n/a	n/a	n/a	n/a	n/a	n/a	n/a	n/a	n/a	48132.900000
48133.100000	122.266667	24066550	coarse_label	Eat, Talk, Computer/phone	n/a	n/a	n/a	n/a	n/a	n/a	n/a	n/a	n/a	48133.100000
48200.920000	0.533333	24100460	reach_onset	n/a	r_wrist	50.557412	-143.110046	139.752663	0.403290	0.588997	0.266667	1.000000	48200.920000	48200.920000
48255.366667	0.200000	24127683	coarse_label	Blocklist (Data break)	n/a	n/a	n/a	n/a	n/a	n/a	n/a	n/a	n/a	48255.366667
48255.566667	119.233333	24127783	coarse_label	Eat, Talk, Computer/phone	n/a	n/a	n/a	n/a	n/a	n/a	n/a	n/a	n/a	48255.566667
48374.800000	0.200000	24187400	coarse_label	Blocklist (Data break)	n/a	n/a	n/a	n/a	n/a	n/a	n/a	n/a	n/a	48374.800000
48375.000000	120.400000	24187500	coarse_label	Talk, Computer/phone	n/a	n/a	n/a	n/a	n/a	n/a	n/a	n/a	n/a	48375.000000
48495.400000	0.066667	24247700	coarse_label	Blocklist (Data break)	n/a	n/a	n/a	n/a	n/a	n/a	n/a	n/a	n/a	48495.400000
48495.466667	117.333333	24247733	coarse_label	Computer/phone	n/a	n/a	n/a	n/a	n/a	n/a	n/a	n/a	n/a	48495.466667
48579.282000	0.533333	24289641	reach_onset	n/a	r_wrist	56.231755	-54.360505	120.621299	0.347653	0.142744	0.000000	0.000000	48579.282000	48579.282000
48612.800000	0.033333	24306400	coarse_label	Blocklist (Data break)	n/a	n/a	n/a	n/a	n/a	n/a	n/a	n/a	n/a	48612.800000
48612.833333	119.733333	24306417	coarse_label	Computer/phone	n/a	n/a	n/a	n/a	n/a	n/a	n/a	n/a	n/a	48612.833333
48732.566667	0.200000	24366283	coarse_label	Blocklist (Data break)	n/a	n/a	n/a	n/a	n/a	n/a	n/a	n/a	n/a	48732.566667
48732.766667	120.300000	24366383	coarse_label	Computer/phone	n/a	n/a	n/a	n/a	n/a	n/a	n/a	n/a	n/a	48732.766667
48853.066667	0.100000	24426533	coarse_label	Blocklist (Data break)	n/a	n/a	n/a	n/a	n/a	n/a	n/a	n/a	n/a	48853.066667
48853.166667	119.333333	24426583	coarse_label	Computer/phone	n/a	n/a	n/a	n/a	n/a	n/a	n/a	n/a	n/a	48853.166667
48972.500000	0.166667	24486250	coarse_label	Blocklist (Data break)	n/a	n/a	n/a	n/a	n/a	n/a	n/a	n/a	n/a	48972.500000
48972.666667	120.566667	24486333	coarse_label	Computer/phone	n/a	n/a	n/a	n/a	n/a	n/a	n/a	n/a	n/a	48972.666667
49093.233333	0.033333	24546617	coarse_label	Blocklist (Data break)	n/a	n/a	n/a	n/a	n/a	n/a	n/a	n/a	n/a	49093.233333
49093.266667	119.033333	24546633	coarse_label	Computer/phone	n/a	n/a	n/a	n/a	n/a	n/a	n/a	n/a	n/a	49093.266667
49212.300000	0.066667	24606150	coarse_label	Blocklist (Data break)	n/a	n/a	n/a	n/a	n/a	n/a	n/a	n/a	n/a	49212.300000
49212.366667	120.633333	24606183	coarse_label	Computer/phone	n/a	n/a	n/a	n/a	n/a	n/a	n/a	n/a	n/a	49212.366667
49333.000000	0.100000	24666500	coarse_label	Blocklist (Data break)	n/a	n/a	n/a	n/a	n/a	n/a	n/a	n/a	n/a	49333.000000
49333.100000	121.366667	24666550	coarse_label	Computer/phone	n/a	n/a	n/a	n/a	n/a	n/a	n/a	n/a	n/a	49333.100000
49454.466667	0.033333	24727233	coarse_label	Blocklist (Data break)	n/a	n/a	n/a	n/a	n/a	n/a	n/a	n/a	n/a	49454.466667
49454.500000	118.100000	24727250	coarse_label	Computer/phone	n/a	n/a	n/a	n/a	n/a	n/a	n/a	n/a	n/a	49454.500000
49572.600000	0.166667	24786300	coarse_label	Blocklist (Data break)	n/a	n/a	n/a	n/a	n/a	n/a	n/a	n/a	n/a	49572.600000
49572.766667	120.233333	24786383	coarse_label	Computer/phone	n/a	n/a	n/a	n/a	n/a	n/a	n/a	n/a	n/a	49572.766667
49693.000000	0.033333	24846500	coarse_label	Blocklist (Data break)	n/a	n/a	n/a	n/a	n/a	n/a	n/a	n/a	n/a	49693.000000
49693.033333	124.100000	24846517	coarse_label	Computer/phone	n/a	n/a	n/a	n/a	n/a	n/a	n/a	n/a	n/a	49693.033333
49817.133333	0.133333	24908567	coarse_label	Blocklist (Data break)	n/a	n/a	n/a	n/a	n/a	n/a	n/a	n/a	n/a	49817.133333
49817.266667	115.733333	24908633	coarse_label	Computer/phone	n/a	n/a	n/a	n/a	n/a	n/a	n/a	n/a	n/a	49817.266667
49933.000000	0.033333	24966500	coarse_label	Blocklist (Data break)	n/a	n/a	n/a	n/a	n/a	n/a	n/a	n/a	n/a	49933.000000
49933.033333	121.000000	24966517	coarse_label	Computer/phone	n/a	n/a	n/a	n/a	n/a	n/a	n/a	n/a	n/a	49933.033333
50054.033333	0.100000	25027017	coarse_label	Blocklist (Data break)	n/a	n/a	n/a	n/a	n/a	n/a	n/a	n/a	n/a	50054.033333
50054.133333	119.833333	25027067	coarse_label	Computer/phone	n/a	n/a	n/a	n/a	n/a	n/a	n/a	n/a	n/a	50054.133333
50173.966667	0.200000	25086983	coarse_label	Blocklist (Data break)	n/a	n/a	n/a	n/a	n/a	n/a	n/a	n/a	n/a	50173.966667
50174.166667	122.166667	25087083	coarse_label	Talk, Computer/phone	n/a	n/a	n/a	n/a	n/a	n/a	n/a	n/a	n/a	50174.166667
50296.333333	0.066667	25148167	coarse_label	Blocklist (Data break)	n/a	n/a	n/a	n/a	n/a	n/a	n/a	n/a	n/a	50296.333333
50296.400000	119.900000	25148200	coarse_label	Blocklist (Camera move/zoom)	n/a	n/a	n/a	n/a	n/a	n/a	n/a	n/a	n/a	50296.400000
50416.300000	0.066667	25208150	coarse_label	Blocklist (Data break)	n/a	n/a	n/a	n/a	n/a	n/a	n/a	n/a	n/a	50416.300000
50416.366667	236.033333	25208183	coarse_label	Talk, Computer/phone	n/a	n/a	n/a	n/a	n/a	n/a	n/a	n/a	n/a	50416.366667
50478.736000	1.200000	25239368	reach_onset	n/a	r_wrist	189.431362	168.549583	155.244211	0.423489	0.050248	0.400000	1.000000	50478.736000	50478.737000
50566.790000	0.700000	25283395	reach_onset	n/a	r_wrist	89.083269	-141.928812	196.113262	0.404878	0.364315	0.366667	1.000000	50566.790000	50566.791000
50652.400000	0.066667	25326200	coarse_label	Blocklist (Data break)	n/a	n/a	n/a	n/a	n/a	n/a	n/a	n/a	n/a	50652.400000
50652.466667	120.300000	25326233	coarse_label	Computer/phone	n/a	n/a	n/a	n/a	n/a	n/a	n/a	n/a	n/a	50652.466667
50772.766667	0.100000	25386383	coarse_label	Blocklist (Data break)	n/a	n/a	n/a	n/a	n/a	n/a	n/a	n/a	n/a	50772.766667
50772.866667	120.266667	25386433	coarse_label	Computer/phone	n/a	n/a	n/a	n/a	n/a	n/a	n/a	n/a	n/a	50772.866667
50867.196000	0.666667	25433598	reach_onset	n/a	r_wrist	77.549202	-133.728545	219.472312	0.409643	0.019142	0.000000	0.000000	50867.196000	50867.196000
50893.133333	0.133333	25446567	coarse_label	Blocklist (Data break)	n/a	n/a	n/a	n/a	n/a	n/a	n/a	n/a	n/a	50893.133333
50893.266667	119.333333	25446633	coarse_label	Computer/phone	n/a	n/a	n/a	n/a	n/a	n/a	n/a	n/a	n/a	50893.266667
51012.600000	0.200000	25506300	coarse_label	Blocklist (Data break)	n/a	n/a	n/a	n/a	n/a	n/a	n/a	n/a	n/a	51012.600000
51012.800000	119.600000	25506400	coarse_label	Talk	n/a	n/a	n/a	n/a	n/a	n/a	n/a	n/a	n/a	51012.800000
51022.602000	0.666667	25511301	reach_onset	n/a	r_wrist	50.316797	-20.010103	118.287330	0.446829	0.703180	0.533333	1.000000	51022.602000	51022.602000
51132.400000	0.133333	25566200	coarse_label	Blocklist (Data break)	n/a	n/a	n/a	n/a	n/a	n/a	n/a	n/a	n/a	51132.400000
51132.533333	120.033333	25566267	coarse_label	Eat, Talk	n/a	n/a	n/a	n/a	n/a	n/a	n/a	n/a	n/a	51132.533333
51157.690000	0.933333	25578845	reach_onset	n/a	r_wrist	365.208173	-151.257752	134.415741	0.425986	0.657763	0.700000	1.000000	51157.690000	51157.690000
51219.122000	0.500000	25609561	reach_onset	n/a	r_wrist	47.116283	90.444810	135.368784	0.392150	0.079332	0.000000	0.000000	51219.122000	51219.123000
51252.566667	0.166667	25626283	coarse_label	Blocklist (Data break)	n/a	n/a	n/a	n/a	n/a	n/a	n/a	n/a	n/a	51252.566667
51252.733333	119.266667	25626367	coarse_label	Eat, Talk	n/a	n/a	n/a	n/a	n/a	n/a	n/a	n/a	n/a	51252.733333
51372.000000	0.300000	25686000	coarse_label	Blocklist (Data break)	n/a	n/a	n/a	n/a	n/a	n/a	n/a	n/a	n/a	51372.000000
51372.300000	119.833333	25686150	coarse_label	Eat, Talk, TV	n/a	n/a	n/a	n/a	n/a	n/a	n/a	n/a	n/a	51372.300000
51492.133333	0.166667	25746067	coarse_label	Blocklist (Data break)	n/a	n/a	n/a	n/a	n/a	n/a	n/a	n/a	n/a	51492.133333
51492.300000	120.033333	25746150	coarse_label	Talk, TV	n/a	n/a	n/a	n/a	n/a	n/a	n/a	n/a	n/a	51492.300000
51529.358000	0.966667	25764679	reach_onset	n/a	r_wrist	130.474473	-2.315305	156.748173	0.462696	0.281469	0.400000	1.000000	51529.358000	51529.358000
51595.290000	0.666667	25797645	reach_onset	n/a	r_wrist	138.048253	-9.028870	176.055210	0.538227	0.641263	0.666667	1.000000	51595.290000	51595.291000
51612.333333	0.100000	25806167	coarse_label	Blocklist (Data break)	n/a	n/a	n/a	n/a	n/a	n/a	n/a	n/a	n/a	51612.333333
51612.433333	119.766667	25806217	coarse_label	Talk	n/a	n/a	n/a	n/a	n/a	n/a	n/a	n/a	n/a	51612.433333
51718.944000	0.600000	25859472	reach_onset	n/a	r_wrist	47.634119	-120.285601	130.005719	0.583596	0.087616	0.100000	0.000000	51718.944000	51718.944000
51732.200000	0.066667	25866100	coarse_label	Blocklist (Data break)	n/a	n/a	n/a	n/a	n/a	n/a	n/a	n/a	n/a	51732.200000
51732.266667	120.333333	25866133	coarse_label	Talk, TV	n/a	n/a	n/a	n/a	n/a	n/a	n/a	n/a	n/a	51732.266667
51852.600000	0.100000	25926300	coarse_label	Blocklist (Data break)	n/a	n/a	n/a	n/a	n/a	n/a	n/a	n/a	n/a	51852.600000
51852.700000	121.333333	25926350	coarse_label	Eat, Talk, TV	n/a	n/a	n/a	n/a	n/a	n/a	n/a	n/a	n/a	51852.700000
51879.492000	0.333333	25939746	reach_onset	n/a	r_wrist	113.267250	33.819141	476.125286	0.584517	0.003968	0.000000	0.000000	51879.492000	51879.493000
51972.492000	1.166667	25986246	reach_onset	n/a	r_wrist	77.449083	5.487667	114.707111	0.556920	0.058063	0.000000	0.000000	51972.492000	51972.493000
51974.033333	0.133333	25987017	coarse_label	Blocklist (Data break)	n/a	n/a	n/a	n/a	n/a	n/a	n/a	n/a	n/a	51974.033333
51974.166667	118.700000	25987083	coarse_label	Eat, Talk, TV	n/a	n/a	n/a	n/a	n/a	n/a	n/a	n/a	n/a	51974.166667
52092.866667	0.266667	26046433	coarse_label	Blocklist (Data break)	n/a	n/a	n/a	n/a	n/a	n/a	n/a	n/a	n/a	52092.866667
52093.133333	119.566667	26046567	coarse_label	Eat, Talk	n/a	n/a	n/a	n/a	n/a	n/a	n/a	n/a	n/a	52093.133333
52212.700000	0.166667	26106350	coarse_label	Blocklist (Data break)	n/a	n/a	n/a	n/a	n/a	n/a	n/a	n/a	n/a	52212.700000
52212.866667	120.166667	26106433	coarse_label	Eat, Talk, Computer/phone	n/a	n/a	n/a	n/a	n/a	n/a	n/a	n/a	n/a	52212.866667
52229.952000	1.400000	26114976	reach_onset	n/a	r_wrist	172.189180	20.821406	160.099568	0.484683	0.120838	0.900000	1.000000	52229.952000	52229.953000
52333.033333	0.133333	26166517	coarse_label	Blocklist (Data break)	n/a	n/a	n/a	n/a	n/a	n/a	n/a	n/a	n/a	52333.033333
52333.166667	120.666667	26166583	coarse_label	Talk	n/a	n/a	n/a	n/a	n/a	n/a	n/a	n/a	n/a	52333.166667
52444.340000	1.100000	26222170	reach_onset	n/a	r_wrist	104.255497	162.335681	114.940542	0.516132	0.575598	0.733333	1.000000	52444.340000	52444.340000
52453.833333	0.100000	26226917	coarse_label	Blocklist (Data break)	n/a	n/a	n/a	n/a	n/a	n/a	n/a	n/a	n/a	52453.833333
52453.933333	118.466667	26226967	coarse_label	Talk	n/a	n/a	n/a	n/a	n/a	n/a	n/a	n/a	n/a	52453.933333
52565.826000	1.466667	26282913	reach_onset	n/a	r_wrist	87.405898	-78.113910	155.324681	0.616725	0.016048	0.000000	0.000000	52565.826000	52565.827000
52572.400000	0.033333	26286200	coarse_label	Blocklist (Data break)	n/a	n/a	n/a	n/a	n/a	n/a	n/a	n/a	n/a	52572.400000
52572.433333	120.533333	26286217	coarse_label	Talk	n/a	n/a	n/a	n/a	n/a	n/a	n/a	n/a	n/a	52572.433333
52692.966667	0.066667	26346483	coarse_label	Blocklist (Data break)	n/a	n/a	n/a	n/a	n/a	n/a	n/a	n/a	n/a	52692.966667
52693.033333	119.966667	26346517	coarse_label	Talk, Computer/phone	n/a	n/a	n/a	n/a	n/a	n/a	n/a	n/a	n/a	52693.033333
52813.000000	0.033333	26406500	coarse_label	Blocklist (Data break)	n/a	n/a	n/a	n/a	n/a	n/a	n/a	n/a	n/a	52813.000000
52813.033333	121.866667	26406517	coarse_label	Talk, Computer/phone	n/a	n/a	n/a	n/a	n/a	n/a	n/a	n/a	n/a	52813.033333
52934.900000	0.066667	26467450	coarse_label	Blocklist (Data break)	n/a	n/a	n/a	n/a	n/a	n/a	n/a	n/a	n/a	52934.900000
52934.966667	118.033333	26467483	coarse_label	Talk, Computer/phone	n/a	n/a	n/a	n/a	n/a	n/a	n/a	n/a	n/a	52934.966667
52990.618000	1.000000	26495309	reach_onset	n/a	r_wrist	54.261497	-29.800599	108.154584	0.425387	0.301588	0.000000	0.000000	52990.618000	52990.618000
53053.000000	0.066667	26526500	coarse_label	Blocklist (Data break)	n/a	n/a	n/a	n/a	n/a	n/a	n/a	n/a	n/a	53053.000000
53053.066667	119.833333	26526533	coarse_label	Talk	n/a	n/a	n/a	n/a	n/a	n/a	n/a	n/a	n/a	53053.066667
53149.352000	2.066667	26574676	reach_onset	n/a	r_wrist	105.525308	-12.138518	155.791542	0.576240	0.819740	1.700000	1.000000	53149.352000	53149.353000
53172.900000	0.033333	26586450	coarse_label	Blocklist (Data break)	n/a	n/a	n/a	n/a	n/a	n/a	n/a	n/a	n/a	53172.900000
53172.933333	120.033333	26586467	coarse_label	Eat, Talk, TV	n/a	n/a	n/a	n/a	n/a	n/a	n/a	n/a	n/a	53172.933333
53292.966667	0.033333	26646483	coarse_label	Blocklist (Data break)	n/a	n/a	n/a	n/a	n/a	n/a	n/a	n/a	n/a	53292.966667
53293.000000	120.666667	26646500	coarse_label	Eat, Talk, TV	n/a	n/a	n/a	n/a	n/a	n/a	n/a	n/a	n/a	53293.000000
53413.666667	0.066667	26706833	coarse_label	Blocklist (Data break)	n/a	n/a	n/a	n/a	n/a	n/a	n/a	n/a	n/a	53413.666667
53413.733333	119.133333	26706867	coarse_label	Eat, Talk, TV	n/a	n/a	n/a	n/a	n/a	n/a	n/a	n/a	n/a	53413.733333
53532.866667	0.133333	26766433	coarse_label	Blocklist (Data break)	n/a	n/a	n/a	n/a	n/a	n/a	n/a	n/a	n/a	53532.866667
53533.000000	122.133333	26766500	coarse_label	Talk	n/a	n/a	n/a	n/a	n/a	n/a	n/a	n/a	n/a	53533.000000
53593.866000	0.600000	26796933	reach_onset	n/a	r_wrist	52.890084	-155.022457	130.072807	0.489811	0.666412	0.466667	1.000000	53593.866000	53593.866000
53600.666000	0.533333	26800333	reach_onset	n/a	r_wrist	45.858123	-87.660386	127.364526	0.490769	0.165653	0.433333	1.000000	53600.666000	53600.666000
53655.133333	0.033333	26827567	coarse_label	Blocklist (Data break)	n/a	n/a	n/a	n/a	n/a	n/a	n/a	n/a	n/a	53655.133333
53655.166667	119.833333	26827583	coarse_label	Talk	n/a	n/a	n/a	n/a	n/a	n/a	n/a	n/a	n/a	53655.166667
53775.000000	0.066667	26887500	coarse_label	Blocklist (Data break)	n/a	n/a	n/a	n/a	n/a	n/a	n/a	n/a	n/a	53775.000000
53775.066667	117.433333	26887533	coarse_label	Talk, Computer/phone	n/a	n/a	n/a	n/a	n/a	n/a	n/a	n/a	n/a	53775.066667
53829.088000	0.800000	26914544	reach_onset	n/a	r_wrist	75.036208	-153.639539	117.324322	0.354827	0.006095	0.000000	0.000000	53829.088000	53829.089000
53892.500000	0.066667	26946250	coarse_label	Blocklist (Data break)	n/a	n/a	n/a	n/a	n/a	n/a	n/a	n/a	n/a	53892.500000
53892.566667	120.466667	26946283	coarse_label	Talk, Computer/phone	n/a	n/a	n/a	n/a	n/a	n/a	n/a	n/a	n/a	53892.566667
54013.033333	0.133333	27006517	coarse_label	Blocklist (Data break)	n/a	n/a	n/a	n/a	n/a	n/a	n/a	n/a	n/a	54013.033333
54013.166667	119.700000	27006583	coarse_label	Talk, Computer/phone	n/a	n/a	n/a	n/a	n/a	n/a	n/a	n/a	n/a	54013.166667
54132.866667	0.066667	27066433	coarse_label	Blocklist (Data break)	n/a	n/a	n/a	n/a	n/a	n/a	n/a	n/a	n/a	54132.866667
54132.933333	119.266667	27066467	coarse_label	Computer/phone	n/a	n/a	n/a	n/a	n/a	n/a	n/a	n/a	n/a	54132.933333
54252.200000	0.100000	27126100	coarse_label	Blocklist (Data break)	n/a	n/a	n/a	n/a	n/a	n/a	n/a	n/a	n/a	54252.200000
54252.300000	120.066667	27126150	coarse_label	Talk, Computer/phone	n/a	n/a	n/a	n/a	n/a	n/a	n/a	n/a	n/a	54252.300000
54372.366667	0.133333	27186183	coarse_label	Blocklist (Data break)	n/a	n/a	n/a	n/a	n/a	n/a	n/a	n/a	n/a	54372.366667
54372.500000	240.233333	27186250	coarse_label	Computer/phone	n/a	n/a	n/a	n/a	n/a	n/a	n/a	n/a	n/a	54372.500000
54612.733333	0.066667	27306367	coarse_label	Blocklist (Data break)	n/a	n/a	n/a	n/a	n/a	n/a	n/a	n/a	n/a	54612.733333
54612.800000	122.066667	27306400	coarse_label	Blocklist (Private time)	n/a	n/a	n/a	n/a	n/a	n/a	n/a	n/a	n/a	54612.800000
54734.866667	0.166667	27367433	coarse_label	Blocklist (Data break)	n/a	n/a	n/a	n/a	n/a	n/a	n/a	n/a	n/a	54734.866667
54735.033333	118.700000	27367517	coarse_label	Computer/phone	n/a	n/a	n/a	n/a	n/a	n/a	n/a	n/a	n/a	54735.033333
54805.092000	1.000000	27402546	reach_onset	n/a	r_wrist	62.988308	-119.860785	180.801778	0.472790	0.011882	0.133333	1.000000	54805.092000	54805.093000
54853.733333	0.066667	27426867	coarse_label	Blocklist (Data break)	n/a	n/a	n/a	n/a	n/a	n/a	n/a	n/a	n/a	54853.733333
54853.800000	118.566667	27426900	coarse_label	Computer/phone	n/a	n/a	n/a	n/a	n/a	n/a	n/a	n/a	n/a	54853.800000
54972.366667	0.100000	27486183	coarse_label	Blocklist (Data break)	n/a	n/a	n/a	n/a	n/a	n/a	n/a	n/a	n/a	54972.366667
54972.466667	121.033333	27486233	coarse_label	Computer/phone	n/a	n/a	n/a	n/a	n/a	n/a	n/a	n/a	n/a	54972.466667
55093.500000	0.166667	27546750	coarse_label	Blocklist (Data break)	n/a	n/a	n/a	n/a	n/a	n/a	n/a	n/a	n/a	55093.500000
55093.666667	119.000000	27546833	coarse_label	Computer/phone	n/a	n/a	n/a	n/a	n/a	n/a	n/a	n/a	n/a	55093.666667
55111.614000	1.066667	27555807	reach_onset	n/a	r_wrist	115.960613	-83.088374	157.543472	0.332113	0.016557	0.000000	0.000000	55111.614000	55111.614000
55212.666667	0.066667	27606333	coarse_label	Blocklist (Data break)	n/a	n/a	n/a	n/a	n/a	n/a	n/a	n/a	n/a	55212.666667
55212.733333	119.900000	27606367	coarse_label	Computer/phone	n/a	n/a	n/a	n/a	n/a	n/a	n/a	n/a	n/a	55212.733333
55238.508000	1.100000	27619254	reach_onset	n/a	r_wrist	57.298545	-39.953971	120.494103	0.244313	0.105922	0.000000	0.000000	55238.508000	55238.509000
55332.633333	0.100000	27666317	coarse_label	Blocklist (Data break)	n/a	n/a	n/a	n/a	n/a	n/a	n/a	n/a	n/a	55332.633333
55332.733333	119.866667	27666367	coarse_label	Talk, Computer/phone	n/a	n/a	n/a	n/a	n/a	n/a	n/a	n/a	n/a	55332.733333
55429.496000	1.500000	27714748	reach_onset	n/a	r_wrist	109.522666	-74.689210	211.577436	0.399645	0.030605	0.000000	0.000000	55429.496000	55429.496000
55452.600000	0.066667	27726300	coarse_label	Blocklist (Data break)	n/a	n/a	n/a	n/a	n/a	n/a	n/a	n/a	n/a	55452.600000
55452.666667	120.666667	27726333	coarse_label	Blocklist (Experiment)	n/a	n/a	n/a	n/a	n/a	n/a	n/a	n/a	n/a	55452.666667
55573.333333	0.066667	27786667	coarse_label	Blocklist (Data break)	n/a	n/a	n/a	n/a	n/a	n/a	n/a	n/a	n/a	55573.333333
55573.400000	118.866667	27786700	coarse_label	Blocklist (Experiment)	n/a	n/a	n/a	n/a	n/a	n/a	n/a	n/a	n/a	55573.400000
55692.266667	0.133333	27846133	coarse_label	Blocklist (Data break)	n/a	n/a	n/a	n/a	n/a	n/a	n/a	n/a	n/a	55692.266667
55692.400000	120.066667	27846200	coarse_label	Blocklist (Experiment)	n/a	n/a	n/a	n/a	n/a	n/a	n/a	n/a	n/a	55692.400000
55812.466667	0.066667	27906233	coarse_label	Blocklist (Data break)	n/a	n/a	n/a	n/a	n/a	n/a	n/a	n/a	n/a	55812.466667
55812.533333	119.633333	27906267	coarse_label	Blocklist (Experiment)	n/a	n/a	n/a	n/a	n/a	n/a	n/a	n/a	n/a	55812.533333
55932.166667	0.066667	27966083	coarse_label	Blocklist (Data break)	n/a	n/a	n/a	n/a	n/a	n/a	n/a	n/a	n/a	55932.166667
55932.233333	119.766667	27966117	coarse_label	Blocklist (Experiment)	n/a	n/a	n/a	n/a	n/a	n/a	n/a	n/a	n/a	55932.233333
56052.000000	0.100000	28026000	coarse_label	Blocklist (Data break)	n/a	n/a	n/a	n/a	n/a	n/a	n/a	n/a	n/a	56052.000000
56052.100000	121.066667	28026050	coarse_label	Blocklist (Experiment)	n/a	n/a	n/a	n/a	n/a	n/a	n/a	n/a	n/a	56052.100000
56173.166667	0.066667	28086583	coarse_label	Blocklist (Data break)	n/a	n/a	n/a	n/a	n/a	n/a	n/a	n/a	n/a	56173.166667
56173.233333	118.900000	28086617	coarse_label	Blocklist (Experiment)	n/a	n/a	n/a	n/a	n/a	n/a	n/a	n/a	n/a	56173.233333
56292.133333	0.033333	28146067	coarse_label	Blocklist (Data break)	n/a	n/a	n/a	n/a	n/a	n/a	n/a	n/a	n/a	56292.133333
56292.166667	119.833333	28146083	coarse_label	Blocklist (Experiment)	n/a	n/a	n/a	n/a	n/a	n/a	n/a	n/a	n/a	56292.166667
56412.000000	0.100000	28206000	coarse_label	Blocklist (Data break)	n/a	n/a	n/a	n/a	n/a	n/a	n/a	n/a	n/a	56412.000000
56412.100000	120.533333	28206050	coarse_label	Blocklist (Experiment)	n/a	n/a	n/a	n/a	n/a	n/a	n/a	n/a	n/a	56412.100000
56532.633333	0.133333	28266317	coarse_label	Blocklist (Data break)	n/a	n/a	n/a	n/a	n/a	n/a	n/a	n/a	n/a	56532.633333
56532.766667	120.166667	28266383	coarse_label	Blocklist (Experiment)	n/a	n/a	n/a	n/a	n/a	n/a	n/a	n/a	n/a	56532.766667
56652.933333	0.066667	28326467	coarse_label	Blocklist (Data break)	n/a	n/a	n/a	n/a	n/a	n/a	n/a	n/a	n/a	56652.933333
56653.000000	119.266667	28326500	coarse_label	Blocklist (Experiment)	n/a	n/a	n/a	n/a	n/a	n/a	n/a	n/a	n/a	56653.000000
56772.266667	0.100000	28386133	coarse_label	Blocklist (Data break)	n/a	n/a	n/a	n/a	n/a	n/a	n/a	n/a	n/a	56772.266667
56772.366667	119.966667	28386183	coarse_label	Blocklist (Experiment)	n/a	n/a	n/a	n/a	n/a	n/a	n/a	n/a	n/a	56772.366667
56892.333333	0.066667	28446167	coarse_label	Blocklist (Data break)	n/a	n/a	n/a	n/a	n/a	n/a	n/a	n/a	n/a	56892.333333
56892.400000	120.333333	28446200	coarse_label	Blocklist (Experiment)	n/a	n/a	n/a	n/a	n/a	n/a	n/a	n/a	n/a	56892.400000
57012.733333	0.100000	28506367	coarse_label	Blocklist (Data break)	n/a	n/a	n/a	n/a	n/a	n/a	n/a	n/a	n/a	57012.733333
57012.833333	120.000000	28506417	coarse_label	Blocklist (Experiment)	n/a	n/a	n/a	n/a	n/a	n/a	n/a	n/a	n/a	57012.833333
57132.833333	0.066667	28566417	coarse_label	Blocklist (Data break)	n/a	n/a	n/a	n/a	n/a	n/a	n/a	n/a	n/a	57132.833333
57132.900000	119.700000	28566450	coarse_label	Blocklist (Experiment)	n/a	n/a	n/a	n/a	n/a	n/a	n/a	n/a	n/a	57132.900000
57252.600000	0.100000	28626300	coarse_label	Blocklist (Data break)	n/a	n/a	n/a	n/a	n/a	n/a	n/a	n/a	n/a	57252.600000
57252.700000	120.133333	28626350	coarse_label	Blocklist (Experiment)	n/a	n/a	n/a	n/a	n/a	n/a	n/a	n/a	n/a	57252.700000
57372.833333	0.100000	28686417	coarse_label	Blocklist (Data break)	n/a	n/a	n/a	n/a	n/a	n/a	n/a	n/a	n/a	57372.833333
57372.933333	119.700000	28686467	coarse_label	Talk	n/a	n/a	n/a	n/a	n/a	n/a	n/a	n/a	n/a	57372.933333
57386.164000	1.000000	28693082	reach_onset	n/a	r_wrist	122.068190	130.212668	157.555105	0.540498	0.017137	0.000000	0.000000	57386.164000	57386.163000
57425.562000	1.600000	28712781	reach_onset	n/a	r_wrist	159.917373	-158.231328	225.856786	0.568769	0.176551	0.766667	1.000000	57425.562000	57425.563000
57455.596000	1.166667	28727798	reach_onset	n/a	r_wrist	89.765455	115.613302	141.608109	0.553377	0.083932	0.000000	0.000000	57455.596000	57455.597000
57492.633333	0.166667	28746317	coarse_label	Blocklist (Data break)	n/a	n/a	n/a	n/a	n/a	n/a	n/a	n/a	n/a	57492.633333
57492.800000	119.266667	28746400	coarse_label	Talk	n/a	n/a	n/a	n/a	n/a	n/a	n/a	n/a	n/a	57492.800000
57520.982000	0.600000	28760491	reach_onset	n/a	r_wrist	87.688609	-97.258322	214.910857	0.544940	0.004848	0.000000	0.000000	57520.982000	57520.982000
57525.882000	2.200000	28762941	reach_onset	n/a	r_wrist	139.909015	8.058085	139.803297	0.544445	0.198493	1.300000	1.000000	57525.882000	57525.882000
57601.348000	0.500000	28800674	reach_onset	n/a	r_wrist	76.439261	-86.021167	165.917098	0.579814	0.030368	0.000000	0.000000	57601.348000	57601.349000
57603.782000	1.933333	28801891	reach_onset	n/a	r_wrist	99.515033	-108.461594	152.377636	0.579749	0.008195	0.000000	0.000000	57603.782000	57603.782000
57612.066667	0.066667	28806033	coarse_label	Blocklist (Data break)	n/a	n/a	n/a	n/a	n/a	n/a	n/a	n/a	n/a	57612.066667
57612.133333	120.066667	28806067	coarse_label	Talk, Computer/phone	n/a	n/a	n/a	n/a	n/a	n/a	n/a	n/a	n/a	57612.133333
57678.202000	0.766667	28839101	reach_onset	n/a	r_wrist	89.321010	-105.685815	141.849542	0.610684	0.015762	0.000000	0.000000	57678.202000	57678.202000
57685.634000	1.433333	28842817	reach_onset	n/a	r_wrist	223.771622	-10.437118	270.385828	0.607710	0.295274	1.200000	1.000000	57685.634000	57685.635000
57732.200000	0.033333	28866100	coarse_label	Blocklist (Data break)	n/a	n/a	n/a	n/a	n/a	n/a	n/a	n/a	n/a	57732.200000
57732.233333	121.333333	28866117	coarse_label	Talk, Computer/phone	n/a	n/a	n/a	n/a	n/a	n/a	n/a	n/a	n/a	57732.233333
57747.932000	2.033333	28873966	reach_onset	n/a	r_wrist	91.740889	22.981134	139.977614	0.517411	0.337105	2.033333	1.000000	57747.932000	57747.932000
57761.366000	0.900000	28880683	reach_onset	n/a	r_wrist	73.696629	50.300920	107.405133	0.495585	0.473140	0.900000	1.000000	57761.366000	57761.365000
57853.566667	0.033333	28926783	coarse_label	Blocklist (Data break)	n/a	n/a	n/a	n/a	n/a	n/a	n/a	n/a	n/a	57853.566667
57853.600000	121.000000	28926800	coarse_label	Talk, Computer/phone	n/a	n/a	n/a	n/a	n/a	n/a	n/a	n/a	n/a	57853.600000
57866.020000	0.933333	28933010	reach_onset	n/a	r_wrist	75.660043	44.073625	152.396465	0.491190	0.419260	0.933333	1.000000	57866.020000	57866.019000
57974.600000	0.066667	28987300	coarse_label	Blocklist (Data break)	n/a	n/a	n/a	n/a	n/a	n/a	n/a	n/a	n/a	57974.600000
57974.666667	119.166667	28987333	coarse_label	Blocklist (Private time)	n/a	n/a	n/a	n/a	n/a	n/a	n/a	n/a	n/a	57974.666667
58093.833333	0.033333	29046917	coarse_label	Blocklist (Data break)	n/a	n/a	n/a	n/a	n/a	n/a	n/a	n/a	n/a	58093.833333
58093.866667	118.666667	29046933	coarse_label	Blocklist (Private time)	n/a	n/a	n/a	n/a	n/a	n/a	n/a	n/a	n/a	58093.866667
58212.533333	0.166667	29106267	coarse_label	Blocklist (Data break)	n/a	n/a	n/a	n/a	n/a	n/a	n/a	n/a	n/a	58212.533333
58212.700000	119.600000	29106350	coarse_label	Blocklist (Private time)	n/a	n/a	n/a	n/a	n/a	n/a	n/a	n/a	n/a	58212.700000
58332.300000	0.100000	29166150	coarse_label	Blocklist (Data break)	n/a	n/a	n/a	n/a	n/a	n/a	n/a	n/a	n/a	58332.300000
58332.400000	120.866667	29166200	coarse_label	Blocklist (Private time)	n/a	n/a	n/a	n/a	n/a	n/a	n/a	n/a	n/a	58332.400000
58453.266667	0.166667	29226633	coarse_label	Blocklist (Data break)	n/a	n/a	n/a	n/a	n/a	n/a	n/a	n/a	n/a	58453.266667
58453.433333	119.066667	29226717	coarse_label	Blocklist (Private time)	n/a	n/a	n/a	n/a	n/a	n/a	n/a	n/a	n/a	58453.433333
58572.500000	0.133333	29286250	coarse_label	Blocklist (Data break)	n/a	n/a	n/a	n/a	n/a	n/a	n/a	n/a	n/a	58572.500000
58572.633333	120.800000	29286317	coarse_label	Blocklist (Private time)	n/a	n/a	n/a	n/a	n/a	n/a	n/a	n/a	n/a	58572.633333
58693.433333	0.166667	29346717	coarse_label	Blocklist (Data break)	n/a	n/a	n/a	n/a	n/a	n/a	n/a	n/a	n/a	58693.433333
58693.600000	120.266667	29346800	coarse_label	Blocklist (Private time)	n/a	n/a	n/a	n/a	n/a	n/a	n/a	n/a	n/a	58693.600000
58813.866667	0.066667	29406933	coarse_label	Blocklist (Data break)	n/a	n/a	n/a	n/a	n/a	n/a	n/a	n/a	n/a	58813.866667
58813.933333	118.600000	29406967	coarse_label	Talk, TV	n/a	n/a	n/a	n/a	n/a	n/a	n/a	n/a	n/a	58813.933333
58872.454000	0.866667	29436227	reach_onset	n/a	r_wrist	112.856181	-46.131151	177.627884	0.443825	0.067450	0.000000	1.000000	58872.454000	58872.454000
58909.788000	1.066667	29454894	reach_onset	n/a	r_wrist	86.487923	-94.474380	209.529822	0.451822	0.072659	0.733333	1.000000	58909.788000	58909.788000
58932.533333	0.166667	29466267	coarse_label	Blocklist (Data break)	n/a	n/a	n/a	n/a	n/a	n/a	n/a	n/a	n/a	58932.533333
58932.700000	119.966667	29466350	coarse_label	Talk, TV	n/a	n/a	n/a	n/a	n/a	n/a	n/a	n/a	n/a	58932.700000
58957.672000	0.666667	29478836	reach_onset	n/a	r_wrist	152.104430	-104.970652	212.841451	0.498273	0.013492	0.000000	0.000000	58957.672000	58957.673000
58980.740000	1.133333	29490370	reach_onset	n/a	r_wrist	138.210967	-91.016448	350.386751	0.494766	0.035366	0.166667	1.000000	58980.740000	58980.740000
59052.666667	0.033333	29526333	coarse_label	Blocklist (Data break)	n/a	n/a	n/a	n/a	n/a	n/a	n/a	n/a	n/a	59052.666667
59052.700000	122.700000	29526350	coarse_label	Blocklist (Camera move/zoom)	n/a	n/a	n/a	n/a	n/a	n/a	n/a	n/a	n/a	59052.700000
59175.400000	0.033333	29587700	coarse_label	Blocklist (Data break)	n/a	n/a	n/a	n/a	n/a	n/a	n/a	n/a	n/a	59175.400000
59175.433333	118.900000	29587717	coarse_label	Talk	n/a	n/a	n/a	n/a	n/a	n/a	n/a	n/a	n/a	59175.433333
59294.333333	0.066667	29647167	coarse_label	Blocklist (Data break)	n/a	n/a	n/a	n/a	n/a	n/a	n/a	n/a	n/a	59294.333333
59294.400000	117.900000	29647200	coarse_label	Talk	n/a	n/a	n/a	n/a	n/a	n/a	n/a	n/a	n/a	59294.400000
59412.300000	0.033333	29706150	coarse_label	Blocklist (Data break)	n/a	n/a	n/a	n/a	n/a	n/a	n/a	n/a	n/a	59412.300000
59412.333333	119.766667	29706167	coarse_label	Talk	n/a	n/a	n/a	n/a	n/a	n/a	n/a	n/a	n/a	59412.333333
59532.100000	0.100000	29766050	coarse_label	Blocklist (Data break)	n/a	n/a	n/a	n/a	n/a	n/a	n/a	n/a	n/a	59532.100000
59532.200000	120.633333	29766100	coarse_label	Talk	n/a	n/a	n/a	n/a	n/a	n/a	n/a	n/a	n/a	59532.200000
59652.833333	0.100000	29826417	coarse_label	Blocklist (Data break)	n/a	n/a	n/a	n/a	n/a	n/a	n/a	n/a	n/a	59652.833333
59652.933333	119.500000	29826467	coarse_label	Talk	n/a	n/a	n/a	n/a	n/a	n/a	n/a	n/a	n/a	59652.933333
59772.433333	0.033333	29886217	coarse_label	Blocklist (Data break)	n/a	n/a	n/a	n/a	n/a	n/a	n/a	n/a	n/a	59772.433333
59772.466667	119.833333	29886233	coarse_label	Talk, Computer/phone	n/a	n/a	n/a	n/a	n/a	n/a	n/a	n/a	n/a	59772.466667
59883.554000	1.733333	29941777	reach_onset	n/a	r_wrist	152.004067	-77.354879	146.997523	0.448212	0.068778	0.000000	0.000000	59883.554000	59883.554000
59892.300000	0.033333	29946150	coarse_label	Blocklist (Data break)	n/a	n/a	n/a	n/a	n/a	n/a	n/a	n/a	n/a	59892.300000
59892.333333	119.866667	29946167	coarse_label	Talk, Computer/phone	n/a	n/a	n/a	n/a	n/a	n/a	n/a	n/a	n/a	59892.333333
60012.200000	0.133333	30006100	coarse_label	Blocklist (Data break)	n/a	n/a	n/a	n/a	n/a	n/a	n/a	n/a	n/a	60012.200000
60012.333333	119.766667	30006167	coarse_label	Talk, Computer/phone	n/a	n/a	n/a	n/a	n/a	n/a	n/a	n/a	n/a	60012.333333
60132.100000	0.033333	30066050	coarse_label	Blocklist (Data break)	n/a	n/a	n/a	n/a	n/a	n/a	n/a	n/a	n/a	60132.100000
60132.133333	120.066667	30066067	coarse_label	Talk, Computer/phone	n/a	n/a	n/a	n/a	n/a	n/a	n/a	n/a	n/a	60132.133333
60252.200000	0.100000	30126100	coarse_label	Blocklist (Data break)	n/a	n/a	n/a	n/a	n/a	n/a	n/a	n/a	n/a	60252.200000
60252.300000	119.900000	30126150	coarse_label	Talk	n/a	n/a	n/a	n/a	n/a	n/a	n/a	n/a	n/a	60252.300000
60372.200000	0.100000	30186100	coarse_label	Blocklist (Data break)	n/a	n/a	n/a	n/a	n/a	n/a	n/a	n/a	n/a	60372.200000
60372.300000	120.500000	30186150	coarse_label	Talk	n/a	n/a	n/a	n/a	n/a	n/a	n/a	n/a	n/a	60372.300000
60492.800000	0.033333	30246400	coarse_label	Blocklist (Data break)	n/a	n/a	n/a	n/a	n/a	n/a	n/a	n/a	n/a	60492.800000
60492.833333	121.333333	30246417	coarse_label	Talk	n/a	n/a	n/a	n/a	n/a	n/a	n/a	n/a	n/a	60492.833333
60614.166667	0.166667	30307083	coarse_label	Blocklist (Data break)	n/a	n/a	n/a	n/a	n/a	n/a	n/a	n/a	n/a	60614.166667
60614.333333	118.100000	30307167	coarse_label	Talk	n/a	n/a	n/a	n/a	n/a	n/a	n/a	n/a	n/a	60614.333333
60626.448000	1.466667	30313224	reach_onset	n/a	r_wrist	116.249797	-110.282509	207.244779	0.460852	0.053306	0.133333	1.000000	60626.448000	60626.448000
60732.433333	0.133333	30366217	coarse_label	Blocklist (Data break)	n/a	n/a	n/a	n/a	n/a	n/a	n/a	n/a	n/a	60732.433333
60732.566667	120.266667	30366283	coarse_label	Talk	n/a	n/a	n/a	n/a	n/a	n/a	n/a	n/a	n/a	60732.566667
60852.833333	0.033333	30426417	coarse_label	Blocklist (Data break)	n/a	n/a	n/a	n/a	n/a	n/a	n/a	n/a	n/a	60852.833333
60852.866667	119.666667	30426433	coarse_label	Talk	n/a	n/a	n/a	n/a	n/a	n/a	n/a	n/a	n/a	60852.866667
60972.533333	0.266667	30486267	coarse_label	Blocklist (Data break)	n/a	n/a	n/a	n/a	n/a	n/a	n/a	n/a	n/a	60972.533333
60972.800000	120.166667	30486400	coarse_label	Talk	n/a	n/a	n/a	n/a	n/a	n/a	n/a	n/a	n/a	60972.800000
61092.966667	0.033333	30546483	coarse_label	Blocklist (Data break)	n/a	n/a	n/a	n/a	n/a	n/a	n/a	n/a	n/a	61092.966667
61093.000000	119.066667	30546500	coarse_label	Talk	n/a	n/a	n/a	n/a	n/a	n/a	n/a	n/a	n/a	61093.000000
61205.898000	0.333333	30602949	reach_onset	n/a	r_wrist	145.948075	72.088442	324.091253	0.403121	0.023025	0.300000	1.000000	61205.898000	61205.899000
61212.066667	0.166667	30606033	coarse_label	Blocklist (Data break)	n/a	n/a	n/a	n/a	n/a	n/a	n/a	n/a	n/a	61212.066667
61212.233333	120.833333	30606117	coarse_label	Talk	n/a	n/a	n/a	n/a	n/a	n/a	n/a	n/a	n/a	61212.233333
61288.656000	2.100000	30644328	reach_onset	n/a	r_wrist	193.018570	-130.794473	107.393421	0.503175	0.146221	0.633333	1.000000	61288.656000	61288.657000
61296.524000	1.366667	30648262	reach_onset	n/a	r_wrist	198.011748	47.565417	119.450136	0.509973	0.004631	0.000000	0.000000	61296.524000	61296.524000
61333.066667	0.133333	30666533	coarse_label	Blocklist (Data break)	n/a	n/a	n/a	n/a	n/a	n/a	n/a	n/a	n/a	61333.066667
61333.200000	119.033333	30666600	coarse_label	Talk	n/a	n/a	n/a	n/a	n/a	n/a	n/a	n/a	n/a	61333.200000
61345.150000	0.966667	30672575	reach_onset	n/a	r_wrist	75.441780	-90.625866	114.046072	0.554466	0.059479	0.000000	0.000000	61345.150000	61345.150000
61445.382000	0.566667	30722691	reach_onset	n/a	r_wrist	111.194653	-43.213090	218.196841	0.514092	0.172383	0.000000	1.000000	61445.382000	61445.383000
61452.233333	0.133333	30726117	coarse_label	Blocklist (Data break)	n/a	n/a	n/a	n/a	n/a	n/a	n/a	n/a	n/a	61452.233333
61452.366667	119.766667	30726183	coarse_label	Talk	n/a	n/a	n/a	n/a	n/a	n/a	n/a	n/a	n/a	61452.366667
61476.902000	0.800000	30738451	reach_onset	n/a	r_wrist	153.549440	-45.744459	214.584556	0.507124	0.108183	0.000000	0.000000	61476.902000	61476.903000
61572.133333	0.033333	30786067	coarse_label	Blocklist (Data break)	n/a	n/a	n/a	n/a	n/a	n/a	n/a	n/a	n/a	61572.133333
61572.166667	120.033333	30786083	coarse_label	Talk	n/a	n/a	n/a	n/a	n/a	n/a	n/a	n/a	n/a	61572.166667
61692.200000	0.066667	30846100	coarse_label	Blocklist (Data break)	n/a	n/a	n/a	n/a	n/a	n/a	n/a	n/a	n/a	61692.200000
61692.266667	120.800000	30846133	coarse_label	Talk	n/a	n/a	n/a	n/a	n/a	n/a	n/a	n/a	n/a	61692.266667
61813.066667	0.033333	30906533	coarse_label	Blocklist (Data break)	n/a	n/a	n/a	n/a	n/a	n/a	n/a	n/a	n/a	61813.066667
61813.100000	119.000000	30906550	coarse_label	Talk, Computer/phone	n/a	n/a	n/a	n/a	n/a	n/a	n/a	n/a	n/a	61813.100000
61862.868000	1.100000	30931434	reach_onset	n/a	r_wrist	78.496130	-73.096193	111.831122	0.381897	0.468620	0.766667	1.000000	61862.868000	61862.868000
61932.100000	0.033333	30966050	coarse_label	Blocklist (Data break)	n/a	n/a	n/a	n/a	n/a	n/a	n/a	n/a	n/a	61932.100000
61932.133333	120.633333	30966067	coarse_label	Talk, Computer/phone	n/a	n/a	n/a	n/a	n/a	n/a	n/a	n/a	n/a	61932.133333
62052.766667	0.066667	31026383	coarse_label	Blocklist (Data break)	n/a	n/a	n/a	n/a	n/a	n/a	n/a	n/a	n/a	62052.766667
62052.833333	119.400000	31026417	coarse_label	Talk, Computer/phone	n/a	n/a	n/a	n/a	n/a	n/a	n/a	n/a	n/a	62052.833333
62172.233333	0.066667	31086117	coarse_label	Blocklist (Data break)	n/a	n/a	n/a	n/a	n/a	n/a	n/a	n/a	n/a	62172.233333
62172.300000	120.866667	31086150	coarse_label	Talk, Computer/phone	n/a	n/a	n/a	n/a	n/a	n/a	n/a	n/a	n/a	62172.300000
62293.166667	0.066667	31146583	coarse_label	Blocklist (Data break)	n/a	n/a	n/a	n/a	n/a	n/a	n/a	n/a	n/a	62293.166667
62293.233333	119.566667	31146617	coarse_label	Talk	n/a	n/a	n/a	n/a	n/a	n/a	n/a	n/a	n/a	62293.233333
62412.800000	0.066667	31206400	coarse_label	Blocklist (Data break)	n/a	n/a	n/a	n/a	n/a	n/a	n/a	n/a	n/a	62412.800000
62412.866667	119.866667	31206433	coarse_label	Talk	n/a	n/a	n/a	n/a	n/a	n/a	n/a	n/a	n/a	62412.866667
62532.733333	0.066667	31266367	coarse_label	Blocklist (Data break)	n/a	n/a	n/a	n/a	n/a	n/a	n/a	n/a	n/a	62532.733333
62532.800000	119.733333	31266400	coarse_label	Talk	n/a	n/a	n/a	n/a	n/a	n/a	n/a	n/a	n/a	62532.800000
62652.533333	0.066667	31326267	coarse_label	Blocklist (Data break)	n/a	n/a	n/a	n/a	n/a	n/a	n/a	n/a	n/a	62652.533333
62652.600000	119.200000	31326300	coarse_label	Talk	n/a	n/a	n/a	n/a	n/a	n/a	n/a	n/a	n/a	62652.600000
62771.800000	0.100000	31385900	coarse_label	Blocklist (Data break)	n/a	n/a	n/a	n/a	n/a	n/a	n/a	n/a	n/a	62771.800000
62771.900000	120.700000	31385950	coarse_label	Talk	n/a	n/a	n/a	n/a	n/a	n/a	n/a	n/a	n/a	62771.900000
62892.600000	0.033333	31446300	coarse_label	Blocklist (Data break)	n/a	n/a	n/a	n/a	n/a	n/a	n/a	n/a	n/a	62892.600000
62892.633333	120.033333	31446317	coarse_label	Talk	n/a	n/a	n/a	n/a	n/a	n/a	n/a	n/a	n/a	62892.633333
63012.666667	0.066667	31506333	coarse_label	Blocklist (Data break)	n/a	n/a	n/a	n/a	n/a	n/a	n/a	n/a	n/a	63012.666667
63012.733333	119.866667	31506367	coarse_label	Talk	n/a	n/a	n/a	n/a	n/a	n/a	n/a	n/a	n/a	63012.733333
63132.600000	0.133333	31566300	coarse_label	Blocklist (Data break)	n/a	n/a	n/a	n/a	n/a	n/a	n/a	n/a	n/a	63132.600000
63132.733333	120.033333	31566367	coarse_label	Talk	n/a	n/a	n/a	n/a	n/a	n/a	n/a	n/a	n/a	63132.733333
63252.766667	0.033333	31626383	coarse_label	Blocklist (Data break)	n/a	n/a	n/a	n/a	n/a	n/a	n/a	n/a	n/a	63252.766667
63252.800000	121.033333	31626400	coarse_label	Talk	n/a	n/a	n/a	n/a	n/a	n/a	n/a	n/a	n/a	63252.800000
63373.833333	0.066667	31686917	coarse_label	Blocklist (Data break)	n/a	n/a	n/a	n/a	n/a	n/a	n/a	n/a	n/a	63373.833333
63373.900000	117.900000	31686950	coarse_label	Talk	n/a	n/a	n/a	n/a	n/a	n/a	n/a	n/a	n/a	63373.900000
63491.800000	0.033333	31745900	coarse_label	Blocklist (Data break)	n/a	n/a	n/a	n/a	n/a	n/a	n/a	n/a	n/a	63491.800000
63491.833333	120.300000	31745917	coarse_label	Talk, Computer/phone	n/a	n/a	n/a	n/a	n/a	n/a	n/a	n/a	n/a	63491.833333
63583.164000	1.466667	31791582	reach_onset	n/a	r_wrist	91.891605	-118.155854	118.898061	0.438096	0.427733	1.366667	1.000000	63583.164000	63583.164000
63612.133333	0.066667	31806067	coarse_label	Blocklist (Data break)	n/a	n/a	n/a	n/a	n/a	n/a	n/a	n/a	n/a	63612.133333
63612.200000	120.533333	31806100	coarse_label	Talk, Computer/phone	n/a	n/a	n/a	n/a	n/a	n/a	n/a	n/a	n/a	63612.200000
63732.733333	0.066667	31866367	coarse_label	Blocklist (Data break)	n/a	n/a	n/a	n/a	n/a	n/a	n/a	n/a	n/a	63732.733333
63732.800000	119.300000	31866400	coarse_label	Talk, Computer/phone	n/a	n/a	n/a	n/a	n/a	n/a	n/a	n/a	n/a	63732.800000
63852.100000	0.133333	31926050	coarse_label	Blocklist (Data break)	n/a	n/a	n/a	n/a	n/a	n/a	n/a	n/a	n/a	63852.100000
63852.233333	120.066667	31926117	coarse_label	Computer/phone	n/a	n/a	n/a	n/a	n/a	n/a	n/a	n/a	n/a	63852.233333
63972.300000	0.033333	31986150	coarse_label	Blocklist (Data break)	n/a	n/a	n/a	n/a	n/a	n/a	n/a	n/a	n/a	63972.300000
63972.333333	120.200000	31986167	coarse_label	Computer/phone	n/a	n/a	n/a	n/a	n/a	n/a	n/a	n/a	n/a	63972.333333
64092.533333	0.066667	32046267	coarse_label	Blocklist (Data break)	n/a	n/a	n/a	n/a	n/a	n/a	n/a	n/a	n/a	64092.533333
64092.600000	119.366667	32046300	coarse_label	Computer/phone	n/a	n/a	n/a	n/a	n/a	n/a	n/a	n/a	n/a	64092.600000
64211.966667	0.100000	32105983	coarse_label	Blocklist (Data break)	n/a	n/a	n/a	n/a	n/a	n/a	n/a	n/a	n/a	64211.966667
64212.066667	120.566667	32106033	coarse_label	Computer/phone	n/a	n/a	n/a	n/a	n/a	n/a	n/a	n/a	n/a	64212.066667
64293.928000	1.233333	32146964	reach_onset	n/a	r_wrist	82.120667	140.942935	177.966739	0.111467	0.439148	0.566667	1.000000	64293.928000	64293.929000
64332.633333	0.066667	32166317	coarse_label	Blocklist (Data break)	n/a	n/a	n/a	n/a	n/a	n/a	n/a	n/a	n/a	64332.633333
64332.700000	119.300000	32166350	coarse_label	Computer/phone	n/a	n/a	n/a	n/a	n/a	n/a	n/a	n/a	n/a	64332.700000
64452.000000	0.133333	32226000	coarse_label	Blocklist (Data break)	n/a	n/a	n/a	n/a	n/a	n/a	n/a	n/a	n/a	64452.000000
64452.133333	122.400000	32226067	coarse_label	Computer/phone	n/a	n/a	n/a	n/a	n/a	n/a	n/a	n/a	n/a	64452.133333
64574.533333	0.033333	32287267	coarse_label	Blocklist (Data break)	n/a	n/a	n/a	n/a	n/a	n/a	n/a	n/a	n/a	64574.533333
64574.566667	117.333333	32287283	coarse_label	Computer/phone	n/a	n/a	n/a	n/a	n/a	n/a	n/a	n/a	n/a	64574.566667
64691.900000	0.066667	32345950	coarse_label	Blocklist (Data break)	n/a	n/a	n/a	n/a	n/a	n/a	n/a	n/a	n/a	64691.900000
64691.966667	122.866667	32345983	coarse_label	Computer/phone	n/a	n/a	n/a	n/a	n/a	n/a	n/a	n/a	n/a	64691.966667
64814.833333	0.066667	32407417	coarse_label	Blocklist (Data break)	n/a	n/a	n/a	n/a	n/a	n/a	n/a	n/a	n/a	64814.833333
64814.900000	119.466667	32407450	coarse_label	Computer/phone	n/a	n/a	n/a	n/a	n/a	n/a	n/a	n/a	n/a	64814.900000
64934.366667	0.066667	32467183	coarse_label	Blocklist (Data break)	n/a	n/a	n/a	n/a	n/a	n/a	n/a	n/a	n/a	64934.366667
64934.433333	119.266667	32467217	coarse_label	Computer/phone	n/a	n/a	n/a	n/a	n/a	n/a	n/a	n/a	n/a	64934.433333
65036.914000	1.266667	32518457	reach_onset	n/a	r_wrist	93.823303	-55.611903	194.114331	0.410608	0.490741	0.266667	1.000000	65036.914000	65036.914000
65053.700000	0.066667	32526850	coarse_label	Blocklist (Data break)	n/a	n/a	n/a	n/a	n/a	n/a	n/a	n/a	n/a	65053.700000
65053.766667	239.900000	32526883	coarse_label	Eat, Talk	n/a	n/a	n/a	n/a	n/a	n/a	n/a	n/a	n/a	65053.766667
65293.666667	0.033333	32646833	coarse_label	Blocklist (Data break)	n/a	n/a	n/a	n/a	n/a	n/a	n/a	n/a	n/a	65293.666667
65293.700000	118.900000	32646850	coarse_label	Eat, Talk	n/a	n/a	n/a	n/a	n/a	n/a	n/a	n/a	n/a	65293.700000
65412.600000	0.066667	32706300	coarse_label	Blocklist (Data break)	n/a	n/a	n/a	n/a	n/a	n/a	n/a	n/a	n/a	65412.600000
65412.666667	119.700000	32706333	coarse_label	Eat, Talk, Computer/phone	n/a	n/a	n/a	n/a	n/a	n/a	n/a	n/a	n/a	65412.666667
65456.912000	1.033333	32728456	reach_onset	n/a	r_wrist	90.952007	-122.491503	117.651822	0.414671	0.468555	1.033333	1.000000	65456.912000	65456.912000
65532.366667	0.033333	32766183	coarse_label	Blocklist (Data break)	n/a	n/a	n/a	n/a	n/a	n/a	n/a	n/a	n/a	65532.366667
65532.400000	119.833333	32766200	coarse_label	Talk, Computer/phone	n/a	n/a	n/a	n/a	n/a	n/a	n/a	n/a	n/a	65532.400000
65652.233333	0.100000	32826117	coarse_label	Blocklist (Data break)	n/a	n/a	n/a	n/a	n/a	n/a	n/a	n/a	n/a	65652.233333
65652.333333	120.100000	32826167	coarse_label	Talk, Computer/phone	n/a	n/a	n/a	n/a	n/a	n/a	n/a	n/a	n/a	65652.333333
65772.433333	0.133333	32886217	coarse_label	Blocklist (Data break)	n/a	n/a	n/a	n/a	n/a	n/a	n/a	n/a	n/a	65772.433333
65772.566667	119.700000	32886283	coarse_label	Eat, Talk, Computer/phone	n/a	n/a	n/a	n/a	n/a	n/a	n/a	n/a	n/a	65772.566667
65892.266667	0.200000	32946133	coarse_label	Blocklist (Data break)	n/a	n/a	n/a	n/a	n/a	n/a	n/a	n/a	n/a	65892.266667
65892.466667	119.966667	32946233	coarse_label	Eat, Talk, Computer/phone	n/a	n/a	n/a	n/a	n/a	n/a	n/a	n/a	n/a	65892.466667
65971.466000	2.100000	32985733	reach_onset	n/a	r_wrist	100.259097	177.220041	111.997142	0.411231	0.038230	0.000000	0.000000	65971.466000	65971.466000
66012.433333	0.066667	33006217	coarse_label	Blocklist (Data break)	n/a	n/a	n/a	n/a	n/a	n/a	n/a	n/a	n/a	66012.433333
66012.500000	119.833333	33006250	coarse_label	Eat, Talk, Computer/phone	n/a	n/a	n/a	n/a	n/a	n/a	n/a	n/a	n/a	66012.500000
66132.333333	0.133333	33066167	coarse_label	Blocklist (Data break)	n/a	n/a	n/a	n/a	n/a	n/a	n/a	n/a	n/a	66132.333333
66132.466667	121.300000	33066233	coarse_label	Eat, Talk	n/a	n/a	n/a	n/a	n/a	n/a	n/a	n/a	n/a	66132.466667
66253.766667	0.033333	33126883	coarse_label	Blocklist (Data break)	n/a	n/a	n/a	n/a	n/a	n/a	n/a	n/a	n/a	66253.766667
66253.800000	118.033333	33126900	coarse_label	Eat, Talk	n/a	n/a	n/a	n/a	n/a	n/a	n/a	n/a	n/a	66253.800000
66371.833333	0.066667	33185917	coarse_label	Blocklist (Data break)	n/a	n/a	n/a	n/a	n/a	n/a	n/a	n/a	n/a	66371.833333
66371.900000	119.966667	33185950	coarse_label	Eat, Talk	n/a	n/a	n/a	n/a	n/a	n/a	n/a	n/a	n/a	66371.900000
66491.866667	0.100000	33245933	coarse_label	Blocklist (Data break)	n/a	n/a	n/a	n/a	n/a	n/a	n/a	n/a	n/a	66491.866667
66491.966667	121.166667	33245983	coarse_label	Eat, Talk	n/a	n/a	n/a	n/a	n/a	n/a	n/a	n/a	n/a	66491.966667
66613.133333	0.033333	33306567	coarse_label	Blocklist (Data break)	n/a	n/a	n/a	n/a	n/a	n/a	n/a	n/a	n/a	66613.133333
66613.166667	118.566667	33306583	coarse_label	Eat, Talk	n/a	n/a	n/a	n/a	n/a	n/a	n/a	n/a	n/a	66613.166667
66682.094000	0.633333	33341047	reach_onset	n/a	r_wrist	79.434218	-70.946286	252.826186	0.498912	0.034690	0.000000	0.000000	66682.094000	66682.095000
66704.694000	1.100000	33352347	reach_onset	n/a	r_wrist	142.652002	-113.195129	127.540766	0.490878	0.034131	0.000000	0.000000	66704.694000	66704.695000
66731.733333	0.066667	33365867	coarse_label	Blocklist (Data break)	n/a	n/a	n/a	n/a	n/a	n/a	n/a	n/a	n/a	66731.733333
66731.800000	121.900000	33365900	coarse_label	Talk	n/a	n/a	n/a	n/a	n/a	n/a	n/a	n/a	n/a	66731.800000
66785.080000	1.033333	33392540	reach_onset	n/a	r_wrist	116.739671	13.655016	252.071046	0.462650	0.017411	0.000000	0.000000	66785.080000	66785.081000
66789.848000	1.200000	33394924	reach_onset	n/a	r_wrist	175.898091	-166.812048	285.310935	0.461658	0.539254	0.933333	1.000000	66789.848000	66789.848000
66853.700000	0.066667	33426850	coarse_label	Blocklist (Data break)	n/a	n/a	n/a	n/a	n/a	n/a	n/a	n/a	n/a	66853.700000
66853.766667	118.266667	33426883	coarse_label	Eat, Talk	n/a	n/a	n/a	n/a	n/a	n/a	n/a	n/a	n/a	66853.766667
66972.033333	0.033333	33486017	coarse_label	Blocklist (Data break)	n/a	n/a	n/a	n/a	n/a	n/a	n/a	n/a	n/a	66972.033333
66972.066667	120.333333	33486033	coarse_label	Eat, Talk	n/a	n/a	n/a	n/a	n/a	n/a	n/a	n/a	n/a	66972.066667
67092.400000	0.100000	33546200	coarse_label	Blocklist (Data break)	n/a	n/a	n/a	n/a	n/a	n/a	n/a	n/a	n/a	67092.400000
67092.500000	119.600000	33546250	coarse_label	Eat, Talk	n/a	n/a	n/a	n/a	n/a	n/a	n/a	n/a	n/a	67092.500000
67135.820000	1.100000	33567910	reach_onset	n/a	r_wrist	92.556137	-24.062605	126.217183	0.382662	0.757344	0.666667	1.000000	67135.820000	67135.819000
67199.318000	0.666667	33599659	reach_onset	n/a	r_wrist	87.376469	-68.072216	220.984656	0.435265	0.369356	0.200000	1.000000	67199.318000	67199.319000
67212.100000	0.266667	33606050	coarse_label	Blocklist (Data break)	n/a	n/a	n/a	n/a	n/a	n/a	n/a	n/a	n/a	67212.100000
67212.366667	120.233333	33606183	coarse_label	Talk, Other activity	n/a	n/a	n/a	n/a	n/a	n/a	n/a	n/a	n/a	67212.366667
67332.600000	0.066667	33666300	coarse_label	Blocklist (Data break)	n/a	n/a	n/a	n/a	n/a	n/a	n/a	n/a	n/a	67332.600000
67332.666667	119.433333	33666333	coarse_label	Talk, Other activity	n/a	n/a	n/a	n/a	n/a	n/a	n/a	n/a	n/a	67332.666667
67452.100000	0.066667	33726050	coarse_label	Blocklist (Data break)	n/a	n/a	n/a	n/a	n/a	n/a	n/a	n/a	n/a	67452.100000
67452.166667	121.333333	33726083	coarse_label	Talk, Computer/phone	n/a	n/a	n/a	n/a	n/a	n/a	n/a	n/a	n/a	67452.166667
67535.676000	0.933333	33767838	reach_onset	n/a	r_wrist	50.390439	-69.616233	116.533999	0.485593	0.084411	0.000000	1.000000	67535.676000	67535.677000
67573.500000	0.100000	33786750	coarse_label	Blocklist (Data break)	n/a	n/a	n/a	n/a	n/a	n/a	n/a	n/a	n/a	67573.500000
67573.600000	119.833333	33786800	coarse_label	Computer/phone	n/a	n/a	n/a	n/a	n/a	n/a	n/a	n/a	n/a	67573.600000
67693.433333	0.066667	33846717	coarse_label	Blocklist (Data break)	n/a	n/a	n/a	n/a	n/a	n/a	n/a	n/a	n/a	67693.433333
67693.500000	118.533333	33846750	coarse_label	Computer/phone	n/a	n/a	n/a	n/a	n/a	n/a	n/a	n/a	n/a	67693.500000
67812.033333	0.066667	33906017	coarse_label	Blocklist (Data break)	n/a	n/a	n/a	n/a	n/a	n/a	n/a	n/a	n/a	67812.033333
67812.100000	119.900000	33906050	coarse_label	Computer/phone	n/a	n/a	n/a	n/a	n/a	n/a	n/a	n/a	n/a	67812.100000
67921.314000	1.266667	33960657	reach_onset	n/a	r_wrist	106.489887	117.568909	151.939980	0.588374	0.069283	0.000000	0.000000	67921.314000	67921.314000
67932.000000	0.066667	33966000	coarse_label	Blocklist (Data break)	n/a	n/a	n/a	n/a	n/a	n/a	n/a	n/a	n/a	67932.000000
67932.066667	121.500000	33966033	coarse_label	Computer/phone	n/a	n/a	n/a	n/a	n/a	n/a	n/a	n/a	n/a	67932.066667
68053.566667	0.100000	34026783	coarse_label	Blocklist (Data break)	n/a	n/a	n/a	n/a	n/a	n/a	n/a	n/a	n/a	68053.566667
68053.666667	118.066667	34026833	coarse_label	Computer/phone	n/a	n/a	n/a	n/a	n/a	n/a	n/a	n/a	n/a	68053.666667
68113.554000	1.300000	34056777	reach_onset	n/a	r_wrist	101.896322	112.365008	169.006358	0.452234	0.062494	0.000000	0.000000	68113.554000	68113.555000
68171.733333	0.066667	34085867	coarse_label	Blocklist (Data break)	n/a	n/a	n/a	n/a	n/a	n/a	n/a	n/a	n/a	68171.733333
68171.800000	120.700000	34085900	coarse_label	Computer/phone	n/a	n/a	n/a	n/a	n/a	n/a	n/a	n/a	n/a	68171.800000
68292.500000	0.033333	34146250	coarse_label	Blocklist (Data break)	n/a	n/a	n/a	n/a	n/a	n/a	n/a	n/a	n/a	68292.500000
68292.533333	123.266667	34146267	coarse_label	Computer/phone	n/a	n/a	n/a	n/a	n/a	n/a	n/a	n/a	n/a	68292.533333
68415.800000	0.066667	34207900	coarse_label	Blocklist (Data break)	n/a	n/a	n/a	n/a	n/a	n/a	n/a	n/a	n/a	68415.800000
68415.866667	119.366667	34207933	coarse_label	Computer/phone	n/a	n/a	n/a	n/a	n/a	n/a	n/a	n/a	n/a	68415.866667
68465.190000	1.033333	34232595	reach_onset	n/a	r_wrist	103.318789	-75.728589	137.581176	0.481036	0.447563	0.633333	1.000000	68465.190000	68465.190000
68535.233333	0.166667	34267617	coarse_label	Blocklist (Data break)	n/a	n/a	n/a	n/a	n/a	n/a	n/a	n/a	n/a	68535.233333
68535.400000	116.766667	34267700	coarse_label	Computer/phone	n/a	n/a	n/a	n/a	n/a	n/a	n/a	n/a	n/a	68535.400000
68652.166667	0.133333	34326083	coarse_label	Blocklist (Data break)	n/a	n/a	n/a	n/a	n/a	n/a	n/a	n/a	n/a	68652.166667
68652.300000	119.933333	34326150	coarse_label	Computer/phone	n/a	n/a	n/a	n/a	n/a	n/a	n/a	n/a	n/a	68652.300000
68772.233333	0.300000	34386117	coarse_label	Blocklist (Data break)	n/a	n/a	n/a	n/a	n/a	n/a	n/a	n/a	n/a	68772.233333
68772.533333	119.466667	34386267	coarse_label	Computer/phone	n/a	n/a	n/a	n/a	n/a	n/a	n/a	n/a	n/a	68772.533333
68892.000000	0.100000	34446000	coarse_label	Blocklist (Data break)	n/a	n/a	n/a	n/a	n/a	n/a	n/a	n/a	n/a	68892.000000
68892.100000	122.166667	34446050	coarse_label	Computer/phone	n/a	n/a	n/a	n/a	n/a	n/a	n/a	n/a	n/a	68892.100000
69014.266667	0.166667	34507133	coarse_label	Blocklist (Data break)	n/a	n/a	n/a	n/a	n/a	n/a	n/a	n/a	n/a	69014.266667
69014.433333	117.633333	34507217	coarse_label	Computer/phone	n/a	n/a	n/a	n/a	n/a	n/a	n/a	n/a	n/a	69014.433333
69132.066667	0.066667	34566033	coarse_label	Blocklist (Data break)	n/a	n/a	n/a	n/a	n/a	n/a	n/a	n/a	n/a	69132.066667
69132.133333	119.766667	34566067	coarse_label	Computer/phone	n/a	n/a	n/a	n/a	n/a	n/a	n/a	n/a	n/a	69132.133333
69251.900000	0.066667	34625950	coarse_label	Blocklist (Data break)	n/a	n/a	n/a	n/a	n/a	n/a	n/a	n/a	n/a	69251.900000
69251.966667	120.200000	34625983	coarse_label	Computer/phone	n/a	n/a	n/a	n/a	n/a	n/a	n/a	n/a	n/a	69251.966667
69372.166667	0.200000	34686083	coarse_label	Blocklist (Data break)	n/a	n/a	n/a	n/a	n/a	n/a	n/a	n/a	n/a	69372.166667
69372.366667	120.700000	34686183	coarse_label	Computer/phone	n/a	n/a	n/a	n/a	n/a	n/a	n/a	n/a	n/a	69372.366667
69493.066667	0.066667	34746533	coarse_label	Blocklist (Data break)	n/a	n/a	n/a	n/a	n/a	n/a	n/a	n/a	n/a	69493.066667
69493.133333	119.133333	34746567	coarse_label	Computer/phone	n/a	n/a	n/a	n/a	n/a	n/a	n/a	n/a	n/a	69493.133333
69526.304000	1.000000	34763152	reach_onset	n/a	r_wrist	114.418052	-76.447175	131.496818	0.445687	0.040067	0.000000	0.000000	69526.304000	69526.305000
69612.266667	0.266667	34806133	coarse_label	Blocklist (Data break)	n/a	n/a	n/a	n/a	n/a	n/a	n/a	n/a	n/a	69612.266667
69612.533333	119.666667	34806267	coarse_label	Computer/phone	n/a	n/a	n/a	n/a	n/a	n/a	n/a	n/a	n/a	69612.533333
69732.200000	0.033333	34866100	coarse_label	Blocklist (Data break)	n/a	n/a	n/a	n/a	n/a	n/a	n/a	n/a	n/a	69732.200000
69732.233333	119.666667	34866117	coarse_label	Computer/phone	n/a	n/a	n/a	n/a	n/a	n/a	n/a	n/a	n/a	69732.233333
69851.900000	0.066667	34925950	coarse_label	Blocklist (Data break)	n/a	n/a	n/a	n/a	n/a	n/a	n/a	n/a	n/a	69851.900000
69851.966667	119.666667	34925983	coarse_label	Computer/phone	n/a	n/a	n/a	n/a	n/a	n/a	n/a	n/a	n/a	69851.966667
69971.633333	0.033333	34985817	coarse_label	Blocklist (Data break)	n/a	n/a	n/a	n/a	n/a	n/a	n/a	n/a	n/a	69971.633333
69971.666667	120.866667	34985833	coarse_label	Computer/phone	n/a	n/a	n/a	n/a	n/a	n/a	n/a	n/a	n/a	69971.666667
70092.533333	0.066667	35046267	coarse_label	Blocklist (Data break)	n/a	n/a	n/a	n/a	n/a	n/a	n/a	n/a	n/a	70092.533333
70092.600000	119.833333	35046300	coarse_label	Computer/phone	n/a	n/a	n/a	n/a	n/a	n/a	n/a	n/a	n/a	70092.600000
70212.433333	0.066667	35106217	coarse_label	Blocklist (Data break)	n/a	n/a	n/a	n/a	n/a	n/a	n/a	n/a	n/a	70212.433333
70212.500000	119.500000	35106250	coarse_label	Computer/phone	n/a	n/a	n/a	n/a	n/a	n/a	n/a	n/a	n/a	70212.500000
70332.000000	0.033333	35166000	coarse_label	Blocklist (Data break)	n/a	n/a	n/a	n/a	n/a	n/a	n/a	n/a	n/a	70332.000000
70332.033333	121.033333	35166017	coarse_label	Computer/phone	n/a	n/a	n/a	n/a	n/a	n/a	n/a	n/a	n/a	70332.033333
70453.066667	0.100000	35226533	coarse_label	Blocklist (Data break)	n/a	n/a	n/a	n/a	n/a	n/a	n/a	n/a	n/a	70453.066667
70453.166667	120.000000	35226583	coarse_label	Computer/phone	n/a	n/a	n/a	n/a	n/a	n/a	n/a	n/a	n/a	70453.166667
70573.166667	0.133333	35286583	coarse_label	Blocklist (Data break)	n/a	n/a	n/a	n/a	n/a	n/a	n/a	n/a	n/a	70573.166667
70573.300000	119.266667	35286650	coarse_label	Computer/phone	n/a	n/a	n/a	n/a	n/a	n/a	n/a	n/a	n/a	70573.300000
70599.972000	0.600000	35299986	reach_onset	n/a	r_wrist	104.714560	-157.001461	211.897467	0.473223	0.057599	0.600000	1.000000	70599.972000	70599.972000
70652.204000	0.500000	35326102	reach_onset	n/a	r_wrist	75.546622	-106.736122	149.312792	0.466633	0.137653	0.166667	1.000000	70652.204000	70652.205000
70685.572000	1.600000	35342786	reach_onset	n/a	r_wrist	171.267005	-138.162562	106.226471	0.462767	0.094092	0.000000	0.000000	70685.572000	70685.572000
70692.566667	0.100000	35346283	coarse_label	Blocklist (Data break)	n/a	n/a	n/a	n/a	n/a	n/a	n/a	n/a	n/a	70692.566667
70692.666667	120.633333	35346333	coarse_label	Talk, Computer/phone	n/a	n/a	n/a	n/a	n/a	n/a	n/a	n/a	n/a	70692.666667
70813.300000	0.133333	35406650	coarse_label	Blocklist (Data break)	n/a	n/a	n/a	n/a	n/a	n/a	n/a	n/a	n/a	70813.300000
70813.433333	118.900000	35406717	coarse_label	Talk	n/a	n/a	n/a	n/a	n/a	n/a	n/a	n/a	n/a	70813.433333
70857.346000	0.800000	35428673	reach_onset	n/a	r_wrist	101.646342	-113.831741	195.991628	0.513563	0.141307	0.800000	1.000000	70857.346000	70857.345000
70875.244000	0.500000	35437622	reach_onset	n/a	r_wrist	81.732116	-124.748911	181.944732	0.510782	0.126196	0.000000	1.000000	70875.244000	70875.245000
70927.244000	1.000000	35463622	reach_onset	n/a	r_wrist	93.386577	-134.061796	125.725251	0.486387	0.012054	0.000000	0.000000	70927.244000	70927.245000
70932.333333	0.033333	35466167	coarse_label	Blocklist (Data break)	n/a	n/a	n/a	n/a	n/a	n/a	n/a	n/a	n/a	70932.333333
70932.366667	119.600000	35466183	coarse_label	Talk	n/a	n/a	n/a	n/a	n/a	n/a	n/a	n/a	n/a	70932.366667
71001.930000	1.466667	35500965	reach_onset	n/a	r_wrist	135.113473	-128.874123	343.123471	0.549424	0.005549	0.066667	1.000000	71001.930000	71001.930000
71018.130000	1.000000	35509065	reach_onset	n/a	r_wrist	83.378290	-83.498266	131.717607	0.559787	0.215614	0.233333	1.000000	71018.130000	71018.130000
71048.296000	0.633333	35524148	reach_onset	n/a	r_wrist	57.801719	-108.696264	178.495065	0.561712	0.119305	0.000000	0.000000	71048.296000	71048.296000
71051.966667	0.100000	35525983	coarse_label	Blocklist (Data break)	n/a	n/a	n/a	n/a	n/a	n/a	n/a	n/a	n/a	71051.966667
71052.066667	120.266667	35526033	coarse_label	Talk	n/a	n/a	n/a	n/a	n/a	n/a	n/a	n/a	n/a	71052.066667
71054.886000	0.566667	35527443	reach_onset	n/a	r_wrist	57.138331	-126.870430	175.531213	0.556404	0.029718	0.000000	0.000000	71054.886000	71054.886000
71069.320000	0.933333	35534660	reach_onset	n/a	r_wrist	120.203106	-92.683143	309.512573	0.539113	0.009111	0.000000	0.000000	71069.320000	71069.319000
71118.852000	1.133333	35559426	reach_onset	n/a	r_wrist	135.661792	-100.795760	114.272002	0.488222	0.551426	0.166667	1.000000	71118.852000	71118.853000
71172.333333	0.100000	35586167	coarse_label	Blocklist (Data break)	n/a	n/a	n/a	n/a	n/a	n/a	n/a	n/a	n/a	71172.333333
71172.433333	120.333333	35586217	coarse_label	Talk, TV	n/a	n/a	n/a	n/a	n/a	n/a	n/a	n/a	n/a	71172.433333
71206.678000	1.300000	35603339	reach_onset	n/a	r_wrist	132.321668	-84.296353	501.587582	0.507565	0.030264	0.000000	1.000000	71206.678000	71206.679000
71257.362000	4.000000	35628681	nan_segment	n/a	n/a	n/a	n/a	n/a	n/a	n/a	n/a	n/a	n/a	n/a
71292.766667	0.066667	35646383	coarse_label	Blocklist (Data break)	n/a	n/a	n/a	n/a	n/a	n/a	n/a	n/a	n/a	71292.766667
71292.833333	119.000000	35646417	coarse_label	Talk, TV	n/a	n/a	n/a	n/a	n/a	n/a	n/a	n/a	n/a	71292.833333
71313.766000	1.266667	35656883	reach_onset	n/a	r_wrist	149.518515	-84.104677	188.024956	0.406340	0.267782	1.166667	1.000000	71313.766000	71313.765000
71411.833333	0.166667	35705917	coarse_label	Blocklist (Data break)	n/a	n/a	n/a	n/a	n/a	n/a	n/a	n/a	n/a	71411.833333
71412.000000	120.200000	35706000	coarse_label	Talk, TV	n/a	n/a	n/a	n/a	n/a	n/a	n/a	n/a	n/a	71412.000000
71509.666000	0.333333	35754833	reach_onset	n/a	r_wrist	97.834083	-90.594237	412.041416	0.498436	0.430058	0.333333	1.000000	71509.666000	71509.666000
71513.666000	1.733333	35756833	reach_onset	n/a	r_wrist	67.495319	-105.576640	121.109700	0.494680	0.751721	1.733333	1.000000	71513.666000	71513.666000
71532.200000	0.233333	35766100	coarse_label	Blocklist (Data break)	n/a	n/a	n/a	n/a	n/a	n/a	n/a	n/a	n/a	71532.200000
71532.433333	119.833333	35766217	coarse_label	Talk, Computer/phone	n/a	n/a	n/a	n/a	n/a	n/a	n/a	n/a	n/a	71532.433333
71652.266667	0.133333	35826133	coarse_label	Blocklist (Data break)	n/a	n/a	n/a	n/a	n/a	n/a	n/a	n/a	n/a	71652.266667
71652.400000	119.566667	35826200	coarse_label	Talk	n/a	n/a	n/a	n/a	n/a	n/a	n/a	n/a	n/a	71652.400000
71680.226000	2.400000	35840113	reach_onset	n/a	r_wrist	187.618452	46.663884	184.656852	0.418239	0.005266	2.366667	1.000000	71680.226000	71680.225000
71771.966667	0.066667	35885983	coarse_label	Blocklist (Data break)	n/a	n/a	n/a	n/a	n/a	n/a	n/a	n/a	n/a	71771.966667
71772.033333	119.400000	35886017	coarse_label	Blocklist (Private time)	n/a	n/a	n/a	n/a	n/a	n/a	n/a	n/a	n/a	71772.033333
71891.433333	0.200000	35945717	coarse_label	Blocklist (Data break)	n/a	n/a	n/a	n/a	n/a	n/a	n/a	n/a	n/a	71891.433333
71891.633333	120.866667	35945817	coarse_label	Blocklist (Private time)	n/a	n/a	n/a	n/a	n/a	n/a	n/a	n/a	n/a	71891.633333
72012.500000	0.066667	36006250	coarse_label	Blocklist (Data break)	n/a	n/a	n/a	n/a	n/a	n/a	n/a	n/a	n/a	72012.500000
72012.566667	121.400000	36006283	coarse_label	Computer/phone	n/a	n/a	n/a	n/a	n/a	n/a	n/a	n/a	n/a	72012.566667
72133.966667	0.133333	36066983	coarse_label	Blocklist (Data break)	n/a	n/a	n/a	n/a	n/a	n/a	n/a	n/a	n/a	72133.966667
72134.100000	121.833333	36067050	coarse_label	Blocklist (Camera move/zoom)	n/a	n/a	n/a	n/a	n/a	n/a	n/a	n/a	n/a	72134.100000
72255.933333	0.066667	36127967	coarse_label	Blocklist (Data break)	n/a	n/a	n/a	n/a	n/a	n/a	n/a	n/a	n/a	72255.933333
72256.000000	115.733333	36128000	coarse_label	Blocklist (Private time)	n/a	n/a	n/a	n/a	n/a	n/a	n/a	n/a	n/a	72256.000000
72371.733333	0.100000	36185867	coarse_label	Blocklist (Data break)	n/a	n/a	n/a	n/a	n/a	n/a	n/a	n/a	n/a	72371.733333
72371.833333	119.900000	36185917	coarse_label	Talk	n/a	n/a	n/a	n/a	n/a	n/a	n/a	n/a	n/a	72371.833333
72491.733333	0.200000	36245867	coarse_label	Blocklist (Data break)	n/a	n/a	n/a	n/a	n/a	n/a	n/a	n/a	n/a	72491.733333
72491.933333	116.700000	36245967	coarse_label	Talk, Computer/phone	n/a	n/a	n/a	n/a	n/a	n/a	n/a	n/a	n/a	72491.933333
72572.850000	1.200000	36286425	reach_onset	n/a	r_wrist	73.083215	-71.211667	140.261216	0.482747	0.022954	0.000000	0.000000	72572.850000	72572.850000
72608.633333	4.366667	36304317	coarse_label	Blocklist (Data break)	n/a	n/a	n/a	n/a	n/a	n/a	n/a	n/a	n/a	72608.633333
72613.000000	120.466667	36306500	coarse_label	Talk	n/a	n/a	n/a	n/a	n/a	n/a	n/a	n/a	n/a	72613.000000
72733.466667	0.066667	36366733	coarse_label	Blocklist (Data break)	n/a	n/a	n/a	n/a	n/a	n/a	n/a	n/a	n/a	72733.466667
72733.533333	119.733333	36366767	coarse_label	Talk	n/a	n/a	n/a	n/a	n/a	n/a	n/a	n/a	n/a	72733.533333
72853.266667	0.133333	36426633	coarse_label	Blocklist (Data break)	n/a	n/a	n/a	n/a	n/a	n/a	n/a	n/a	n/a	72853.266667
72853.400000	119.900000	36426700	coarse_label	Talk	n/a	n/a	n/a	n/a	n/a	n/a	n/a	n/a	n/a	72853.400000
72973.300000	0.100000	36486650	coarse_label	Blocklist (Data break)	n/a	n/a	n/a	n/a	n/a	n/a	n/a	n/a	n/a	72973.300000
72973.400000	122.400000	36486700	coarse_label	Talk	n/a	n/a	n/a	n/a	n/a	n/a	n/a	n/a	n/a	72973.400000
72995.104000	0.533333	36497552	reach_onset	n/a	r_wrist	67.713305	-109.115358	154.913349	0.529668	0.330581	0.533333	1.000000	72995.104000	72995.104000
73059.376000	4.000000	36529688	nan_segment	n/a	n/a	n/a	n/a	n/a	n/a	n/a	n/a	n/a	n/a	n/a
73077.470000	0.766667	36538735	reach_onset	n/a	r_wrist	78.702124	-74.600275	131.287244	0.592447	0.025207	0.000000	0.000000	73077.470000	73077.471000
73095.800000	0.033333	36547900	coarse_label	Blocklist (Data break)	n/a	n/a	n/a	n/a	n/a	n/a	n/a	n/a	n/a	73095.800000
73095.833333	116.866667	36547917	coarse_label	Talk	n/a	n/a	n/a	n/a	n/a	n/a	n/a	n/a	n/a	73095.833333
73177.502000	0.600000	36588751	reach_onset	n/a	r_wrist	40.971009	-97.790456	108.747448	0.564324	0.028835	0.000000	0.000000	73177.502000	73177.503000
73212.700000	0.066667	36606350	coarse_label	Blocklist (Data break)	n/a	n/a	n/a	n/a	n/a	n/a	n/a	n/a	n/a	73212.700000
73212.766667	119.900000	36606383	coarse_label	Talk	n/a	n/a	n/a	n/a	n/a	n/a	n/a	n/a	n/a	73212.766667
73244.220000	1.766667	36622110	reach_onset	n/a	r_wrist	328.881383	-177.645856	359.082581	0.550143	0.510567	1.766667	1.000000	73244.220000	73244.221000
73260.688000	0.566667	36630344	reach_onset	n/a	r_wrist	57.418276	-93.742522	124.893454	0.539912	0.499101	0.566667	1.000000	73260.688000	73260.687000
73272.620000	0.566667	36636310	reach_onset	n/a	r_wrist	112.981425	-67.964774	262.773411	0.528168	0.015666	0.000000	0.000000	73272.620000	73272.621000
73332.666667	0.133333	36666333	coarse_label	Blocklist (Data break)	n/a	n/a	n/a	n/a	n/a	n/a	n/a	n/a	n/a	73332.666667
73332.800000	121.533333	36666400	coarse_label	Talk	n/a	n/a	n/a	n/a	n/a	n/a	n/a	n/a	n/a	73332.800000
73412.340000	0.433333	36706170	reach_onset	n/a	r_wrist	43.330872	-130.143624	106.430994	0.493998	0.107886	0.400000	1.000000	73412.340000	73412.341000
73415.940000	1.033333	36707970	reach_onset	n/a	r_wrist	82.450291	-97.639978	191.165108	0.492787	0.002611	0.000000	0.000000	73415.940000	73415.941000
73454.333333	0.033333	36727167	coarse_label	Blocklist (Data break)	n/a	n/a	n/a	n/a	n/a	n/a	n/a	n/a	n/a	73454.333333
73454.366667	119.233333	36727183	coarse_label	Talk	n/a	n/a	n/a	n/a	n/a	n/a	n/a	n/a	n/a	73454.366667
73573.600000	0.066667	36786800	coarse_label	Blocklist (Data break)	n/a	n/a	n/a	n/a	n/a	n/a	n/a	n/a	n/a	73573.600000
73573.666667	121.033333	36786833	coarse_label	Blocklist (Experiment)	n/a	n/a	n/a	n/a	n/a	n/a	n/a	n/a	n/a	73573.666667
73648.924000	3.998000	36824462	nan_segment	n/a	n/a	n/a	n/a	n/a	n/a	n/a	n/a	n/a	n/a	n/a
73694.700000	0.033333	36847350	coarse_label	Blocklist (Data break)	n/a	n/a	n/a	n/a	n/a	n/a	n/a	n/a	n/a	73694.700000
73694.733333	118.233333	36847367	coarse_label	Blocklist (Experiment)	n/a	n/a	n/a	n/a	n/a	n/a	n/a	n/a	n/a	73694.733333
73812.966667	0.033333	36906483	coarse_label	Blocklist (Data break)	n/a	n/a	n/a	n/a	n/a	n/a	n/a	n/a	n/a	73812.966667
73813.000000	120.600000	36906500	coarse_label	Blocklist (Experiment)	n/a	n/a	n/a	n/a	n/a	n/a	n/a	n/a	n/a	73813.000000
73839.246000	4.212000	36919623	nan_segment	n/a	n/a	n/a	n/a	n/a	n/a	n/a	n/a	n/a	n/a	n/a
73885.974000	3.998000	36942987	nan_segment	n/a	n/a	n/a	n/a	n/a	n/a	n/a	n/a	n/a	n/a	n/a
73933.600000	0.133333	36966800	coarse_label	Blocklist (Data break)	n/a	n/a	n/a	n/a	n/a	n/a	n/a	n/a	n/a	73933.600000
73933.733333	119.866667	36966867	coarse_label	Blocklist (Experiment)	n/a	n/a	n/a	n/a	n/a	n/a	n/a	n/a	n/a	73933.733333
73935.142000	3.998000	36967571	nan_segment	n/a	n/a	n/a	n/a	n/a	n/a	n/a	n/a	n/a	n/a	n/a
74016.090000	4.008000	37008045	nan_segment	n/a	n/a	n/a	n/a	n/a	n/a	n/a	n/a	n/a	n/a	n/a
74053.600000	0.133333	37026800	coarse_label	Blocklist (Data break)	n/a	n/a	n/a	n/a	n/a	n/a	n/a	n/a	n/a	74053.600000
74053.733333	119.400000	37026867	coarse_label	Blocklist (Experiment)	n/a	n/a	n/a	n/a	n/a	n/a	n/a	n/a	n/a	74053.733333
74173.133333	0.033333	37086567	coarse_label	Blocklist (Data break)	n/a	n/a	n/a	n/a	n/a	n/a	n/a	n/a	n/a	74173.133333
74173.166667	119.600000	37086583	coarse_label	Blocklist (Experiment)	n/a	n/a	n/a	n/a	n/a	n/a	n/a	n/a	n/a	74173.166667
74292.766667	0.066667	37146383	coarse_label	Blocklist (Data break)	n/a	n/a	n/a	n/a	n/a	n/a	n/a	n/a	n/a	74292.766667
74292.833333	120.533333	37146417	coarse_label	Blocklist (Experiment)	n/a	n/a	n/a	n/a	n/a	n/a	n/a	n/a	n/a	74292.833333
74413.366667	0.033333	37206683	coarse_label	Blocklist (Data break)	n/a	n/a	n/a	n/a	n/a	n/a	n/a	n/a	n/a	74413.366667
74413.400000	121.366667	37206700	coarse_label	Blocklist (Experiment)	n/a	n/a	n/a	n/a	n/a	n/a	n/a	n/a	n/a	74413.400000
74534.766667	0.100000	37267383	coarse_label	Blocklist (Data break)	n/a	n/a	n/a	n/a	n/a	n/a	n/a	n/a	n/a	74534.766667
74534.866667	118.033333	37267433	coarse_label	Blocklist (Experiment)	n/a	n/a	n/a	n/a	n/a	n/a	n/a	n/a	n/a	74534.866667
74652.900000	0.066667	37326450	coarse_label	Blocklist (Data break)	n/a	n/a	n/a	n/a	n/a	n/a	n/a	n/a	n/a	74652.900000
74652.966667	119.700000	37326483	coarse_label	Blocklist (Experiment)	n/a	n/a	n/a	n/a	n/a	n/a	n/a	n/a	n/a	74652.966667
74772.666667	0.133333	37386333	coarse_label	Blocklist (Data break)	n/a	n/a	n/a	n/a	n/a	n/a	n/a	n/a	n/a	74772.666667
74772.800000	120.066667	37386400	coarse_label	Blocklist (Experiment)	n/a	n/a	n/a	n/a	n/a	n/a	n/a	n/a	n/a	74772.800000
74892.866667	0.133333	37446433	coarse_label	Blocklist (Data break)	n/a	n/a	n/a	n/a	n/a	n/a	n/a	n/a	n/a	74892.866667
74893.000000	120.900000	37446500	coarse_label	Blocklist (Experiment)	n/a	n/a	n/a	n/a	n/a	n/a	n/a	n/a	n/a	74893.000000
75013.900000	0.100000	37506950	coarse_label	Blocklist (Data break)	n/a	n/a	n/a	n/a	n/a	n/a	n/a	n/a	n/a	75013.900000
75014.000000	118.666667	37507000	coarse_label	Blocklist (Experiment)	n/a	n/a	n/a	n/a	n/a	n/a	n/a	n/a	n/a	75014.000000
75132.666667	0.066667	37566333	coarse_label	Blocklist (Data break)	n/a	n/a	n/a	n/a	n/a	n/a	n/a	n/a	n/a	75132.666667
75132.733333	120.300000	37566367	coarse_label	Blocklist (Experiment)	n/a	n/a	n/a	n/a	n/a	n/a	n/a	n/a	n/a	75132.733333
75253.033333	0.033333	37626517	coarse_label	Blocklist (Data break)	n/a	n/a	n/a	n/a	n/a	n/a	n/a	n/a	n/a	75253.033333
75253.066667	119.733333	37626533	coarse_label	Blocklist (Experiment)	n/a	n/a	n/a	n/a	n/a	n/a	n/a	n/a	n/a	75253.066667
75372.800000	0.066667	37686400	coarse_label	Blocklist (Data break)	n/a	n/a	n/a	n/a	n/a	n/a	n/a	n/a	n/a	75372.800000
75372.866667	120.066667	37686433	coarse_label	Blocklist (Experiment)	n/a	n/a	n/a	n/a	n/a	n/a	n/a	n/a	n/a	75372.866667
75492.933333	0.100000	37746467	coarse_label	Blocklist (Data break)	n/a	n/a	n/a	n/a	n/a	n/a	n/a	n/a	n/a	75492.933333
75493.033333	120.133333	37746517	coarse_label	Blocklist (Experiment)	n/a	n/a	n/a	n/a	n/a	n/a	n/a	n/a	n/a	75493.033333
75613.166667	0.066667	37806583	coarse_label	Blocklist (Data break)	n/a	n/a	n/a	n/a	n/a	n/a	n/a	n/a	n/a	75613.166667
75613.233333	119.833333	37806617	coarse_label	Blocklist (Experiment)	n/a	n/a	n/a	n/a	n/a	n/a	n/a	n/a	n/a	75613.233333
75733.066667	0.066667	37866533	coarse_label	Blocklist (Data break)	n/a	n/a	n/a	n/a	n/a	n/a	n/a	n/a	n/a	75733.066667
75733.133333	120.033333	37866567	coarse_label	Blocklist (Experiment)	n/a	n/a	n/a	n/a	n/a	n/a	n/a	n/a	n/a	75733.133333
75853.166667	0.066667	37926583	coarse_label	Blocklist (Data break)	n/a	n/a	n/a	n/a	n/a	n/a	n/a	n/a	n/a	75853.166667
75853.233333	121.366667	37926617	coarse_label	Blocklist (Experiment)	n/a	n/a	n/a	n/a	n/a	n/a	n/a	n/a	n/a	75853.233333
75974.600000	0.066667	37987300	coarse_label	Blocklist (Data break)	n/a	n/a	n/a	n/a	n/a	n/a	n/a	n/a	n/a	75974.600000
75974.666667	119.466667	37987333	coarse_label	Blocklist (Experiment)	n/a	n/a	n/a	n/a	n/a	n/a	n/a	n/a	n/a	75974.666667
76094.133333	0.066667	38047067	coarse_label	Blocklist (Data break)	n/a	n/a	n/a	n/a	n/a	n/a	n/a	n/a	n/a	76094.133333
76094.200000	118.733333	38047100	coarse_label	Blocklist (Experiment)	n/a	n/a	n/a	n/a	n/a	n/a	n/a	n/a	n/a	76094.200000
76212.933333	0.033333	38106467	coarse_label	Blocklist (Data break)	n/a	n/a	n/a	n/a	n/a	n/a	n/a	n/a	n/a	76212.933333
76212.966667	121.466667	38106483	coarse_label	Blocklist (Experiment)	n/a	n/a	n/a	n/a	n/a	n/a	n/a	n/a	n/a	76212.966667
76334.433333	0.033333	38167217	coarse_label	Blocklist (Data break)	n/a	n/a	n/a	n/a	n/a	n/a	n/a	n/a	n/a	76334.433333
76334.466667	120.733333	38167233	coarse_label	Blocklist (Experiment)	n/a	n/a	n/a	n/a	n/a	n/a	n/a	n/a	n/a	76334.466667
76455.200000	0.066667	38227600	coarse_label	Blocklist (Data break)	n/a	n/a	n/a	n/a	n/a	n/a	n/a	n/a	n/a	76455.200000
76455.266667	118.400000	38227633	coarse_label	Blocklist (Experiment)	n/a	n/a	n/a	n/a	n/a	n/a	n/a	n/a	n/a	76455.266667
76573.666667	0.033333	38286833	coarse_label	Blocklist (Data break)	n/a	n/a	n/a	n/a	n/a	n/a	n/a	n/a	n/a	76573.666667
76573.700000	119.400000	38286850	coarse_label	Blocklist (Experiment)	n/a	n/a	n/a	n/a	n/a	n/a	n/a	n/a	n/a	76573.700000
76693.100000	0.066667	38346550	coarse_label	Blocklist (Data break)	n/a	n/a	n/a	n/a	n/a	n/a	n/a	n/a	n/a	76693.100000
76693.166667	120.133333	38346583	coarse_label	Blocklist (Experiment)	n/a	n/a	n/a	n/a	n/a	n/a	n/a	n/a	n/a	76693.166667
76813.300000	0.033333	38406650	coarse_label	Blocklist (Data break)	n/a	n/a	n/a	n/a	n/a	n/a	n/a	n/a	n/a	76813.300000
76813.333333	119.200000	38406667	coarse_label	Blocklist (Experiment)	n/a	n/a	n/a	n/a	n/a	n/a	n/a	n/a	n/a	76813.333333
76932.533333	0.066667	38466267	coarse_label	Blocklist (Data break)	n/a	n/a	n/a	n/a	n/a	n/a	n/a	n/a	n/a	76932.533333
76932.600000	122.033333	38466300	coarse_label	Blocklist (Experiment)	n/a	n/a	n/a	n/a	n/a	n/a	n/a	n/a	n/a	76932.600000
77054.633333	0.033333	38527317	coarse_label	Blocklist (Data break)	n/a	n/a	n/a	n/a	n/a	n/a	n/a	n/a	n/a	77054.633333
77054.666667	118.733333	38527333	coarse_label	Blocklist (Experiment)	n/a	n/a	n/a	n/a	n/a	n/a	n/a	n/a	n/a	77054.666667
77173.400000	0.133333	38586700	coarse_label	Blocklist (Data break)	n/a	n/a	n/a	n/a	n/a	n/a	n/a	n/a	n/a	77173.400000
77173.533333	120.000000	38586767	coarse_label	Blocklist (Experiment)	n/a	n/a	n/a	n/a	n/a	n/a	n/a	n/a	n/a	77173.533333
77293.533333	0.100000	38646767	coarse_label	Blocklist (Data break)	n/a	n/a	n/a	n/a	n/a	n/a	n/a	n/a	n/a	77293.533333
77293.633333	119.766667	38646817	coarse_label	Blocklist (Experiment)	n/a	n/a	n/a	n/a	n/a	n/a	n/a	n/a	n/a	77293.633333
77413.400000	0.100000	38706700	coarse_label	Blocklist (Data break)	n/a	n/a	n/a	n/a	n/a	n/a	n/a	n/a	n/a	77413.400000
77413.500000	120.500000	38706750	coarse_label	Blocklist (Experiment)	n/a	n/a	n/a	n/a	n/a	n/a	n/a	n/a	n/a	77413.500000
77534.000000	0.100000	38767000	coarse_label	Blocklist (Data break)	n/a	n/a	n/a	n/a	n/a	n/a	n/a	n/a	n/a	77534.000000
77534.100000	118.800000	38767050	coarse_label	Blocklist (Experiment)	n/a	n/a	n/a	n/a	n/a	n/a	n/a	n/a	n/a	77534.100000
77652.900000	0.133333	38826450	coarse_label	Blocklist (Data break)	n/a	n/a	n/a	n/a	n/a	n/a	n/a	n/a	n/a	77652.900000
77653.033333	119.600000	38826517	coarse_label	Blocklist (Experiment)	n/a	n/a	n/a	n/a	n/a	n/a	n/a	n/a	n/a	77653.033333
77772.633333	0.033333	38886317	coarse_label	Blocklist (Data break)	n/a	n/a	n/a	n/a	n/a	n/a	n/a	n/a	n/a	77772.633333
77772.666667	120.700000	38886333	coarse_label	Blocklist (Experiment)	n/a	n/a	n/a	n/a	n/a	n/a	n/a	n/a	n/a	77772.666667
77893.366667	0.033333	38946683	coarse_label	Blocklist (Data break)	n/a	n/a	n/a	n/a	n/a	n/a	n/a	n/a	n/a	77893.366667
77893.400000	120.066667	38946700	coarse_label	Blocklist (Experiment)	n/a	n/a	n/a	n/a	n/a	n/a	n/a	n/a	n/a	77893.400000
78013.466667	0.066667	39006733	coarse_label	Blocklist (Data break)	n/a	n/a	n/a	n/a	n/a	n/a	n/a	n/a	n/a	78013.466667
78013.533333	119.100000	39006767	coarse_label	Blocklist (Experiment)	n/a	n/a	n/a	n/a	n/a	n/a	n/a	n/a	n/a	78013.533333
78132.633333	0.100000	39066317	coarse_label	Blocklist (Data break)	n/a	n/a	n/a	n/a	n/a	n/a	n/a	n/a	n/a	78132.633333
78132.733333	119.866667	39066367	coarse_label	Blocklist (Experiment)	n/a	n/a	n/a	n/a	n/a	n/a	n/a	n/a	n/a	78132.733333
78252.600000	0.033333	39126300	coarse_label	Blocklist (Data break)	n/a	n/a	n/a	n/a	n/a	n/a	n/a	n/a	n/a	78252.600000
78252.633333	121.433333	39126317	coarse_label	Blocklist (Experiment)	n/a	n/a	n/a	n/a	n/a	n/a	n/a	n/a	n/a	78252.633333
78374.066667	0.066667	39187033	coarse_label	Blocklist (Data break)	n/a	n/a	n/a	n/a	n/a	n/a	n/a	n/a	n/a	78374.066667
78374.133333	118.533333	39187067	coarse_label	Blocklist (Experiment)	n/a	n/a	n/a	n/a	n/a	n/a	n/a	n/a	n/a	78374.133333
78492.666667	0.100000	39246333	coarse_label	Blocklist (Data break)	n/a	n/a	n/a	n/a	n/a	n/a	n/a	n/a	n/a	78492.666667
78492.766667	120.833333	39246383	coarse_label	Blocklist (Experiment)	n/a	n/a	n/a	n/a	n/a	n/a	n/a	n/a	n/a	78492.766667
78613.600000	0.100000	39306800	coarse_label	Blocklist (Data break)	n/a	n/a	n/a	n/a	n/a	n/a	n/a	n/a	n/a	78613.600000
78613.700000	121.533333	39306850	coarse_label	Blocklist (Experiment)	n/a	n/a	n/a	n/a	n/a	n/a	n/a	n/a	n/a	78613.700000
78735.233333	0.066667	39367617	coarse_label	Blocklist (Data break)	n/a	n/a	n/a	n/a	n/a	n/a	n/a	n/a	n/a	78735.233333
78735.300000	118.533333	39367650	coarse_label	Blocklist (Experiment)	n/a	n/a	n/a	n/a	n/a	n/a	n/a	n/a	n/a	78735.300000
78853.833333	0.133333	39426917	coarse_label	Blocklist (Data break)	n/a	n/a	n/a	n/a	n/a	n/a	n/a	n/a	n/a	78853.833333
78853.966667	120.166667	39426983	coarse_label	Blocklist (Experiment)	n/a	n/a	n/a	n/a	n/a	n/a	n/a	n/a	n/a	78853.966667
78974.133333	0.133333	39487067	coarse_label	Blocklist (Data break)	n/a	n/a	n/a	n/a	n/a	n/a	n/a	n/a	n/a	78974.133333
78974.266667	118.533333	39487133	coarse_label	Blocklist (Experiment)	n/a	n/a	n/a	n/a	n/a	n/a	n/a	n/a	n/a	78974.266667
79092.800000	0.033333	39546400	coarse_label	Blocklist (Data break)	n/a	n/a	n/a	n/a	n/a	n/a	n/a	n/a	n/a	79092.800000
79092.833333	119.700000	39546417	coarse_label	Blocklist (Experiment)	n/a	n/a	n/a	n/a	n/a	n/a	n/a	n/a	n/a	79092.833333
79212.533333	0.100000	39606267	coarse_label	Blocklist (Data break)	n/a	n/a	n/a	n/a	n/a	n/a	n/a	n/a	n/a	79212.533333
79212.633333	241.533333	39606317	coarse_label	Blocklist (Experiment)	n/a	n/a	n/a	n/a	n/a	n/a	n/a	n/a	n/a	79212.633333
79454.166667	0.033333	39727083	coarse_label	Blocklist (Data break)	n/a	n/a	n/a	n/a	n/a	n/a	n/a	n/a	n/a	79454.166667
79454.200000	119.133333	39727100	coarse_label	Blocklist (Experiment)	n/a	n/a	n/a	n/a	n/a	n/a	n/a	n/a	n/a	79454.200000
79487.134000	14.794000	39743567	nan_segment	n/a	n/a	n/a	n/a	n/a	n/a	n/a	n/a	n/a	n/a	n/a
79573.333333	0.133333	39786667	coarse_label	Blocklist (Data break)	n/a	n/a	n/a	n/a	n/a	n/a	n/a	n/a	n/a	79573.333333
79573.466667	121.066667	39786733	coarse_label	Blocklist (Experiment)	n/a	n/a	n/a	n/a	n/a	n/a	n/a	n/a	n/a	79573.466667
79694.533333	0.066667	39847267	coarse_label	Blocklist (Data break)	n/a	n/a	n/a	n/a	n/a	n/a	n/a	n/a	n/a	79694.533333
79694.600000	118.400000	39847300	coarse_label	Blocklist (Experiment)	n/a	n/a	n/a	n/a	n/a	n/a	n/a	n/a	n/a	79694.600000
79813.000000	0.166667	39906500	coarse_label	Blocklist (Data break)	n/a	n/a	n/a	n/a	n/a	n/a	n/a	n/a	n/a	79813.000000
79813.166667	120.600000	39906583	coarse_label	Blocklist (Experiment)	n/a	n/a	n/a	n/a	n/a	n/a	n/a	n/a	n/a	79813.166667
79933.766667	0.033333	39966883	coarse_label	Blocklist (Data break)	n/a	n/a	n/a	n/a	n/a	n/a	n/a	n/a	n/a	79933.766667
79933.800000	120.433333	39966900	coarse_label	Blocklist (Experiment)	n/a	n/a	n/a	n/a	n/a	n/a	n/a	n/a	n/a	79933.800000
80054.233333	0.033333	40027117	coarse_label	Blocklist (Data break)	n/a	n/a	n/a	n/a	n/a	n/a	n/a	n/a	n/a	80054.233333
80054.266667	118.366667	40027133	coarse_label	Blocklist (Experiment)	n/a	n/a	n/a	n/a	n/a	n/a	n/a	n/a	n/a	80054.266667
80172.633333	0.100000	40086317	coarse_label	Blocklist (Data break)	n/a	n/a	n/a	n/a	n/a	n/a	n/a	n/a	n/a	80172.633333
80172.733333	123.933333	40086367	coarse_label	Blocklist (Experiment)	n/a	n/a	n/a	n/a	n/a	n/a	n/a	n/a	n/a	80172.733333
80194.926000	7.202000	40097463	nan_segment	n/a	n/a	n/a	n/a	n/a	n/a	n/a	n/a	n/a	n/a	n/a
80296.666667	0.133333	40148333	coarse_label	Blocklist (Data break)	n/a	n/a	n/a	n/a	n/a	n/a	n/a	n/a	n/a	80296.666667
80296.800000	119.000000	40148400	coarse_label	Blocklist (Experiment)	n/a	n/a	n/a	n/a	n/a	n/a	n/a	n/a	n/a	80296.800000
80415.800000	0.133333	40207900	coarse_label	Blocklist (Data break)	n/a	n/a	n/a	n/a	n/a	n/a	n/a	n/a	n/a	80415.800000
80415.933333	120.833333	40207967	coarse_label	Blocklist (Experiment)	n/a	n/a	n/a	n/a	n/a	n/a	n/a	n/a	n/a	80415.933333
80536.766667	0.066667	40268383	coarse_label	Blocklist (Data break)	n/a	n/a	n/a	n/a	n/a	n/a	n/a	n/a	n/a	80536.766667
80536.833333	236.866667	40268417	coarse_label	Blocklist (Experiment)	n/a	n/a	n/a	n/a	n/a	n/a	n/a	n/a	n/a	80536.833333
80773.700000	0.166667	40386850	coarse_label	Blocklist (Data break)	n/a	n/a	n/a	n/a	n/a	n/a	n/a	n/a	n/a	80773.700000
80773.866667	119.466667	40386933	coarse_label	Blocklist (Experiment)	n/a	n/a	n/a	n/a	n/a	n/a	n/a	n/a	n/a	80773.866667
80893.333333	0.066667	40446667	coarse_label	Blocklist (Data break)	n/a	n/a	n/a	n/a	n/a	n/a	n/a	n/a	n/a	80893.333333
80893.400000	119.633333	40446700	coarse_label	Blocklist (Experiment)	n/a	n/a	n/a	n/a	n/a	n/a	n/a	n/a	n/a	80893.400000
81013.033333	0.033333	40506517	coarse_label	Blocklist (Data break)	n/a	n/a	n/a	n/a	n/a	n/a	n/a	n/a	n/a	81013.033333
81013.066667	120.100000	40506533	coarse_label	Blocklist (Experiment)	n/a	n/a	n/a	n/a	n/a	n/a	n/a	n/a	n/a	81013.066667
81133.166667	0.033333	40566583	coarse_label	Blocklist (Data break)	n/a	n/a	n/a	n/a	n/a	n/a	n/a	n/a	n/a	81133.166667
81133.200000	120.666667	40566600	coarse_label	Blocklist (Experiment)	n/a	n/a	n/a	n/a	n/a	n/a	n/a	n/a	n/a	81133.200000
81253.866667	0.100000	40626933	coarse_label	Blocklist (Data break)	n/a	n/a	n/a	n/a	n/a	n/a	n/a	n/a	n/a	81253.866667
81253.966667	120.766667	40626983	coarse_label	Blocklist (Experiment)	n/a	n/a	n/a	n/a	n/a	n/a	n/a	n/a	n/a	81253.966667
81374.733333	0.033333	40687367	coarse_label	Blocklist (Data break)	n/a	n/a	n/a	n/a	n/a	n/a	n/a	n/a	n/a	81374.733333
81374.766667	118.433333	40687383	coarse_label	Blocklist (Experiment)	n/a	n/a	n/a	n/a	n/a	n/a	n/a	n/a	n/a	81374.766667
81493.200000	0.100000	40746600	coarse_label	Blocklist (Data break)	n/a	n/a	n/a	n/a	n/a	n/a	n/a	n/a	n/a	81493.200000
81493.300000	119.266667	40746650	coarse_label	Blocklist (Experiment)	n/a	n/a	n/a	n/a	n/a	n/a	n/a	n/a	n/a	81493.300000
81612.566667	0.133333	40806283	coarse_label	Blocklist (Data break)	n/a	n/a	n/a	n/a	n/a	n/a	n/a	n/a	n/a	81612.566667
81612.700000	119.666667	40806350	coarse_label	Blocklist (Experiment)	n/a	n/a	n/a	n/a	n/a	n/a	n/a	n/a	n/a	81612.700000
81732.366667	0.066667	40866183	coarse_label	Blocklist (Data break)	n/a	n/a	n/a	n/a	n/a	n/a	n/a	n/a	n/a	81732.366667
81732.433333	121.833333	40866217	coarse_label	Blocklist (Experiment)	n/a	n/a	n/a	n/a	n/a	n/a	n/a	n/a	n/a	81732.433333
81854.266667	0.100000	40927133	coarse_label	Blocklist (Data break)	n/a	n/a	n/a	n/a	n/a	n/a	n/a	n/a	n/a	81854.266667
81854.366667	118.700000	40927183	coarse_label	Blocklist (Experiment)	n/a	n/a	n/a	n/a	n/a	n/a	n/a	n/a	n/a	81854.366667
81973.066667	0.133333	40986533	coarse_label	Blocklist (Data break)	n/a	n/a	n/a	n/a	n/a	n/a	n/a	n/a	n/a	81973.066667
81973.200000	120.433333	40986600	coarse_label	Blocklist (Experiment)	n/a	n/a	n/a	n/a	n/a	n/a	n/a	n/a	n/a	81973.200000
82093.633333	0.033333	41046817	coarse_label	Blocklist (Data break)	n/a	n/a	n/a	n/a	n/a	n/a	n/a	n/a	n/a	82093.633333
82093.666667	119.600000	41046833	coarse_label	Blocklist (Experiment)	n/a	n/a	n/a	n/a	n/a	n/a	n/a	n/a	n/a	82093.666667
82213.266667	0.033333	41106633	coarse_label	Blocklist (Data break)	n/a	n/a	n/a	n/a	n/a	n/a	n/a	n/a	n/a	82213.266667
82213.300000	119.333333	41106650	coarse_label	Blocklist (Experiment)	n/a	n/a	n/a	n/a	n/a	n/a	n/a	n/a	n/a	82213.300000
82332.633333	0.033333	41166317	coarse_label	Blocklist (Data break)	n/a	n/a	n/a	n/a	n/a	n/a	n/a	n/a	n/a	82332.633333
82332.666667	121.633333	41166333	coarse_label	Blocklist (Experiment)	n/a	n/a	n/a	n/a	n/a	n/a	n/a	n/a	n/a	82332.666667
82454.300000	0.066667	41227150	coarse_label	Blocklist (Data break)	n/a	n/a	n/a	n/a	n/a	n/a	n/a	n/a	n/a	82454.300000
82454.366667	119.866667	41227183	coarse_label	Blocklist (Experiment)	n/a	n/a	n/a	n/a	n/a	n/a	n/a	n/a	n/a	82454.366667
82574.233333	0.133333	41287117	coarse_label	Blocklist (Data break)	n/a	n/a	n/a	n/a	n/a	n/a	n/a	n/a	n/a	82574.233333
82574.366667	118.433333	41287183	coarse_label	Blocklist (Experiment)	n/a	n/a	n/a	n/a	n/a	n/a	n/a	n/a	n/a	82574.366667
82692.800000	0.100000	41346400	coarse_label	Blocklist (Data break)	n/a	n/a	n/a	n/a	n/a	n/a	n/a	n/a	n/a	82692.800000
82692.900000	122.400000	41346450	coarse_label	Blocklist (Experiment)	n/a	n/a	n/a	n/a	n/a	n/a	n/a	n/a	n/a	82692.900000
82815.300000	0.166667	41407650	coarse_label	Blocklist (Data break)	n/a	n/a	n/a	n/a	n/a	n/a	n/a	n/a	n/a	82815.300000
82815.466667	121.133333	41407733	coarse_label	Blocklist (Experiment)	n/a	n/a	n/a	n/a	n/a	n/a	n/a	n/a	n/a	82815.466667
82936.600000	0.100000	41468300	coarse_label	Blocklist (Data break)	n/a	n/a	n/a	n/a	n/a	n/a	n/a	n/a	n/a	82936.600000
82936.700000	115.633333	41468350	coarse_label	Blocklist (Experiment)	n/a	n/a	n/a	n/a	n/a	n/a	n/a	n/a	n/a	82936.700000
83052.333333	0.100000	41526167	coarse_label	Blocklist (Data break)	n/a	n/a	n/a	n/a	n/a	n/a	n/a	n/a	n/a	83052.333333
83052.433333	127.600000	41526217	coarse_label	Blocklist (Experiment)	n/a	n/a	n/a	n/a	n/a	n/a	n/a	n/a	n/a	83052.433333
83180.033333	0.133333	41590017	coarse_label	Blocklist (Data break)	n/a	n/a	n/a	n/a	n/a	n/a	n/a	n/a	n/a	83180.033333
83180.166667	112.766667	41590083	coarse_label	Blocklist (Experiment)	n/a	n/a	n/a	n/a	n/a	n/a	n/a	n/a	n/a	83180.166667
83292.933333	0.200000	41646467	coarse_label	Blocklist (Data break)	n/a	n/a	n/a	n/a	n/a	n/a	n/a	n/a	n/a	83292.933333
83293.133333	240.066667	41646567	coarse_label	Talk	n/a	n/a	n/a	n/a	n/a	n/a	n/a	n/a	n/a	83293.133333
83533.200000	0.100000	41766600	coarse_label	Blocklist (Data break)	n/a	n/a	n/a	n/a	n/a	n/a	n/a	n/a	n/a	83533.200000
83533.300000	119.333333	41766650	coarse_label	Talk	n/a	n/a	n/a	n/a	n/a	n/a	n/a	n/a	n/a	83533.300000
83585.236000	1.200000	41792618	reach_onset	n/a	r_wrist	234.260583	-130.877526	333.082761	0.489058	0.005729	0.000000	0.000000	83585.236000	83585.236000
83652.633333	0.133333	41826317	coarse_label	Blocklist (Data break)	n/a	n/a	n/a	n/a	n/a	n/a	n/a	n/a	n/a	83652.633333
83652.766667	120.433333	41826383	coarse_label	Talk	n/a	n/a	n/a	n/a	n/a	n/a	n/a	n/a	n/a	83652.766667
83773.200000	0.100000	41886600	coarse_label	Blocklist (Data break)	n/a	n/a	n/a	n/a	n/a	n/a	n/a	n/a	n/a	83773.200000
83773.300000	120.233333	41886650	coarse_label	Talk	n/a	n/a	n/a	n/a	n/a	n/a	n/a	n/a	n/a	83773.300000
83893.533333	0.066667	41946767	coarse_label	Blocklist (Data break)	n/a	n/a	n/a	n/a	n/a	n/a	n/a	n/a	n/a	83893.533333
83893.600000	119.700000	41946800	coarse_label	Talk, Computer/phone	n/a	n/a	n/a	n/a	n/a	n/a	n/a	n/a	n/a	83893.600000
83961.272000	2.666667	41980636	reach_onset	n/a	r_wrist	94.847091	25.296243	263.643625	0.417448	0.000000	1.733333	1.000000	83961.272000	83961.273000
84013.300000	0.033333	42006650	coarse_label	Blocklist (Data break)	n/a	n/a	n/a	n/a	n/a	n/a	n/a	n/a	n/a	84013.300000
84013.333333	119.766667	42006667	coarse_label	Talk, Computer/phone	n/a	n/a	n/a	n/a	n/a	n/a	n/a	n/a	n/a	84013.333333
84133.100000	0.133333	42066550	coarse_label	Blocklist (Data break)	n/a	n/a	n/a	n/a	n/a	n/a	n/a	n/a	n/a	84133.100000
84133.233333	119.000000	42066617	coarse_label	Computer/phone	n/a	n/a	n/a	n/a	n/a	n/a	n/a	n/a	n/a	84133.233333
84252.233333	0.233333	42126117	coarse_label	Blocklist (Data break)	n/a	n/a	n/a	n/a	n/a	n/a	n/a	n/a	n/a	84252.233333
84252.466667	120.533333	42126233	coarse_label	Computer/phone	n/a	n/a	n/a	n/a	n/a	n/a	n/a	n/a	n/a	84252.466667
84373.000000	0.033333	42186500	coarse_label	Blocklist (Data break)	n/a	n/a	n/a	n/a	n/a	n/a	n/a	n/a	n/a	84373.000000
84373.033333	122.666667	42186517	coarse_label	Computer/phone	n/a	n/a	n/a	n/a	n/a	n/a	n/a	n/a	n/a	84373.033333
84495.700000	0.233333	42247850	coarse_label	Blocklist (Data break)	n/a	n/a	n/a	n/a	n/a	n/a	n/a	n/a	n/a	84495.700000
84495.933333	116.566667	42247967	coarse_label	Computer/phone	n/a	n/a	n/a	n/a	n/a	n/a	n/a	n/a	n/a	84495.933333
84612.500000	0.066667	42306250	coarse_label	Blocklist (Data break)	n/a	n/a	n/a	n/a	n/a	n/a	n/a	n/a	n/a	84612.500000
84612.566667	120.633333	42306283	coarse_label	Computer/phone	n/a	n/a	n/a	n/a	n/a	n/a	n/a	n/a	n/a	84612.566667
84733.200000	0.133333	42366600	coarse_label	Blocklist (Data break)	n/a	n/a	n/a	n/a	n/a	n/a	n/a	n/a	n/a	84733.200000
84733.333333	119.633333	42366667	coarse_label	Computer/phone	n/a	n/a	n/a	n/a	n/a	n/a	n/a	n/a	n/a	84733.333333
84852.966667	0.066667	42426483	coarse_label	Blocklist (Data break)	n/a	n/a	n/a	n/a	n/a	n/a	n/a	n/a	n/a	84852.966667
84853.033333	120.633333	42426517	coarse_label	Computer/phone	n/a	n/a	n/a	n/a	n/a	n/a	n/a	n/a	n/a	84853.033333
84973.666667	0.033333	42486833	coarse_label	Blocklist (Data break)	n/a	n/a	n/a	n/a	n/a	n/a	n/a	n/a	n/a	84973.666667
84973.700000	118.866667	42486850	coarse_label	Computer/phone	n/a	n/a	n/a	n/a	n/a	n/a	n/a	n/a	n/a	84973.700000
85092.566667	0.100000	42546283	coarse_label	Blocklist (Data break)	n/a	n/a	n/a	n/a	n/a	n/a	n/a	n/a	n/a	85092.566667
85092.666667	119.533333	42546333	coarse_label	Computer/phone	n/a	n/a	n/a	n/a	n/a	n/a	n/a	n/a	n/a	85092.666667
85212.200000	0.266667	42606100	coarse_label	Blocklist (Data break)	n/a	n/a	n/a	n/a	n/a	n/a	n/a	n/a	n/a	85212.200000
85212.466667	121.400000	42606233	coarse_label	Computer/phone	n/a	n/a	n/a	n/a	n/a	n/a	n/a	n/a	n/a	85212.466667
85333.866667	0.033333	42666933	coarse_label	Blocklist (Data break)	n/a	n/a	n/a	n/a	n/a	n/a	n/a	n/a	n/a	85333.866667
85333.900000	118.366667	42666950	coarse_label	Computer/phone	n/a	n/a	n/a	n/a	n/a	n/a	n/a	n/a	n/a	85333.900000
85452.266667	0.066667	42726133	coarse_label	Blocklist (Data break)	n/a	n/a	n/a	n/a	n/a	n/a	n/a	n/a	n/a	85452.266667
85452.333333	119.833333	42726167	coarse_label	Computer/phone	n/a	n/a	n/a	n/a	n/a	n/a	n/a	n/a	n/a	85452.333333
85572.166667	0.100000	42786083	coarse_label	Blocklist (Data break)	n/a	n/a	n/a	n/a	n/a	n/a	n/a	n/a	n/a	85572.166667
85572.266667	123.000000	42786133	coarse_label	Computer/phone	n/a	n/a	n/a	n/a	n/a	n/a	n/a	n/a	n/a	85572.266667
85618.480000	1.533333	42809240	reach_onset	n/a	r_wrist	100.625486	-15.849282	123.100097	0.205383	0.000000	1.100000	1.000000	85618.480000	85618.479000
85695.266667	0.066667	42847633	coarse_label	Blocklist (Data break)	n/a	n/a	n/a	n/a	n/a	n/a	n/a	n/a	n/a	85695.266667
85695.333333	117.533333	42847667	coarse_label	Computer/phone	n/a	n/a	n/a	n/a	n/a	n/a	n/a	n/a	n/a	85695.333333
85812.866667	0.066667	42906433	coarse_label	Blocklist (Data break)	n/a	n/a	n/a	n/a	n/a	n/a	n/a	n/a	n/a	85812.866667
85812.933333	120.633333	42906467	coarse_label	Computer/phone	n/a	n/a	n/a	n/a	n/a	n/a	n/a	n/a	n/a	85812.933333
85933.566667	0.133333	42966783	coarse_label	Blocklist (Data break)	n/a	n/a	n/a	n/a	n/a	n/a	n/a	n/a	n/a	85933.566667
85933.700000	119.933333	42966850	coarse_label	Computer/phone	n/a	n/a	n/a	n/a	n/a	n/a	n/a	n/a	n/a	85933.700000
86053.633333	0.033333	43026817	coarse_label	Blocklist (Data break)	n/a	n/a	n/a	n/a	n/a	n/a	n/a	n/a	n/a	86053.633333
86053.666667	120.400000	43026833	coarse_label	Computer/phone	n/a	n/a	n/a	n/a	n/a	n/a	n/a	n/a	n/a	86053.666667
86174.066667	0.066667	43087033	coarse_label	Blocklist (Data break)	n/a	n/a	n/a	n/a	n/a	n/a	n/a	n/a	n/a	86174.066667
86174.133333	118.600000	43087067	coarse_label	Computer/phone	n/a	n/a	n/a	n/a	n/a	n/a	n/a	n/a	n/a	86174.133333
86292.733333	107.266667	43146367	coarse_label	Blocklist (Data break)	n/a	n/a	n/a	n/a	n/a	n/a	n/a	n/a	n/a	86292.733333
