onset	duration	sample	trial_type	coarse_label	wrist	reach_magnitude_px	reach_angle_degrees	onset_speed_px_per_sec	speech_ratio	bimanual_ratio	bimanual_overlap	bimanual_class	source_ecog_time	source_time_of_day
0.000000	77.533333	0	coarse_label	Blocklist (Data break)	n/a	n/a	n/a	n/a	n/a	n/a	n/a	n/a	n/a	0.000000
77.533333	119.800000	38767	coarse_label		n/a	n/a	n/a	n/a	n/a	n/a	n/a	n/a	n/a	77.533333
197.333333	0.266667	98667	coarse_label	Blocklist (Data break)	n/a	n/a	n/a	n/a	n/a	n/a	n/a	n/a	n/a	197.333333
197.600000	121.333333	98800	coarse_label		n/a	n/a	n/a	n/a	n/a	n/a	n/a	n/a	n/a	197.600000
199.378000	2.033333	99689	reach_onset	n/a	r_wrist	74.433993	-91.030231	129.786050	0.103067	0.075941	1.133333	1.000000	199.378000	199.379000
211.678000	1.000000	105839	reach_onset	n/a	r_wrist	55.368429	-71.093139	124.851126	0.102267	0.136081	0.666667	1.000000	211.678000	211.679000
318.933333	0.166667	159467	coarse_label	Blocklist (Data break)	n/a	n/a	n/a	n/a	n/a	n/a	n/a	n/a	n/a	318.933333
319.100000	117.733333	159550	coarse_label		n/a	n/a	n/a	n/a	n/a	n/a	n/a	n/a	n/a	319.100000
436.833333	0.166667	218417	coarse_label	Blocklist (Data break)	n/a	n/a	n/a	n/a	n/a	n/a	n/a	n/a	n/a	436.833333
437.000000	121.766667	218500	coarse_label		n/a	n/a	n/a	n/a	n/a	n/a	n/a	n/a	n/a	437.000000
558.766667	0.200000	279383	coarse_label	Blocklist (Data break)	n/a	n/a	n/a	n/a	n/a	n/a	n/a	n/a	n/a	558.766667
558.966667	118.700000	279483	coarse_label		n/a	n/a	n/a	n/a	n/a	n/a	n/a	n/a	n/a	558.966667
677.666667	0.100000	338833	coarse_label	Blocklist (Data break)	n/a	n/a	n/a	n/a	n/a	n/a	n/a	n/a	n/a	677.666667
677.766667	119.566667	338883	coarse_label		n/a	n/a	n/a	n/a	n/a	n/a	n/a	n/a	n/a	677.766667
797.333333	0.100000	398667	coarse_label	Blocklist (Data break)	n/a	n/a	n/a	n/a	n/a	n/a	n/a	n/a	n/a	797.333333
797.433333	119.666667	398717	coarse_label		n/a	n/a	n/a	n/a	n/a	n/a	n/a	n/a	n/a	797.433333
917.100000	0.100000	458550	coarse_label	Blocklist (Data break)	n/a	n/a	n/a	n/a	n/a	n/a	n/a	n/a	n/a	917.100000
917.200000	119.833333	458600	coarse_label		n/a	n/a	n/a	n/a	n/a	n/a	n/a	n/a	n/a	917.200000
1037.033333	0.166667	518517	coarse_label	Blocklist (Data break)	n/a	n/a	n/a	n/a	n/a	n/a	n/a	n/a	n/a	1037.033333
1037.200000	120.566667	518600	coarse_label		n/a	n/a	n/a	n/a	n/a	n/a	n/a	n/a	n/a	1037.200000
1090.766000	1.833333	545383	reach_onset	n/a	r_wrist	168.472527	-82.840076	129.366192	0.142446	0.453872	1.833333	1.000000	1090.766000	1090.767000
1157.766667	0.133333	578883	coarse_label	Blocklist (Data break)	n/a	n/a	n/a	n/a	n/a	n/a	n/a	n/a	n/a	1157.766667
1157.900000	120.066667	578950	coarse_label		n/a	n/a	n/a	n/a	n/a	n/a	n/a	n/a	n/a	1157.900000
1208.834000	1.066667	604417	reach_onset	n/a	r_wrist	74.229167	153.725798	189.787859	0.079120	0.011482	0.133333	1.000000	1208.834000	1208.835000
1277.966667	0.133333	638983	coarse_label	Blocklist (Data break)	n/a	n/a	n/a	n/a	n/a	n/a	n/a	n/a	n/a	1277.966667
1278.100000	118.866667	639050	coarse_label		n/a	n/a	n/a	n/a	n/a	n/a	n/a	n/a	n/a	1278.100000
1396.966667	0.166667	698483	coarse_label	Blocklist (Data break)	n/a	n/a	n/a	n/a	n/a	n/a	n/a	n/a	n/a	1396.966667
1397.133333	121.233333	698567	coarse_label		n/a	n/a	n/a	n/a	n/a	n/a	n/a	n/a	n/a	1397.133333
1518.366667	0.200000	759183	coarse_label	Blocklist (Data break)	n/a	n/a	n/a	n/a	n/a	n/a	n/a	n/a	n/a	1518.366667
1518.566667	119.100000	759283	coarse_label		n/a	n/a	n/a	n/a	n/a	n/a	n/a	n/a	n/a	1518.566667
1637.666667	0.100000	818833	coarse_label	Blocklist (Data break)	n/a	n/a	n/a	n/a	n/a	n/a	n/a	n/a	n/a	1637.666667
1637.766667	121.100000	818883	coarse_label		n/a	n/a	n/a	n/a	n/a	n/a	n/a	n/a	n/a	1637.766667
1758.866667	0.100000	879433	coarse_label	Blocklist (Data break)	n/a	n/a	n/a	n/a	n/a	n/a	n/a	n/a	n/a	1758.866667
1758.966667	119.800000	879483	coarse_label		n/a	n/a	n/a	n/a	n/a	n/a	n/a	n/a	n/a	1758.966667
1878.766667	0.066667	939383	coarse_label	Blocklist (Data break)	n/a	n/a	n/a	n/a	n/a	n/a	n/a	n/a	n/a	1878.766667
1878.833333	119.533333	939417	coarse_label		n/a	n/a	n/a	n/a	n/a	n/a	n/a	n/a	n/a	1878.833333
1998.366667	0.100000	999183	coarse_label	Blocklist (Data break)	n/a	n/a	n/a	n/a	n/a	n/a	n/a	n/a	n/a	1998.366667
1998.466667	118.300000	999233	coarse_label		n/a	n/a	n/a	n/a	n/a	n/a	n/a	n/a	n/a	1998.466667
2116.766667	0.200000	1058383	coarse_label	Blocklist (Data break)	n/a	n/a	n/a	n/a	n/a	n/a	n/a	n/a	n/a	2116.766667
2116.966667	121.633333	1058483	coarse_label		n/a	n/a	n/a	n/a	n/a	n/a	n/a	n/a	n/a	2116.966667
2238.600000	0.100000	1119300	coarse_label	Blocklist (Data break)	n/a	n/a	n/a	n/a	n/a	n/a	n/a	n/a	n/a	2238.600000
2238.700000	118.866667	1119350	coarse_label		n/a	n/a	n/a	n/a	n/a	n/a	n/a	n/a	n/a	2238.700000
2357.566667	0.166667	1178783	coarse_label	Blocklist (Data break)	n/a	n/a	n/a	n/a	n/a	n/a	n/a	n/a	n/a	2357.566667
2357.733333	119.233333	1178867	coarse_label		n/a	n/a	n/a	n/a	n/a	n/a	n/a	n/a	n/a	2357.733333
2443.614000	2.166667	1221807	reach_onset	n/a	r_wrist	140.465027	121.441058	185.354220	0.115129	0.600746	1.866667	1.000000	2443.614000	2443.614000
2476.966667	0.133333	1238483	coarse_label	Blocklist (Data break)	n/a	n/a	n/a	n/a	n/a	n/a	n/a	n/a	n/a	2476.966667
2477.100000	120.066667	1238550	coarse_label		n/a	n/a	n/a	n/a	n/a	n/a	n/a	n/a	n/a	2477.100000
2597.166667	0.133333	1298583	coarse_label	Blocklist (Data break)	n/a	n/a	n/a	n/a	n/a	n/a	n/a	n/a	n/a	2597.166667
2597.300000	120.000000	1298650	coarse_label		n/a	n/a	n/a	n/a	n/a	n/a	n/a	n/a	n/a	2597.300000
2717.300000	0.100000	1358650	coarse_label	Blocklist (Data break)	n/a	n/a	n/a	n/a	n/a	n/a	n/a	n/a	n/a	2717.300000
2717.400000	120.233333	1358700	coarse_label		n/a	n/a	n/a	n/a	n/a	n/a	n/a	n/a	n/a	2717.400000
2837.633333	0.200000	1418817	coarse_label	Blocklist (Data break)	n/a	n/a	n/a	n/a	n/a	n/a	n/a	n/a	n/a	2837.633333
2837.833333	120.466667	1418917	coarse_label		n/a	n/a	n/a	n/a	n/a	n/a	n/a	n/a	n/a	2837.833333
2882.270000	4.026000	1441135	nan_segment	n/a	n/a	n/a	n/a	n/a	n/a	n/a	n/a	n/a	n/a	n/a
2920.188000	8.516000	1460094	nan_segment	n/a	n/a	n/a	n/a	n/a	n/a	n/a	n/a	n/a	n/a	n/a
2958.300000	0.100000	1479150	coarse_label	Blocklist (Data break)	n/a	n/a	n/a	n/a	n/a	n/a	n/a	n/a	n/a	2958.300000
2958.400000	118.500000	1479200	coarse_label		n/a	n/a	n/a	n/a	n/a	n/a	n/a	n/a	n/a	2958.400000
3076.900000	0.133333	1538450	coarse_label	Blocklist (Data break)	n/a	n/a	n/a	n/a	n/a	n/a	n/a	n/a	n/a	3076.900000
3077.033333	122.033333	1538517	coarse_label		n/a	n/a	n/a	n/a	n/a	n/a	n/a	n/a	n/a	3077.033333
3199.066667	0.133333	1599533	coarse_label	Blocklist (Data break)	n/a	n/a	n/a	n/a	n/a	n/a	n/a	n/a	n/a	3199.066667
3199.200000	119.066667	1599600	coarse_label		n/a	n/a	n/a	n/a	n/a	n/a	n/a	n/a	n/a	3199.200000
3318.266667	0.133333	1659133	coarse_label	Blocklist (Data break)	n/a	n/a	n/a	n/a	n/a	n/a	n/a	n/a	n/a	3318.266667
3318.400000	118.833333	1659200	coarse_label		n/a	n/a	n/a	n/a	n/a	n/a	n/a	n/a	n/a	3318.400000
3437.233333	0.133333	1718617	coarse_label	Blocklist (Data break)	n/a	n/a	n/a	n/a	n/a	n/a	n/a	n/a	n/a	3437.233333
3437.366667	120.200000	1718683	coarse_label		n/a	n/a	n/a	n/a	n/a	n/a	n/a	n/a	n/a	3437.366667
3557.566667	0.233333	1778783	coarse_label	Blocklist (Data break)	n/a	n/a	n/a	n/a	n/a	n/a	n/a	n/a	n/a	3557.566667
3557.800000	119.600000	1778900	coarse_label		n/a	n/a	n/a	n/a	n/a	n/a	n/a	n/a	n/a	3557.800000
3677.400000	0.066667	1838700	coarse_label	Blocklist (Data break)	n/a	n/a	n/a	n/a	n/a	n/a	n/a	n/a	n/a	3677.400000
3677.466667	119.700000	1838733	coarse_label		n/a	n/a	n/a	n/a	n/a	n/a	n/a	n/a	n/a	3677.466667
3742.464000	1.000000	1871232	reach_onset	n/a	r_wrist	159.586239	-82.510061	191.258204	0.369588	0.409991	1.000000	1.000000	3742.464000	3742.464000
3797.166667	0.200000	1898583	coarse_label	Blocklist (Data break)	n/a	n/a	n/a	n/a	n/a	n/a	n/a	n/a	n/a	3797.166667
3797.366667	119.800000	1898683	coarse_label		n/a	n/a	n/a	n/a	n/a	n/a	n/a	n/a	n/a	3797.366667
3917.166667	0.100000	1958583	coarse_label	Blocklist (Data break)	n/a	n/a	n/a	n/a	n/a	n/a	n/a	n/a	n/a	3917.166667
3917.266667	120.033333	1958633	coarse_label	Sleep/rest	n/a	n/a	n/a	n/a	n/a	n/a	n/a	n/a	n/a	3917.266667
4037.300000	0.166667	2018650	coarse_label	Blocklist (Data break)	n/a	n/a	n/a	n/a	n/a	n/a	n/a	n/a	n/a	4037.300000
4037.466667	120.033333	2018733	coarse_label	Sleep/rest	n/a	n/a	n/a	n/a	n/a	n/a	n/a	n/a	n/a	4037.466667
4157.500000	0.066667	2078750	coarse_label	Blocklist (Data break)	n/a	n/a	n/a	n/a	n/a	n/a	n/a	n/a	n/a	4157.500000
4157.566667	120.133333	2078783	coarse_label	Sleep/rest	n/a	n/a	n/a	n/a	n/a	n/a	n/a	n/a	n/a	4157.566667
4277.700000	0.200000	2138850	coarse_label	Blocklist (Data break)	n/a	n/a	n/a	n/a	n/a	n/a	n/a	n/a	n/a	4277.700000
4277.900000	119.800000	2138950	coarse_label	Sleep/rest	n/a	n/a	n/a	n/a	n/a	n/a	n/a	n/a	n/a	4277.900000
4397.700000	0.066667	2198850	coarse_label	Blocklist (Data break)	n/a	n/a	n/a	n/a	n/a	n/a	n/a	n/a	n/a	4397.700000
4397.766667	120.833333	2198883	coarse_label	Sleep/rest	n/a	n/a	n/a	n/a	n/a	n/a	n/a	n/a	n/a	4397.766667
4518.600000	0.100000	2259300	coarse_label	Blocklist (Data break)	n/a	n/a	n/a	n/a	n/a	n/a	n/a	n/a	n/a	4518.600000
4518.700000	118.200000	2259350	coarse_label	Sleep/rest	n/a	n/a	n/a	n/a	n/a	n/a	n/a	n/a	n/a	4518.700000
4636.900000	0.100000	2318450	coarse_label	Blocklist (Data break)	n/a	n/a	n/a	n/a	n/a	n/a	n/a	n/a	n/a	4636.900000
4637.000000	120.500000	2318500	coarse_label	Sleep/rest	n/a	n/a	n/a	n/a	n/a	n/a	n/a	n/a	n/a	4637.000000
4757.500000	0.200000	2378750	coarse_label	Blocklist (Data break)	n/a	n/a	n/a	n/a	n/a	n/a	n/a	n/a	n/a	4757.500000
4757.700000	119.333333	2378850	coarse_label	Sleep/rest	n/a	n/a	n/a	n/a	n/a	n/a	n/a	n/a	n/a	4757.700000
4877.033333	0.100000	2438517	coarse_label	Blocklist (Data break)	n/a	n/a	n/a	n/a	n/a	n/a	n/a	n/a	n/a	4877.033333
4877.133333	120.133333	2438567	coarse_label	Sleep/rest	n/a	n/a	n/a	n/a	n/a	n/a	n/a	n/a	n/a	4877.133333
4997.266667	0.166667	2498633	coarse_label	Blocklist (Data break)	n/a	n/a	n/a	n/a	n/a	n/a	n/a	n/a	n/a	4997.266667
4997.433333	121.400000	2498717	coarse_label	Sleep/rest	n/a	n/a	n/a	n/a	n/a	n/a	n/a	n/a	n/a	4997.433333
5118.833333	0.100000	2559417	coarse_label	Blocklist (Data break)	n/a	n/a	n/a	n/a	n/a	n/a	n/a	n/a	n/a	5118.833333
5118.933333	117.800000	2559467	coarse_label	Sleep/rest	n/a	n/a	n/a	n/a	n/a	n/a	n/a	n/a	n/a	5118.933333
5236.733333	0.133333	2618367	coarse_label	Blocklist (Data break)	n/a	n/a	n/a	n/a	n/a	n/a	n/a	n/a	n/a	5236.733333
5236.866667	119.966667	2618433	coarse_label		n/a	n/a	n/a	n/a	n/a	n/a	n/a	n/a	n/a	5236.866667
5281.734000	1.533333	2640867	reach_onset	n/a	r_wrist	159.693691	-168.585119	155.913928	0.196612	0.045215	0.133333	1.000000	5281.734000	5281.734000
5356.833333	0.100000	2678417	coarse_label	Blocklist (Data break)	n/a	n/a	n/a	n/a	n/a	n/a	n/a	n/a	n/a	5356.833333
5356.933333	120.233333	2678467	coarse_label		n/a	n/a	n/a	n/a	n/a	n/a	n/a	n/a	n/a	5356.933333
5477.166667	0.166667	2738583	coarse_label	Blocklist (Data break)	n/a	n/a	n/a	n/a	n/a	n/a	n/a	n/a	n/a	5477.166667
5477.333333	121.200000	2738667	coarse_label		n/a	n/a	n/a	n/a	n/a	n/a	n/a	n/a	n/a	5477.333333
5598.533333	0.100000	2799267	coarse_label	Blocklist (Data break)	n/a	n/a	n/a	n/a	n/a	n/a	n/a	n/a	n/a	5598.533333
5598.633333	118.933333	2799317	coarse_label		n/a	n/a	n/a	n/a	n/a	n/a	n/a	n/a	n/a	5598.633333
5717.566667	0.166667	2858783	coarse_label	Blocklist (Data break)	n/a	n/a	n/a	n/a	n/a	n/a	n/a	n/a	n/a	5717.566667
5717.733333	119.100000	2858867	coarse_label		n/a	n/a	n/a	n/a	n/a	n/a	n/a	n/a	n/a	5717.733333
5836.833333	0.233333	2918417	coarse_label	Blocklist (Data break)	n/a	n/a	n/a	n/a	n/a	n/a	n/a	n/a	n/a	5836.833333
5837.066667	120.200000	2918533	coarse_label		n/a	n/a	n/a	n/a	n/a	n/a	n/a	n/a	n/a	5837.066667
5957.266667	0.100000	2978633	coarse_label	Blocklist (Data break)	n/a	n/a	n/a	n/a	n/a	n/a	n/a	n/a	n/a	5957.266667
5957.366667	121.166667	2978683	coarse_label		n/a	n/a	n/a	n/a	n/a	n/a	n/a	n/a	n/a	5957.366667
6078.533333	0.166667	3039267	coarse_label	Blocklist (Data break)	n/a	n/a	n/a	n/a	n/a	n/a	n/a	n/a	n/a	6078.533333
6078.700000	119.966667	3039350	coarse_label		n/a	n/a	n/a	n/a	n/a	n/a	n/a	n/a	n/a	6078.700000
6087.988000	1.100000	3043994	reach_onset	n/a	r_wrist	101.499383	-84.186227	130.828510	0.191825	0.077485	1.000000	1.000000	6087.988000	6087.989000
6198.666667	0.133333	3099333	coarse_label	Blocklist (Data break)	n/a	n/a	n/a	n/a	n/a	n/a	n/a	n/a	n/a	6198.666667
6198.800000	118.466667	3099400	coarse_label		n/a	n/a	n/a	n/a	n/a	n/a	n/a	n/a	n/a	6198.800000
6317.266667	0.066667	3158633	coarse_label	Blocklist (Data break)	n/a	n/a	n/a	n/a	n/a	n/a	n/a	n/a	n/a	6317.266667
6317.333333	121.533333	3158667	coarse_label		n/a	n/a	n/a	n/a	n/a	n/a	n/a	n/a	n/a	6317.333333
6381.894000	1.433333	3190947	reach_onset	n/a	r_wrist	126.236931	-68.865683	147.346451	0.200852	0.259979	1.200000	1.000000	6381.894000	6381.895000
6398.494000	1.366667	3199247	reach_onset	n/a	r_wrist	136.356809	110.879403	298.623363	0.196378	0.436802	0.500000	1.000000	6398.494000	6398.495000
6438.866667	0.200000	3219433	coarse_label	Blocklist (Data break)	n/a	n/a	n/a	n/a	n/a	n/a	n/a	n/a	n/a	6438.866667
6439.066667	118.500000	3219533	coarse_label		n/a	n/a	n/a	n/a	n/a	n/a	n/a	n/a	n/a	6439.066667
6557.566667	0.233333	3278783	coarse_label	Blocklist (Data break)	n/a	n/a	n/a	n/a	n/a	n/a	n/a	n/a	n/a	6557.566667
6557.800000	119.333333	3278900	coarse_label		n/a	n/a	n/a	n/a	n/a	n/a	n/a	n/a	n/a	6557.800000
6677.133333	0.200000	3338567	coarse_label	Blocklist (Data break)	n/a	n/a	n/a	n/a	n/a	n/a	n/a	n/a	n/a	6677.133333
6677.333333	120.533333	3338667	coarse_label		n/a	n/a	n/a	n/a	n/a	n/a	n/a	n/a	n/a	6677.333333
6797.866667	0.166667	3398933	coarse_label	Blocklist (Data break)	n/a	n/a	n/a	n/a	n/a	n/a	n/a	n/a	n/a	6797.866667
6798.033333	118.633333	3399017	coarse_label		n/a	n/a	n/a	n/a	n/a	n/a	n/a	n/a	n/a	6798.033333
6916.666667	0.200000	3458333	coarse_label	Blocklist (Data break)	n/a	n/a	n/a	n/a	n/a	n/a	n/a	n/a	n/a	6916.666667
6916.866667	119.966667	3458433	coarse_label		n/a	n/a	n/a	n/a	n/a	n/a	n/a	n/a	n/a	6916.866667
7036.833333	0.266667	3518417	coarse_label	Blocklist (Data break)	n/a	n/a	n/a	n/a	n/a	n/a	n/a	n/a	n/a	7036.833333
7037.100000	120.233333	3518550	coarse_label		n/a	n/a	n/a	n/a	n/a	n/a	n/a	n/a	n/a	7037.100000
7157.333333	0.133333	3578667	coarse_label	Blocklist (Data break)	n/a	n/a	n/a	n/a	n/a	n/a	n/a	n/a	n/a	7157.333333
7157.466667	122.200000	3578733	coarse_label		n/a	n/a	n/a	n/a	n/a	n/a	n/a	n/a	n/a	7157.466667
7258.282000	2.833333	3629141	reach_onset	n/a	r_wrist	193.928652	51.096352	112.871262	0.283761	0.642339	2.466667	1.000000	7258.282000	7258.282000
7279.666667	0.166667	3639833	coarse_label	Blocklist (Data break)	n/a	n/a	n/a	n/a	n/a	n/a	n/a	n/a	n/a	7279.666667
7279.833333	118.733333	3639917	coarse_label		n/a	n/a	n/a	n/a	n/a	n/a	n/a	n/a	n/a	7279.833333
7283.520000	0.600000	3641760	reach_onset	n/a	r_wrist	134.287173	-71.314061	118.523052	0.284410	0.000000	0.600000	1.000000	7283.520000	7283.520000
7334.620000	0.900000	3667310	reach_onset	n/a	r_wrist	97.119626	-85.793433	118.559763	0.280414	0.012760	0.900000	1.000000	7334.620000	7334.620000
7398.566667	0.066667	3699283	coarse_label	Blocklist (Data break)	n/a	n/a	n/a	n/a	n/a	n/a	n/a	n/a	n/a	7398.566667
7398.633333	120.166667	3699317	coarse_label		n/a	n/a	n/a	n/a	n/a	n/a	n/a	n/a	n/a	7398.633333
7411.106000	2.466667	3705553	reach_onset	n/a	r_wrist	196.575164	94.971572	107.006196	0.217190	0.091944	2.466667	1.000000	7411.106000	7411.106000
7431.072000	1.766667	3715536	reach_onset	n/a	r_wrist	114.289148	-133.294015	115.054641	0.202140	0.676653	1.500000	1.000000	7431.072000	7431.073000
7518.800000	0.033333	3759400	coarse_label	Blocklist (Data break)	n/a	n/a	n/a	n/a	n/a	n/a	n/a	n/a	n/a	7518.800000
7518.833333	119.500000	3759417	coarse_label	Sleep/rest	n/a	n/a	n/a	n/a	n/a	n/a	n/a	n/a	n/a	7518.833333
7638.333333	0.066667	3819167	coarse_label	Blocklist (Data break)	n/a	n/a	n/a	n/a	n/a	n/a	n/a	n/a	n/a	7638.333333
7638.400000	122.500000	3819200	coarse_label	Sleep/rest	n/a	n/a	n/a	n/a	n/a	n/a	n/a	n/a	n/a	7638.400000
7760.900000	0.100000	3880450	coarse_label	Blocklist (Data break)	n/a	n/a	n/a	n/a	n/a	n/a	n/a	n/a	n/a	7760.900000
7761.000000	238.033333	3880500	coarse_label	Sleep/rest	n/a	n/a	n/a	n/a	n/a	n/a	n/a	n/a	n/a	7761.000000
7999.033333	0.066667	3999517	coarse_label	Blocklist (Data break)	n/a	n/a	n/a	n/a	n/a	n/a	n/a	n/a	n/a	7999.033333
7999.100000	117.900000	3999550	coarse_label	Sleep/rest	n/a	n/a	n/a	n/a	n/a	n/a	n/a	n/a	n/a	7999.100000
8117.000000	0.266667	4058500	coarse_label	Blocklist (Data break)	n/a	n/a	n/a	n/a	n/a	n/a	n/a	n/a	n/a	8117.000000
8117.266667	120.233333	4058633	coarse_label	Sleep/rest	n/a	n/a	n/a	n/a	n/a	n/a	n/a	n/a	n/a	8117.266667
8237.500000	0.066667	4118750	coarse_label	Blocklist (Data break)	n/a	n/a	n/a	n/a	n/a	n/a	n/a	n/a	n/a	8237.500000
8237.566667	119.166667	4118783	coarse_label	Sleep/rest	n/a	n/a	n/a	n/a	n/a	n/a	n/a	n/a	n/a	8237.566667
8356.733333	0.166667	4178367	coarse_label	Blocklist (Data break)	n/a	n/a	n/a	n/a	n/a	n/a	n/a	n/a	n/a	8356.733333
8356.900000	120.333333	4178450	coarse_label	Sleep/rest	n/a	n/a	n/a	n/a	n/a	n/a	n/a	n/a	n/a	8356.900000
8477.233333	0.100000	4238617	coarse_label	Blocklist (Data break)	n/a	n/a	n/a	n/a	n/a	n/a	n/a	n/a	n/a	8477.233333
8477.333333	120.200000	4238667	coarse_label	Sleep/rest	n/a	n/a	n/a	n/a	n/a	n/a	n/a	n/a	n/a	8477.333333
8597.533333	0.100000	4298767	coarse_label	Blocklist (Data break)	n/a	n/a	n/a	n/a	n/a	n/a	n/a	n/a	n/a	8597.533333
8597.633333	119.466667	4298817	coarse_label	Sleep/rest	n/a	n/a	n/a	n/a	n/a	n/a	n/a	n/a	n/a	8597.633333
8717.100000	0.166667	4358550	coarse_label	Blocklist (Data break)	n/a	n/a	n/a	n/a	n/a	n/a	n/a	n/a	n/a	8717.100000
8717.266667	120.266667	4358633	coarse_label	Sleep/rest	n/a	n/a	n/a	n/a	n/a	n/a	n/a	n/a	n/a	8717.266667
8837.533333	0.133333	4418767	coarse_label	Blocklist (Data break)	n/a	n/a	n/a	n/a	n/a	n/a	n/a	n/a	n/a	8837.533333
8837.666667	119.266667	4418833	coarse_label	Sleep/rest	n/a	n/a	n/a	n/a	n/a	n/a	n/a	n/a	n/a	8837.666667
8956.933333	0.100000	4478467	coarse_label	Blocklist (Data break)	n/a	n/a	n/a	n/a	n/a	n/a	n/a	n/a	n/a	8956.933333
8957.033333	120.566667	4478517	coarse_label	Sleep/rest	n/a	n/a	n/a	n/a	n/a	n/a	n/a	n/a	n/a	8957.033333
9077.600000	0.066667	4538800	coarse_label	Blocklist (Data break)	n/a	n/a	n/a	n/a	n/a	n/a	n/a	n/a	n/a	9077.600000
9077.666667	119.633333	4538833	coarse_label	Sleep/rest	n/a	n/a	n/a	n/a	n/a	n/a	n/a	n/a	n/a	9077.666667
9197.300000	0.033333	4598650	coarse_label	Blocklist (Data break)	n/a	n/a	n/a	n/a	n/a	n/a	n/a	n/a	n/a	9197.300000
9197.333333	119.433333	4598667	coarse_label	Sleep/rest	n/a	n/a	n/a	n/a	n/a	n/a	n/a	n/a	n/a	9197.333333
9316.766667	0.033333	4658383	coarse_label	Blocklist (Data break)	n/a	n/a	n/a	n/a	n/a	n/a	n/a	n/a	n/a	9316.766667
9316.800000	120.333333	4658400	coarse_label	Sleep/rest	n/a	n/a	n/a	n/a	n/a	n/a	n/a	n/a	n/a	9316.800000
9437.133333	0.066667	4718567	coarse_label	Blocklist (Data break)	n/a	n/a	n/a	n/a	n/a	n/a	n/a	n/a	n/a	9437.133333
9437.200000	120.233333	4718600	coarse_label	Sleep/rest	n/a	n/a	n/a	n/a	n/a	n/a	n/a	n/a	n/a	9437.200000
9557.433333	0.133333	4778717	coarse_label	Blocklist (Data break)	n/a	n/a	n/a	n/a	n/a	n/a	n/a	n/a	n/a	9557.433333
9557.566667	120.166667	4778783	coarse_label	Sleep/rest	n/a	n/a	n/a	n/a	n/a	n/a	n/a	n/a	n/a	9557.566667
9677.733333	0.033333	4838867	coarse_label	Blocklist (Data break)	n/a	n/a	n/a	n/a	n/a	n/a	n/a	n/a	n/a	9677.733333
9677.766667	119.833333	4838883	coarse_label	Sleep/rest	n/a	n/a	n/a	n/a	n/a	n/a	n/a	n/a	n/a	9677.766667
9797.600000	0.266667	4898800	coarse_label	Blocklist (Data break)	n/a	n/a	n/a	n/a	n/a	n/a	n/a	n/a	n/a	9797.600000
9797.866667	118.933333	4898933	coarse_label	Sleep/rest	n/a	n/a	n/a	n/a	n/a	n/a	n/a	n/a	n/a	9797.866667
9916.800000	0.133333	4958400	coarse_label	Blocklist (Data break)	n/a	n/a	n/a	n/a	n/a	n/a	n/a	n/a	n/a	9916.800000
9916.933333	123.133333	4958467	coarse_label	Sleep/rest	n/a	n/a	n/a	n/a	n/a	n/a	n/a	n/a	n/a	9916.933333
10040.066667	0.066667	5020033	coarse_label	Blocklist (Data break)	n/a	n/a	n/a	n/a	n/a	n/a	n/a	n/a	n/a	10040.066667
10040.133333	120.000000	5020067	coarse_label	Sleep/rest	n/a	n/a	n/a	n/a	n/a	n/a	n/a	n/a	n/a	10040.133333
10160.133333	0.033333	5080067	coarse_label	Blocklist (Data break)	n/a	n/a	n/a	n/a	n/a	n/a	n/a	n/a	n/a	10160.133333
10160.166667	120.000000	5080083	coarse_label	Sleep/rest	n/a	n/a	n/a	n/a	n/a	n/a	n/a	n/a	n/a	10160.166667
10280.166667	0.066667	5140083	coarse_label	Blocklist (Data break)	n/a	n/a	n/a	n/a	n/a	n/a	n/a	n/a	n/a	10280.166667
10280.233333	116.800000	5140117	coarse_label	Sleep/rest	n/a	n/a	n/a	n/a	n/a	n/a	n/a	n/a	n/a	10280.233333
10397.033333	0.133333	5198517	coarse_label	Blocklist (Data break)	n/a	n/a	n/a	n/a	n/a	n/a	n/a	n/a	n/a	10397.033333
10397.166667	120.033333	5198583	coarse_label	Sleep/rest	n/a	n/a	n/a	n/a	n/a	n/a	n/a	n/a	n/a	10397.166667
10517.200000	0.033333	5258600	coarse_label	Blocklist (Data break)	n/a	n/a	n/a	n/a	n/a	n/a	n/a	n/a	n/a	10517.200000
10517.233333	120.066667	5258617	coarse_label	Sleep/rest	n/a	n/a	n/a	n/a	n/a	n/a	n/a	n/a	n/a	10517.233333
10637.300000	0.166667	5318650	coarse_label	Blocklist (Data break)	n/a	n/a	n/a	n/a	n/a	n/a	n/a	n/a	n/a	10637.300000
10637.466667	122.200000	5318733	coarse_label	Sleep/rest	n/a	n/a	n/a	n/a	n/a	n/a	n/a	n/a	n/a	10637.466667
10759.666667	0.100000	5379833	coarse_label	Blocklist (Data break)	n/a	n/a	n/a	n/a	n/a	n/a	n/a	n/a	n/a	10759.666667
10759.766667	117.433333	5379883	coarse_label	Sleep/rest	n/a	n/a	n/a	n/a	n/a	n/a	n/a	n/a	n/a	10759.766667
10877.200000	0.066667	5438600	coarse_label	Blocklist (Data break)	n/a	n/a	n/a	n/a	n/a	n/a	n/a	n/a	n/a	10877.200000
10877.266667	119.466667	5438633	coarse_label	Sleep/rest	n/a	n/a	n/a	n/a	n/a	n/a	n/a	n/a	n/a	10877.266667
10996.733333	0.066667	5498367	coarse_label	Blocklist (Data break)	n/a	n/a	n/a	n/a	n/a	n/a	n/a	n/a	n/a	10996.733333
10996.800000	120.533333	5498400	coarse_label	Sleep/rest	n/a	n/a	n/a	n/a	n/a	n/a	n/a	n/a	n/a	10996.800000
11117.333333	0.033333	5558667	coarse_label	Blocklist (Data break)	n/a	n/a	n/a	n/a	n/a	n/a	n/a	n/a	n/a	11117.333333
11117.366667	120.133333	5558683	coarse_label	Sleep/rest	n/a	n/a	n/a	n/a	n/a	n/a	n/a	n/a	n/a	11117.366667
11237.500000	0.033333	5618750	coarse_label	Blocklist (Data break)	n/a	n/a	n/a	n/a	n/a	n/a	n/a	n/a	n/a	11237.500000
11237.533333	121.066667	5618767	coarse_label	Sleep/rest	n/a	n/a	n/a	n/a	n/a	n/a	n/a	n/a	n/a	11237.533333
11358.600000	0.100000	5679300	coarse_label	Blocklist (Data break)	n/a	n/a	n/a	n/a	n/a	n/a	n/a	n/a	n/a	11358.600000
11358.700000	118.900000	5679350	coarse_label	Sleep/rest	n/a	n/a	n/a	n/a	n/a	n/a	n/a	n/a	n/a	11358.700000
11477.600000	0.100000	5738800	coarse_label	Blocklist (Data break)	n/a	n/a	n/a	n/a	n/a	n/a	n/a	n/a	n/a	11477.600000
11477.700000	119.033333	5738850	coarse_label	Sleep/rest	n/a	n/a	n/a	n/a	n/a	n/a	n/a	n/a	n/a	11477.700000
11596.733333	0.033333	5798367	coarse_label	Blocklist (Data break)	n/a	n/a	n/a	n/a	n/a	n/a	n/a	n/a	n/a	11596.733333
11596.766667	122.700000	5798383	coarse_label	Sleep/rest	n/a	n/a	n/a	n/a	n/a	n/a	n/a	n/a	n/a	11596.766667
11719.466667	0.066667	5859733	coarse_label	Blocklist (Data break)	n/a	n/a	n/a	n/a	n/a	n/a	n/a	n/a	n/a	11719.466667
11719.533333	118.000000	5859767	coarse_label	Sleep/rest	n/a	n/a	n/a	n/a	n/a	n/a	n/a	n/a	n/a	11719.533333
11837.533333	0.133333	5918767	coarse_label	Blocklist (Data break)	n/a	n/a	n/a	n/a	n/a	n/a	n/a	n/a	n/a	11837.533333
11837.666667	120.966667	5918833	coarse_label	Sleep/rest	n/a	n/a	n/a	n/a	n/a	n/a	n/a	n/a	n/a	11837.666667
11958.633333	0.066667	5979317	coarse_label	Blocklist (Data break)	n/a	n/a	n/a	n/a	n/a	n/a	n/a	n/a	n/a	11958.633333
11958.700000	118.833333	5979350	coarse_label	Sleep/rest	n/a	n/a	n/a	n/a	n/a	n/a	n/a	n/a	n/a	11958.700000
12077.533333	0.166667	6038767	coarse_label	Blocklist (Data break)	n/a	n/a	n/a	n/a	n/a	n/a	n/a	n/a	n/a	12077.533333
12077.700000	120.966667	6038850	coarse_label	Sleep/rest	n/a	n/a	n/a	n/a	n/a	n/a	n/a	n/a	n/a	12077.700000
12198.666667	0.066667	6099333	coarse_label	Blocklist (Data break)	n/a	n/a	n/a	n/a	n/a	n/a	n/a	n/a	n/a	12198.666667
12198.733333	119.100000	6099367	coarse_label	Sleep/rest	n/a	n/a	n/a	n/a	n/a	n/a	n/a	n/a	n/a	12198.733333
12317.833333	0.200000	6158917	coarse_label	Blocklist (Data break)	n/a	n/a	n/a	n/a	n/a	n/a	n/a	n/a	n/a	12317.833333
12318.033333	119.066667	6159017	coarse_label	Sleep/rest	n/a	n/a	n/a	n/a	n/a	n/a	n/a	n/a	n/a	12318.033333
12437.100000	0.066667	6218550	coarse_label	Blocklist (Data break)	n/a	n/a	n/a	n/a	n/a	n/a	n/a	n/a	n/a	12437.100000
12437.166667	120.000000	6218583	coarse_label	Sleep/rest	n/a	n/a	n/a	n/a	n/a	n/a	n/a	n/a	n/a	12437.166667
12557.166667	0.166667	6278583	coarse_label	Blocklist (Data break)	n/a	n/a	n/a	n/a	n/a	n/a	n/a	n/a	n/a	12557.166667
12557.333333	120.233333	6278667	coarse_label	Sleep/rest	n/a	n/a	n/a	n/a	n/a	n/a	n/a	n/a	n/a	12557.333333
12677.566667	0.033333	6338783	coarse_label	Blocklist (Data break)	n/a	n/a	n/a	n/a	n/a	n/a	n/a	n/a	n/a	12677.566667
12677.600000	120.000000	6338800	coarse_label	Sleep/rest	n/a	n/a	n/a	n/a	n/a	n/a	n/a	n/a	n/a	12677.600000
12797.600000	0.100000	6398800	coarse_label	Blocklist (Data break)	n/a	n/a	n/a	n/a	n/a	n/a	n/a	n/a	n/a	12797.600000
12797.700000	119.233333	6398850	coarse_label	Sleep/rest	n/a	n/a	n/a	n/a	n/a	n/a	n/a	n/a	n/a	12797.700000
12916.933333	0.066667	6458467	coarse_label	Blocklist (Data break)	n/a	n/a	n/a	n/a	n/a	n/a	n/a	n/a	n/a	12916.933333
12917.000000	121.533333	6458500	coarse_label	Sleep/rest	n/a	n/a	n/a	n/a	n/a	n/a	n/a	n/a	n/a	12917.000000
13038.533333	0.033333	6519267	coarse_label	Blocklist (Data break)	n/a	n/a	n/a	n/a	n/a	n/a	n/a	n/a	n/a	13038.533333
13038.566667	118.066667	6519283	coarse_label	Sleep/rest	n/a	n/a	n/a	n/a	n/a	n/a	n/a	n/a	n/a	13038.566667
13156.633333	0.233333	6578317	coarse_label	Blocklist (Data break)	n/a	n/a	n/a	n/a	n/a	n/a	n/a	n/a	n/a	13156.633333
13156.866667	120.366667	6578433	coarse_label	Sleep/rest	n/a	n/a	n/a	n/a	n/a	n/a	n/a	n/a	n/a	13156.866667
13277.233333	0.200000	6638617	coarse_label	Blocklist (Data break)	n/a	n/a	n/a	n/a	n/a	n/a	n/a	n/a	n/a	13277.233333
13277.433333	121.900000	6638717	coarse_label	Sleep/rest	n/a	n/a	n/a	n/a	n/a	n/a	n/a	n/a	n/a	13277.433333
13399.333333	0.033333	6699667	coarse_label	Blocklist (Data break)	n/a	n/a	n/a	n/a	n/a	n/a	n/a	n/a	n/a	13399.333333
13399.366667	117.200000	6699683	coarse_label	Sleep/rest	n/a	n/a	n/a	n/a	n/a	n/a	n/a	n/a	n/a	13399.366667
13516.566667	0.133333	6758283	coarse_label	Blocklist (Data break)	n/a	n/a	n/a	n/a	n/a	n/a	n/a	n/a	n/a	13516.566667
13516.700000	120.233333	6758350	coarse_label	Sleep/rest	n/a	n/a	n/a	n/a	n/a	n/a	n/a	n/a	n/a	13516.700000
13636.933333	0.066667	6818467	coarse_label	Blocklist (Data break)	n/a	n/a	n/a	n/a	n/a	n/a	n/a	n/a	n/a	13636.933333
13637.000000	120.300000	6818500	coarse_label	Sleep/rest	n/a	n/a	n/a	n/a	n/a	n/a	n/a	n/a	n/a	13637.000000
13757.300000	0.066667	6878650	coarse_label	Blocklist (Data break)	n/a	n/a	n/a	n/a	n/a	n/a	n/a	n/a	n/a	13757.300000
13757.366667	122.100000	6878683	coarse_label	Sleep/rest	n/a	n/a	n/a	n/a	n/a	n/a	n/a	n/a	n/a	13757.366667
13879.466667	0.200000	6939733	coarse_label	Blocklist (Data break)	n/a	n/a	n/a	n/a	n/a	n/a	n/a	n/a	n/a	13879.466667
13879.666667	114.033333	6939833	coarse_label	Sleep/rest	n/a	n/a	n/a	n/a	n/a	n/a	n/a	n/a	n/a	13879.666667
13993.700000	4.233333	6996850	coarse_label	Blocklist (Data break)	n/a	n/a	n/a	n/a	n/a	n/a	n/a	n/a	n/a	13993.700000
13997.933333	120.300000	6998967	coarse_label	Sleep/rest	n/a	n/a	n/a	n/a	n/a	n/a	n/a	n/a	n/a	13997.933333
14118.233333	0.066667	7059117	coarse_label	Blocklist (Data break)	n/a	n/a	n/a	n/a	n/a	n/a	n/a	n/a	n/a	14118.233333
14118.300000	119.366667	7059150	coarse_label	Sleep/rest	n/a	n/a	n/a	n/a	n/a	n/a	n/a	n/a	n/a	14118.300000
14237.666667	0.166667	7118833	coarse_label	Blocklist (Data break)	n/a	n/a	n/a	n/a	n/a	n/a	n/a	n/a	n/a	14237.666667
14237.833333	120.300000	7118917	coarse_label	Sleep/rest	n/a	n/a	n/a	n/a	n/a	n/a	n/a	n/a	n/a	14237.833333
14358.133333	0.100000	7179067	coarse_label	Blocklist (Data break)	n/a	n/a	n/a	n/a	n/a	n/a	n/a	n/a	n/a	14358.133333
14358.233333	122.300000	7179117	coarse_label	Sleep/rest	n/a	n/a	n/a	n/a	n/a	n/a	n/a	n/a	n/a	14358.233333
14480.533333	0.033333	7240267	coarse_label	Blocklist (Data break)	n/a	n/a	n/a	n/a	n/a	n/a	n/a	n/a	n/a	14480.533333
14480.566667	117.200000	7240283	coarse_label	Sleep/rest	n/a	n/a	n/a	n/a	n/a	n/a	n/a	n/a	n/a	14480.566667
14597.766667	0.133333	7298883	coarse_label	Blocklist (Data break)	n/a	n/a	n/a	n/a	n/a	n/a	n/a	n/a	n/a	14597.766667
14597.900000	120.500000	7298950	coarse_label	Sleep/rest	n/a	n/a	n/a	n/a	n/a	n/a	n/a	n/a	n/a	14597.900000
14718.400000	0.233333	7359200	coarse_label	Blocklist (Data break)	n/a	n/a	n/a	n/a	n/a	n/a	n/a	n/a	n/a	14718.400000
14718.633333	119.400000	7359317	coarse_label	Sleep/rest	n/a	n/a	n/a	n/a	n/a	n/a	n/a	n/a	n/a	14718.633333
14838.033333	0.266667	7419017	coarse_label	Blocklist (Data break)	n/a	n/a	n/a	n/a	n/a	n/a	n/a	n/a	n/a	14838.033333
14838.300000	121.633333	7419150	coarse_label	Sleep/rest	n/a	n/a	n/a	n/a	n/a	n/a	n/a	n/a	n/a	14838.300000
14959.933333	0.300000	7479967	coarse_label	Blocklist (Data break)	n/a	n/a	n/a	n/a	n/a	n/a	n/a	n/a	n/a	14959.933333
14960.233333	120.700000	7480117	coarse_label	Sleep/rest	n/a	n/a	n/a	n/a	n/a	n/a	n/a	n/a	n/a	14960.233333
15080.933333	0.033333	7540467	coarse_label	Blocklist (Data break)	n/a	n/a	n/a	n/a	n/a	n/a	n/a	n/a	n/a	15080.933333
15080.966667	116.966667	7540483	coarse_label	Sleep/rest	n/a	n/a	n/a	n/a	n/a	n/a	n/a	n/a	n/a	15080.966667
15197.933333	0.100000	7598967	coarse_label	Blocklist (Data break)	n/a	n/a	n/a	n/a	n/a	n/a	n/a	n/a	n/a	15197.933333
15198.033333	120.266667	7599017	coarse_label	Sleep/rest	n/a	n/a	n/a	n/a	n/a	n/a	n/a	n/a	n/a	15198.033333
15318.300000	0.233333	7659150	coarse_label	Blocklist (Data break)	n/a	n/a	n/a	n/a	n/a	n/a	n/a	n/a	n/a	15318.300000
15318.533333	119.633333	7659267	coarse_label	Sleep/rest	n/a	n/a	n/a	n/a	n/a	n/a	n/a	n/a	n/a	15318.533333
15438.166667	0.033333	7719083	coarse_label	Blocklist (Data break)	n/a	n/a	n/a	n/a	n/a	n/a	n/a	n/a	n/a	15438.166667
15438.200000	119.700000	7719100	coarse_label	Sleep/rest	n/a	n/a	n/a	n/a	n/a	n/a	n/a	n/a	n/a	15438.200000
15557.900000	0.266667	7778950	coarse_label	Blocklist (Data break)	n/a	n/a	n/a	n/a	n/a	n/a	n/a	n/a	n/a	15557.900000
15558.166667	120.433333	7779083	coarse_label	Sleep/rest	n/a	n/a	n/a	n/a	n/a	n/a	n/a	n/a	n/a	15558.166667
15678.600000	0.133333	7839300	coarse_label	Blocklist (Data break)	n/a	n/a	n/a	n/a	n/a	n/a	n/a	n/a	n/a	15678.600000
15678.733333	239.300000	7839367	coarse_label	Sleep/rest	n/a	n/a	n/a	n/a	n/a	n/a	n/a	n/a	n/a	15678.733333
15918.033333	0.100000	7959017	coarse_label	Blocklist (Data break)	n/a	n/a	n/a	n/a	n/a	n/a	n/a	n/a	n/a	15918.033333
15918.133333	120.733333	7959067	coarse_label	Sleep/rest	n/a	n/a	n/a	n/a	n/a	n/a	n/a	n/a	n/a	15918.133333
16038.866667	0.066667	8019433	coarse_label	Blocklist (Data break)	n/a	n/a	n/a	n/a	n/a	n/a	n/a	n/a	n/a	16038.866667
16038.933333	119.566667	8019467	coarse_label	Sleep/rest	n/a	n/a	n/a	n/a	n/a	n/a	n/a	n/a	n/a	16038.933333
16158.500000	0.066667	8079250	coarse_label	Blocklist (Data break)	n/a	n/a	n/a	n/a	n/a	n/a	n/a	n/a	n/a	16158.500000
16158.566667	119.733333	8079283	coarse_label	Sleep/rest	n/a	n/a	n/a	n/a	n/a	n/a	n/a	n/a	n/a	16158.566667
16278.300000	0.133333	8139150	coarse_label	Blocklist (Data break)	n/a	n/a	n/a	n/a	n/a	n/a	n/a	n/a	n/a	16278.300000
16278.433333	119.633333	8139217	coarse_label	Sleep/rest	n/a	n/a	n/a	n/a	n/a	n/a	n/a	n/a	n/a	16278.433333
16398.066667	0.133333	8199033	coarse_label	Blocklist (Data break)	n/a	n/a	n/a	n/a	n/a	n/a	n/a	n/a	n/a	16398.066667
16398.200000	120.433333	8199100	coarse_label	Sleep/rest	n/a	n/a	n/a	n/a	n/a	n/a	n/a	n/a	n/a	16398.200000
16518.633333	0.033333	8259317	coarse_label	Blocklist (Data break)	n/a	n/a	n/a	n/a	n/a	n/a	n/a	n/a	n/a	16518.633333
16518.666667	120.933333	8259333	coarse_label	Sleep/rest	n/a	n/a	n/a	n/a	n/a	n/a	n/a	n/a	n/a	16518.666667
16639.600000	0.033333	8319800	coarse_label	Blocklist (Data break)	n/a	n/a	n/a	n/a	n/a	n/a	n/a	n/a	n/a	16639.600000
16639.633333	121.633333	8319817	coarse_label	Sleep/rest	n/a	n/a	n/a	n/a	n/a	n/a	n/a	n/a	n/a	16639.633333
16761.266667	0.066667	8380633	coarse_label	Blocklist (Data break)	n/a	n/a	n/a	n/a	n/a	n/a	n/a	n/a	n/a	16761.266667
16761.333333	116.400000	8380667	coarse_label	Sleep/rest	n/a	n/a	n/a	n/a	n/a	n/a	n/a	n/a	n/a	16761.333333
16877.733333	0.200000	8438867	coarse_label	Blocklist (Data break)	n/a	n/a	n/a	n/a	n/a	n/a	n/a	n/a	n/a	16877.733333
16877.933333	119.533333	8438967	coarse_label	Sleep/rest	n/a	n/a	n/a	n/a	n/a	n/a	n/a	n/a	n/a	16877.933333
16997.466667	0.166667	8498733	coarse_label	Blocklist (Data break)	n/a	n/a	n/a	n/a	n/a	n/a	n/a	n/a	n/a	16997.466667
16997.633333	121.500000	8498817	coarse_label	Sleep/rest	n/a	n/a	n/a	n/a	n/a	n/a	n/a	n/a	n/a	16997.633333
17119.133333	0.166667	8559567	coarse_label	Blocklist (Data break)	n/a	n/a	n/a	n/a	n/a	n/a	n/a	n/a	n/a	17119.133333
17119.300000	119.533333	8559650	coarse_label	Sleep/rest	n/a	n/a	n/a	n/a	n/a	n/a	n/a	n/a	n/a	17119.300000
17238.833333	0.166667	8619417	coarse_label	Blocklist (Data break)	n/a	n/a	n/a	n/a	n/a	n/a	n/a	n/a	n/a	17238.833333
17239.000000	122.033333	8619500	coarse_label	Sleep/rest	n/a	n/a	n/a	n/a	n/a	n/a	n/a	n/a	n/a	17239.000000
17361.033333	0.033333	8680517	coarse_label	Blocklist (Data break)	n/a	n/a	n/a	n/a	n/a	n/a	n/a	n/a	n/a	17361.033333
17361.066667	116.566667	8680533	coarse_label	Sleep/rest	n/a	n/a	n/a	n/a	n/a	n/a	n/a	n/a	n/a	17361.066667
17477.633333	0.266667	8738817	coarse_label	Blocklist (Data break)	n/a	n/a	n/a	n/a	n/a	n/a	n/a	n/a	n/a	17477.633333
17477.900000	120.100000	8738950	coarse_label	Sleep/rest	n/a	n/a	n/a	n/a	n/a	n/a	n/a	n/a	n/a	17477.900000
17598.000000	0.266667	8799000	coarse_label	Blocklist (Data break)	n/a	n/a	n/a	n/a	n/a	n/a	n/a	n/a	n/a	17598.000000
17598.266667	121.666667	8799133	coarse_label	Sleep/rest	n/a	n/a	n/a	n/a	n/a	n/a	n/a	n/a	n/a	17598.266667
17719.933333	0.033333	8859967	coarse_label	Blocklist (Data break)	n/a	n/a	n/a	n/a	n/a	n/a	n/a	n/a	n/a	17719.933333
17719.966667	120.200000	8859983	coarse_label	Sleep/rest	n/a	n/a	n/a	n/a	n/a	n/a	n/a	n/a	n/a	17719.966667
17840.166667	0.200000	8920083	coarse_label	Blocklist (Data break)	n/a	n/a	n/a	n/a	n/a	n/a	n/a	n/a	n/a	17840.166667
17840.366667	119.766667	8920183	coarse_label	Sleep/rest	n/a	n/a	n/a	n/a	n/a	n/a	n/a	n/a	n/a	17840.366667
17960.133333	0.100000	8980067	coarse_label	Blocklist (Data break)	n/a	n/a	n/a	n/a	n/a	n/a	n/a	n/a	n/a	17960.133333
17960.233333	117.333333	8980117	coarse_label	Sleep/rest	n/a	n/a	n/a	n/a	n/a	n/a	n/a	n/a	n/a	17960.233333
18077.566667	0.066667	9038783	coarse_label	Blocklist (Data break)	n/a	n/a	n/a	n/a	n/a	n/a	n/a	n/a	n/a	18077.566667
18077.633333	121.733333	9038817	coarse_label	Sleep/rest	n/a	n/a	n/a	n/a	n/a	n/a	n/a	n/a	n/a	18077.633333
18199.366667	0.066667	9099683	coarse_label	Blocklist (Data break)	n/a	n/a	n/a	n/a	n/a	n/a	n/a	n/a	n/a	18199.366667
18199.433333	118.433333	9099717	coarse_label	Sleep/rest	n/a	n/a	n/a	n/a	n/a	n/a	n/a	n/a	n/a	18199.433333
18317.866667	0.233333	9158933	coarse_label	Blocklist (Data break)	n/a	n/a	n/a	n/a	n/a	n/a	n/a	n/a	n/a	18317.866667
18318.100000	119.900000	9159050	coarse_label	Sleep/rest	n/a	n/a	n/a	n/a	n/a	n/a	n/a	n/a	n/a	18318.100000
18438.000000	0.100000	9219000	coarse_label	Blocklist (Data break)	n/a	n/a	n/a	n/a	n/a	n/a	n/a	n/a	n/a	18438.000000
18438.100000	119.600000	9219050	coarse_label	Sleep/rest	n/a	n/a	n/a	n/a	n/a	n/a	n/a	n/a	n/a	18438.100000
18557.700000	0.033333	9278850	coarse_label	Blocklist (Data break)	n/a	n/a	n/a	n/a	n/a	n/a	n/a	n/a	n/a	18557.700000
18557.733333	120.066667	9278867	coarse_label	Sleep/rest	n/a	n/a	n/a	n/a	n/a	n/a	n/a	n/a	n/a	18557.733333
18677.800000	0.066667	9338900	coarse_label	Blocklist (Data break)	n/a	n/a	n/a	n/a	n/a	n/a	n/a	n/a	n/a	18677.800000
18677.866667	119.966667	9338933	coarse_label	Sleep/rest	n/a	n/a	n/a	n/a	n/a	n/a	n/a	n/a	n/a	18677.866667
18797.833333	0.100000	9398917	coarse_label	Blocklist (Data break)	n/a	n/a	n/a	n/a	n/a	n/a	n/a	n/a	n/a	18797.833333
18797.933333	119.766667	9398967	coarse_label	Sleep/rest	n/a	n/a	n/a	n/a	n/a	n/a	n/a	n/a	n/a	18797.933333
18917.700000	0.200000	9458850	coarse_label	Blocklist (Data break)	n/a	n/a	n/a	n/a	n/a	n/a	n/a	n/a	n/a	18917.700000
18917.900000	121.466667	9458950	coarse_label	Sleep/rest	n/a	n/a	n/a	n/a	n/a	n/a	n/a	n/a	n/a	18917.900000
19039.366667	0.033333	9519683	coarse_label	Blocklist (Data break)	n/a	n/a	n/a	n/a	n/a	n/a	n/a	n/a	n/a	19039.366667
19039.400000	120.366667	9519700	coarse_label	Sleep/rest	n/a	n/a	n/a	n/a	n/a	n/a	n/a	n/a	n/a	19039.400000
19159.766667	0.066667	9579883	coarse_label	Blocklist (Data break)	n/a	n/a	n/a	n/a	n/a	n/a	n/a	n/a	n/a	19159.766667
19159.833333	118.233333	9579917	coarse_label	Sleep/rest	n/a	n/a	n/a	n/a	n/a	n/a	n/a	n/a	n/a	19159.833333
19278.066667	0.200000	9639033	coarse_label	Blocklist (Data break)	n/a	n/a	n/a	n/a	n/a	n/a	n/a	n/a	n/a	19278.066667
19278.266667	120.000000	9639133	coarse_label	Sleep/rest	n/a	n/a	n/a	n/a	n/a	n/a	n/a	n/a	n/a	19278.266667
19398.266667	0.066667	9699133	coarse_label	Blocklist (Data break)	n/a	n/a	n/a	n/a	n/a	n/a	n/a	n/a	n/a	19398.266667
19398.333333	119.566667	9699167	coarse_label	Sleep/rest	n/a	n/a	n/a	n/a	n/a	n/a	n/a	n/a	n/a	19398.333333
19517.900000	0.100000	9758950	coarse_label	Blocklist (Data break)	n/a	n/a	n/a	n/a	n/a	n/a	n/a	n/a	n/a	19517.900000
19518.000000	122.433333	9759000	coarse_label	Sleep/rest	n/a	n/a	n/a	n/a	n/a	n/a	n/a	n/a	n/a	19518.000000
19640.433333	0.200000	9820217	coarse_label	Blocklist (Data break)	n/a	n/a	n/a	n/a	n/a	n/a	n/a	n/a	n/a	19640.433333
19640.633333	124.766667	9820317	coarse_label	Sleep/rest	n/a	n/a	n/a	n/a	n/a	n/a	n/a	n/a	n/a	19640.633333
19765.400000	0.066667	9882700	coarse_label	Blocklist (Data break)	n/a	n/a	n/a	n/a	n/a	n/a	n/a	n/a	n/a	19765.400000
19765.466667	112.633333	9882733	coarse_label	Sleep/rest	n/a	n/a	n/a	n/a	n/a	n/a	n/a	n/a	n/a	19765.466667
19878.100000	0.133333	9939050	coarse_label	Blocklist (Data break)	n/a	n/a	n/a	n/a	n/a	n/a	n/a	n/a	n/a	19878.100000
19878.233333	121.266667	9939117	coarse_label	Sleep/rest	n/a	n/a	n/a	n/a	n/a	n/a	n/a	n/a	n/a	19878.233333
19999.500000	0.133333	9999750	coarse_label	Blocklist (Data break)	n/a	n/a	n/a	n/a	n/a	n/a	n/a	n/a	n/a	19999.500000
19999.633333	118.066667	9999817	coarse_label	Sleep/rest	n/a	n/a	n/a	n/a	n/a	n/a	n/a	n/a	n/a	19999.633333
20117.700000	0.133333	10058850	coarse_label	Blocklist (Data break)	n/a	n/a	n/a	n/a	n/a	n/a	n/a	n/a	n/a	20117.700000
20117.833333	119.666667	10058917	coarse_label	Sleep/rest	n/a	n/a	n/a	n/a	n/a	n/a	n/a	n/a	n/a	20117.833333
20237.500000	0.100000	10118750	coarse_label	Blocklist (Data break)	n/a	n/a	n/a	n/a	n/a	n/a	n/a	n/a	n/a	20237.500000
20237.600000	120.800000	10118800	coarse_label	Sleep/rest	n/a	n/a	n/a	n/a	n/a	n/a	n/a	n/a	n/a	20237.600000
20358.400000	0.133333	10179200	coarse_label	Blocklist (Data break)	n/a	n/a	n/a	n/a	n/a	n/a	n/a	n/a	n/a	20358.400000
20358.533333	119.433333	10179267	coarse_label	Sleep/rest	n/a	n/a	n/a	n/a	n/a	n/a	n/a	n/a	n/a	20358.533333
20477.966667	0.033333	10238983	coarse_label	Blocklist (Data break)	n/a	n/a	n/a	n/a	n/a	n/a	n/a	n/a	n/a	20477.966667
20478.000000	121.133333	10239000	coarse_label	Sleep/rest	n/a	n/a	n/a	n/a	n/a	n/a	n/a	n/a	n/a	20478.000000
20599.133333	0.166667	10299567	coarse_label	Blocklist (Data break)	n/a	n/a	n/a	n/a	n/a	n/a	n/a	n/a	n/a	20599.133333
20599.300000	119.500000	10299650	coarse_label	Sleep/rest	n/a	n/a	n/a	n/a	n/a	n/a	n/a	n/a	n/a	20599.300000
20718.800000	0.066667	10359400	coarse_label	Blocklist (Data break)	n/a	n/a	n/a	n/a	n/a	n/a	n/a	n/a	n/a	20718.800000
20718.866667	118.866667	10359433	coarse_label	Sleep/rest	n/a	n/a	n/a	n/a	n/a	n/a	n/a	n/a	n/a	20718.866667
20837.733333	0.100000	10418867	coarse_label	Blocklist (Data break)	n/a	n/a	n/a	n/a	n/a	n/a	n/a	n/a	n/a	20837.733333
20837.833333	123.033333	10418917	coarse_label	Sleep/rest	n/a	n/a	n/a	n/a	n/a	n/a	n/a	n/a	n/a	20837.833333
20960.866667	0.033333	10480433	coarse_label	Blocklist (Data break)	n/a	n/a	n/a	n/a	n/a	n/a	n/a	n/a	n/a	20960.866667
20960.900000	117.366667	10480450	coarse_label	Sleep/rest	n/a	n/a	n/a	n/a	n/a	n/a	n/a	n/a	n/a	20960.900000
21078.266667	0.133333	10539133	coarse_label	Blocklist (Data break)	n/a	n/a	n/a	n/a	n/a	n/a	n/a	n/a	n/a	21078.266667
21078.400000	119.033333	10539200	coarse_label	Sleep/rest	n/a	n/a	n/a	n/a	n/a	n/a	n/a	n/a	n/a	21078.400000
21197.433333	0.266667	10598717	coarse_label	Blocklist (Data break)	n/a	n/a	n/a	n/a	n/a	n/a	n/a	n/a	n/a	21197.433333
21197.700000	121.400000	10598850	coarse_label	Sleep/rest	n/a	n/a	n/a	n/a	n/a	n/a	n/a	n/a	n/a	21197.700000
21319.100000	0.066667	10659550	coarse_label	Blocklist (Data break)	n/a	n/a	n/a	n/a	n/a	n/a	n/a	n/a	n/a	21319.100000
21319.166667	121.733333	10659583	coarse_label	Sleep/rest	n/a	n/a	n/a	n/a	n/a	n/a	n/a	n/a	n/a	21319.166667
21440.900000	0.066667	10720450	coarse_label	Blocklist (Data break)	n/a	n/a	n/a	n/a	n/a	n/a	n/a	n/a	n/a	21440.900000
21440.966667	117.833333	10720483	coarse_label	Sleep/rest	n/a	n/a	n/a	n/a	n/a	n/a	n/a	n/a	n/a	21440.966667
21558.800000	0.066667	10779400	coarse_label	Blocklist (Data break)	n/a	n/a	n/a	n/a	n/a	n/a	n/a	n/a	n/a	21558.800000
21558.866667	118.733333	10779433	coarse_label	Sleep/rest	n/a	n/a	n/a	n/a	n/a	n/a	n/a	n/a	n/a	21558.866667
21677.600000	0.033333	10838800	coarse_label	Blocklist (Data break)	n/a	n/a	n/a	n/a	n/a	n/a	n/a	n/a	n/a	21677.600000
21677.633333	119.666667	10838817	coarse_label	Sleep/rest	n/a	n/a	n/a	n/a	n/a	n/a	n/a	n/a	n/a	21677.633333
21797.300000	0.200000	10898650	coarse_label	Blocklist (Data break)	n/a	n/a	n/a	n/a	n/a	n/a	n/a	n/a	n/a	21797.300000
21797.500000	120.566667	10898750	coarse_label	Sleep/rest	n/a	n/a	n/a	n/a	n/a	n/a	n/a	n/a	n/a	21797.500000
21918.066667	0.066667	10959033	coarse_label	Blocklist (Data break)	n/a	n/a	n/a	n/a	n/a	n/a	n/a	n/a	n/a	21918.066667
21918.133333	120.266667	10959067	coarse_label	Sleep/rest	n/a	n/a	n/a	n/a	n/a	n/a	n/a	n/a	n/a	21918.133333
22038.400000	0.033333	11019200	coarse_label	Blocklist (Data break)	n/a	n/a	n/a	n/a	n/a	n/a	n/a	n/a	n/a	22038.400000
22038.433333	119.500000	11019217	coarse_label	Sleep/rest	n/a	n/a	n/a	n/a	n/a	n/a	n/a	n/a	n/a	22038.433333
22157.933333	0.166667	11078967	coarse_label	Blocklist (Data break)	n/a	n/a	n/a	n/a	n/a	n/a	n/a	n/a	n/a	22157.933333
22158.100000	120.766667	11079050	coarse_label	Sleep/rest	n/a	n/a	n/a	n/a	n/a	n/a	n/a	n/a	n/a	22158.100000
22278.866667	0.233333	11139433	coarse_label	Blocklist (Data break)	n/a	n/a	n/a	n/a	n/a	n/a	n/a	n/a	n/a	22278.866667
22279.100000	118.966667	11139550	coarse_label	Sleep/rest	n/a	n/a	n/a	n/a	n/a	n/a	n/a	n/a	n/a	22279.100000
22398.066667	0.100000	11199033	coarse_label	Blocklist (Data break)	n/a	n/a	n/a	n/a	n/a	n/a	n/a	n/a	n/a	22398.066667
22398.166667	119.633333	11199083	coarse_label	Sleep/rest	n/a	n/a	n/a	n/a	n/a	n/a	n/a	n/a	n/a	22398.166667
22517.800000	0.033333	11258900	coarse_label	Blocklist (Data break)	n/a	n/a	n/a	n/a	n/a	n/a	n/a	n/a	n/a	22517.800000
22517.833333	120.800000	11258917	coarse_label	Sleep/rest	n/a	n/a	n/a	n/a	n/a	n/a	n/a	n/a	n/a	22517.833333
22638.633333	0.066667	11319317	coarse_label	Blocklist (Data break)	n/a	n/a	n/a	n/a	n/a	n/a	n/a	n/a	n/a	22638.633333
22638.700000	119.000000	11319350	coarse_label	Sleep/rest	n/a	n/a	n/a	n/a	n/a	n/a	n/a	n/a	n/a	22638.700000
22757.700000	0.066667	11378850	coarse_label	Blocklist (Data break)	n/a	n/a	n/a	n/a	n/a	n/a	n/a	n/a	n/a	22757.700000
22757.766667	120.333333	11378883	coarse_label	Sleep/rest	n/a	n/a	n/a	n/a	n/a	n/a	n/a	n/a	n/a	22757.766667
22772.384000	5.272000	11386192	nan_segment	n/a	n/a	n/a	n/a	n/a	n/a	n/a	n/a	n/a	n/a	n/a
22878.100000	0.266667	11439050	coarse_label	Blocklist (Data break)	n/a	n/a	n/a	n/a	n/a	n/a	n/a	n/a	n/a	22878.100000
22878.366667	123.533333	11439183	coarse_label	Sleep/rest	n/a	n/a	n/a	n/a	n/a	n/a	n/a	n/a	n/a	22878.366667
23001.900000	0.066667	11500950	coarse_label	Blocklist (Data break)	n/a	n/a	n/a	n/a	n/a	n/a	n/a	n/a	n/a	23001.900000
23001.966667	235.933333	11500983	coarse_label	Sleep/rest	n/a	n/a	n/a	n/a	n/a	n/a	n/a	n/a	n/a	23001.966667
23237.900000	0.133333	11618950	coarse_label	Blocklist (Data break)	n/a	n/a	n/a	n/a	n/a	n/a	n/a	n/a	n/a	23237.900000
23238.033333	120.533333	11619017	coarse_label	Sleep/rest	n/a	n/a	n/a	n/a	n/a	n/a	n/a	n/a	n/a	23238.033333
23358.566667	0.066667	11679283	coarse_label	Blocklist (Data break)	n/a	n/a	n/a	n/a	n/a	n/a	n/a	n/a	n/a	23358.566667
23358.633333	121.000000	11679317	coarse_label	Sleep/rest	n/a	n/a	n/a	n/a	n/a	n/a	n/a	n/a	n/a	23358.633333
23479.633333	0.166667	11739817	coarse_label	Blocklist (Data break)	n/a	n/a	n/a	n/a	n/a	n/a	n/a	n/a	n/a	23479.633333
23479.800000	118.633333	11739900	coarse_label	Sleep/rest	n/a	n/a	n/a	n/a	n/a	n/a	n/a	n/a	n/a	23479.800000
23598.433333	0.033333	11799217	coarse_label	Blocklist (Data break)	n/a	n/a	n/a	n/a	n/a	n/a	n/a	n/a	n/a	23598.433333
23598.466667	119.566667	11799233	coarse_label	Sleep/rest	n/a	n/a	n/a	n/a	n/a	n/a	n/a	n/a	n/a	23598.466667
23718.033333	0.033333	11859017	coarse_label	Blocklist (Data break)	n/a	n/a	n/a	n/a	n/a	n/a	n/a	n/a	n/a	23718.033333
23718.066667	120.200000	11859033	coarse_label	Sleep/rest	n/a	n/a	n/a	n/a	n/a	n/a	n/a	n/a	n/a	23718.066667
23838.266667	0.100000	11919133	coarse_label	Blocklist (Data break)	n/a	n/a	n/a	n/a	n/a	n/a	n/a	n/a	n/a	23838.266667
23838.366667	119.733333	11919183	coarse_label	Sleep/rest	n/a	n/a	n/a	n/a	n/a	n/a	n/a	n/a	n/a	23838.366667
23958.100000	0.166667	11979050	coarse_label	Blocklist (Data break)	n/a	n/a	n/a	n/a	n/a	n/a	n/a	n/a	n/a	23958.100000
23958.266667	119.966667	11979133	coarse_label	Sleep/rest	n/a	n/a	n/a	n/a	n/a	n/a	n/a	n/a	n/a	23958.266667
24078.233333	0.166667	12039117	coarse_label	Blocklist (Data break)	n/a	n/a	n/a	n/a	n/a	n/a	n/a	n/a	n/a	24078.233333
24078.400000	120.000000	12039200	coarse_label	Sleep/rest	n/a	n/a	n/a	n/a	n/a	n/a	n/a	n/a	n/a	24078.400000
24198.400000	0.066667	12099200	coarse_label	Blocklist (Data break)	n/a	n/a	n/a	n/a	n/a	n/a	n/a	n/a	n/a	24198.400000
24198.466667	120.466667	12099233	coarse_label	Sleep/rest	n/a	n/a	n/a	n/a	n/a	n/a	n/a	n/a	n/a	24198.466667
24318.933333	0.133333	12159467	coarse_label	Blocklist (Data break)	n/a	n/a	n/a	n/a	n/a	n/a	n/a	n/a	n/a	24318.933333
24319.066667	119.300000	12159533	coarse_label		n/a	n/a	n/a	n/a	n/a	n/a	n/a	n/a	n/a	24319.066667
24438.366667	0.066667	12219183	coarse_label	Blocklist (Data break)	n/a	n/a	n/a	n/a	n/a	n/a	n/a	n/a	n/a	24438.366667
24438.433333	118.866667	12219217	coarse_label		n/a	n/a	n/a	n/a	n/a	n/a	n/a	n/a	n/a	24438.433333
24557.300000	0.266667	12278650	coarse_label	Blocklist (Data break)	n/a	n/a	n/a	n/a	n/a	n/a	n/a	n/a	n/a	24557.300000
24557.566667	120.566667	12278783	coarse_label		n/a	n/a	n/a	n/a	n/a	n/a	n/a	n/a	n/a	24557.566667
24678.133333	0.133333	12339067	coarse_label	Blocklist (Data break)	n/a	n/a	n/a	n/a	n/a	n/a	n/a	n/a	n/a	24678.133333
24678.266667	119.400000	12339133	coarse_label		n/a	n/a	n/a	n/a	n/a	n/a	n/a	n/a	n/a	24678.266667
24797.666667	0.300000	12398833	coarse_label	Blocklist (Data break)	n/a	n/a	n/a	n/a	n/a	n/a	n/a	n/a	n/a	24797.666667
24797.966667	120.466667	12398983	coarse_label		n/a	n/a	n/a	n/a	n/a	n/a	n/a	n/a	n/a	24797.966667
24918.433333	0.066667	12459217	coarse_label	Blocklist (Data break)	n/a	n/a	n/a	n/a	n/a	n/a	n/a	n/a	n/a	24918.433333
24918.500000	119.200000	12459250	coarse_label		n/a	n/a	n/a	n/a	n/a	n/a	n/a	n/a	n/a	24918.500000
25028.172000	1.000000	12514086	reach_onset	n/a	r_wrist	70.519781	-58.534747	106.373051	0.342648	0.770862	0.633333	1.000000	25028.172000	25028.173000
25037.700000	0.033333	12518850	coarse_label	Blocklist (Data break)	n/a	n/a	n/a	n/a	n/a	n/a	n/a	n/a	n/a	25037.700000
25037.733333	120.433333	12518867	coarse_label		n/a	n/a	n/a	n/a	n/a	n/a	n/a	n/a	n/a	25037.733333
25158.166667	0.166667	12579083	coarse_label	Blocklist (Data break)	n/a	n/a	n/a	n/a	n/a	n/a	n/a	n/a	n/a	25158.166667
25158.333333	119.300000	12579167	coarse_label		n/a	n/a	n/a	n/a	n/a	n/a	n/a	n/a	n/a	25158.333333
25263.360000	2.500000	12631680	reach_onset	n/a	r_wrist	100.061500	144.552657	130.415902	0.357404	0.020469	0.000000	0.000000	25263.360000	25263.361000
25277.633333	0.100000	12638817	coarse_label	Blocklist (Data break)	n/a	n/a	n/a	n/a	n/a	n/a	n/a	n/a	n/a	25277.633333
25277.733333	120.600000	12638867	coarse_label		n/a	n/a	n/a	n/a	n/a	n/a	n/a	n/a	n/a	25277.733333
25398.333333	0.200000	12699167	coarse_label	Blocklist (Data break)	n/a	n/a	n/a	n/a	n/a	n/a	n/a	n/a	n/a	25398.333333
25398.533333	119.666667	12699267	coarse_label		n/a	n/a	n/a	n/a	n/a	n/a	n/a	n/a	n/a	25398.533333
25518.200000	0.233333	12759100	coarse_label	Blocklist (Data break)	n/a	n/a	n/a	n/a	n/a	n/a	n/a	n/a	n/a	25518.200000
25518.433333	119.066667	12759217	coarse_label		n/a	n/a	n/a	n/a	n/a	n/a	n/a	n/a	n/a	25518.433333
25637.500000	0.233333	12818750	coarse_label	Blocklist (Data break)	n/a	n/a	n/a	n/a	n/a	n/a	n/a	n/a	n/a	25637.500000
25637.733333	120.033333	12818867	coarse_label		n/a	n/a	n/a	n/a	n/a	n/a	n/a	n/a	n/a	25637.733333
25757.766667	0.133333	12878883	coarse_label	Blocklist (Data break)	n/a	n/a	n/a	n/a	n/a	n/a	n/a	n/a	n/a	25757.766667
25757.900000	128.900000	12878950	coarse_label		n/a	n/a	n/a	n/a	n/a	n/a	n/a	n/a	n/a	25757.900000
25886.800000	0.066667	12943400	coarse_label	Blocklist (Data break)	n/a	n/a	n/a	n/a	n/a	n/a	n/a	n/a	n/a	25886.800000
25886.866667	111.200000	12943433	coarse_label		n/a	n/a	n/a	n/a	n/a	n/a	n/a	n/a	n/a	25886.866667
25998.066667	0.133333	12999033	coarse_label	Blocklist (Data break)	n/a	n/a	n/a	n/a	n/a	n/a	n/a	n/a	n/a	25998.066667
25998.200000	119.300000	12999100	coarse_label		n/a	n/a	n/a	n/a	n/a	n/a	n/a	n/a	n/a	25998.200000
26117.500000	0.100000	13058750	coarse_label	Blocklist (Data break)	n/a	n/a	n/a	n/a	n/a	n/a	n/a	n/a	n/a	26117.500000
26117.600000	120.733333	13058800	coarse_label		n/a	n/a	n/a	n/a	n/a	n/a	n/a	n/a	n/a	26117.600000
26238.333333	0.166667	13119167	coarse_label	Blocklist (Data break)	n/a	n/a	n/a	n/a	n/a	n/a	n/a	n/a	n/a	26238.333333
26238.500000	118.866667	13119250	coarse_label		n/a	n/a	n/a	n/a	n/a	n/a	n/a	n/a	n/a	26238.500000
26357.366667	0.100000	13178683	coarse_label	Blocklist (Data break)	n/a	n/a	n/a	n/a	n/a	n/a	n/a	n/a	n/a	26357.366667
26357.466667	122.233333	13178733	coarse_label		n/a	n/a	n/a	n/a	n/a	n/a	n/a	n/a	n/a	26357.466667
26479.700000	0.200000	13239850	coarse_label	Blocklist (Data break)	n/a	n/a	n/a	n/a	n/a	n/a	n/a	n/a	n/a	26479.700000
26479.900000	117.666667	13239950	coarse_label		n/a	n/a	n/a	n/a	n/a	n/a	n/a	n/a	n/a	26479.900000
26597.566667	0.066667	13298783	coarse_label	Blocklist (Data break)	n/a	n/a	n/a	n/a	n/a	n/a	n/a	n/a	n/a	26597.566667
26597.633333	119.666667	13298817	coarse_label		n/a	n/a	n/a	n/a	n/a	n/a	n/a	n/a	n/a	26597.633333
26717.300000	0.166667	13358650	coarse_label	Blocklist (Data break)	n/a	n/a	n/a	n/a	n/a	n/a	n/a	n/a	n/a	26717.300000
26717.466667	120.266667	13358733	coarse_label		n/a	n/a	n/a	n/a	n/a	n/a	n/a	n/a	n/a	26717.466667
26837.733333	0.166667	13418867	coarse_label	Blocklist (Data break)	n/a	n/a	n/a	n/a	n/a	n/a	n/a	n/a	n/a	26837.733333
26837.900000	122.233333	13418950	coarse_label		n/a	n/a	n/a	n/a	n/a	n/a	n/a	n/a	n/a	26837.900000
26960.133333	0.133333	13480067	coarse_label	Blocklist (Data break)	n/a	n/a	n/a	n/a	n/a	n/a	n/a	n/a	n/a	26960.133333
26960.266667	135.400000	13480133	coarse_label		n/a	n/a	n/a	n/a	n/a	n/a	n/a	n/a	n/a	26960.266667
27095.666667	0.133333	13547833	coarse_label	Blocklist (Data break)	n/a	n/a	n/a	n/a	n/a	n/a	n/a	n/a	n/a	27095.666667
27095.800000	113.966667	13547900	coarse_label		n/a	n/a	n/a	n/a	n/a	n/a	n/a	n/a	n/a	27095.800000
27209.766667	0.133333	13604883	coarse_label	Blocklist (Data break)	n/a	n/a	n/a	n/a	n/a	n/a	n/a	n/a	n/a	27209.766667
27209.900000	111.033333	13604950	coarse_label		n/a	n/a	n/a	n/a	n/a	n/a	n/a	n/a	n/a	27209.900000
27320.933333	0.133333	13660467	coarse_label	Blocklist (Data break)	n/a	n/a	n/a	n/a	n/a	n/a	n/a	n/a	n/a	27320.933333
27321.066667	116.800000	13660533	coarse_label		n/a	n/a	n/a	n/a	n/a	n/a	n/a	n/a	n/a	27321.066667
27437.866667	0.100000	13718933	coarse_label	Blocklist (Data break)	n/a	n/a	n/a	n/a	n/a	n/a	n/a	n/a	n/a	27437.866667
27437.966667	119.600000	13718983	coarse_label		n/a	n/a	n/a	n/a	n/a	n/a	n/a	n/a	n/a	27437.966667
27557.566667	0.133333	13778783	coarse_label	Blocklist (Data break)	n/a	n/a	n/a	n/a	n/a	n/a	n/a	n/a	n/a	27557.566667
27557.700000	120.633333	13778850	coarse_label		n/a	n/a	n/a	n/a	n/a	n/a	n/a	n/a	n/a	27557.700000
27678.333333	0.166667	13839167	coarse_label	Blocklist (Data break)	n/a	n/a	n/a	n/a	n/a	n/a	n/a	n/a	n/a	27678.333333
27678.500000	119.800000	13839250	coarse_label		n/a	n/a	n/a	n/a	n/a	n/a	n/a	n/a	n/a	27678.500000
27798.300000	0.100000	13899150	coarse_label	Blocklist (Data break)	n/a	n/a	n/a	n/a	n/a	n/a	n/a	n/a	n/a	27798.300000
27798.400000	119.133333	13899200	coarse_label		n/a	n/a	n/a	n/a	n/a	n/a	n/a	n/a	n/a	27798.400000
27917.533333	0.133333	13958767	coarse_label	Blocklist (Data break)	n/a	n/a	n/a	n/a	n/a	n/a	n/a	n/a	n/a	27917.533333
27917.666667	120.500000	13958833	coarse_label		n/a	n/a	n/a	n/a	n/a	n/a	n/a	n/a	n/a	27917.666667
28038.166667	0.100000	14019083	coarse_label	Blocklist (Data break)	n/a	n/a	n/a	n/a	n/a	n/a	n/a	n/a	n/a	28038.166667
28038.266667	119.800000	14019133	coarse_label		n/a	n/a	n/a	n/a	n/a	n/a	n/a	n/a	n/a	28038.266667
28158.066667	0.166667	14079033	coarse_label	Blocklist (Data break)	n/a	n/a	n/a	n/a	n/a	n/a	n/a	n/a	n/a	28158.066667
28158.233333	119.833333	14079117	coarse_label		n/a	n/a	n/a	n/a	n/a	n/a	n/a	n/a	n/a	28158.233333
28236.050000	1.033333	14118025	reach_onset	n/a	r_wrist	90.800375	163.470960	171.357964	0.310859	0.102450	0.700000	1.000000	28236.050000	28236.050000
28278.066667	0.266667	14139033	coarse_label	Blocklist (Data break)	n/a	n/a	n/a	n/a	n/a	n/a	n/a	n/a	n/a	28278.066667
28278.333333	6.900000	14139167	coarse_label		n/a	n/a	n/a	n/a	n/a	n/a	n/a	n/a	n/a	28278.333333
28283.318000	39.346000	14141659	nan_segment	n/a	n/a	n/a	n/a	n/a	n/a	n/a	n/a	n/a	n/a	n/a
28285.233333	34.966667	14142617	coarse_label	Blocklist (Data break)	n/a	n/a	n/a	n/a	n/a	n/a	n/a	n/a	n/a	28285.233333
28320.200000	36.466667	14160100	coarse_label		n/a	n/a	n/a	n/a	n/a	n/a	n/a	n/a	n/a	28320.200000
28354.696000	90.574000	14177348	nan_segment	n/a	n/a	n/a	n/a	n/a	n/a	n/a	n/a	n/a	n/a	n/a
28356.666667	100.366667	14178333	coarse_label	Blocklist (Data break)	n/a	n/a	n/a	n/a	n/a	n/a	n/a	n/a	n/a	28356.666667
28457.033333	122.333333	14228517	coarse_label		n/a	n/a	n/a	n/a	n/a	n/a	n/a	n/a	n/a	28457.033333
28480.140000	57.246000	14240070	nan_segment	n/a	n/a	n/a	n/a	n/a	n/a	n/a	n/a	n/a	n/a	n/a
28538.138000	4.014000	14269069	nan_segment	n/a	n/a	n/a	n/a	n/a	n/a	n/a	n/a	n/a	n/a	n/a
28579.366667	0.166667	14289683	coarse_label	Blocklist (Data break)	n/a	n/a	n/a	n/a	n/a	n/a	n/a	n/a	n/a	28579.366667
28579.533333	118.233333	14289767	coarse_label		n/a	n/a	n/a	n/a	n/a	n/a	n/a	n/a	n/a	28579.533333
28697.766667	0.066667	14348883	coarse_label	Blocklist (Data break)	n/a	n/a	n/a	n/a	n/a	n/a	n/a	n/a	n/a	28697.766667
28697.833333	119.166667	14348917	coarse_label		n/a	n/a	n/a	n/a	n/a	n/a	n/a	n/a	n/a	28697.833333
28817.000000	0.200000	14408500	coarse_label	Blocklist (Data break)	n/a	n/a	n/a	n/a	n/a	n/a	n/a	n/a	n/a	28817.000000
28817.200000	120.000000	14408600	coarse_label		n/a	n/a	n/a	n/a	n/a	n/a	n/a	n/a	n/a	28817.200000
28937.200000	0.266667	14468600	coarse_label	Blocklist (Data break)	n/a	n/a	n/a	n/a	n/a	n/a	n/a	n/a	n/a	28937.200000
28937.466667	119.300000	14468733	coarse_label		n/a	n/a	n/a	n/a	n/a	n/a	n/a	n/a	n/a	28937.466667
29056.766667	0.100000	14528383	coarse_label	Blocklist (Data break)	n/a	n/a	n/a	n/a	n/a	n/a	n/a	n/a	n/a	29056.766667
29056.866667	120.566667	14528433	coarse_label		n/a	n/a	n/a	n/a	n/a	n/a	n/a	n/a	n/a	29056.866667
29174.182000	0.766667	14587091	reach_onset	n/a	r_wrist	123.922074	-62.368590	110.837469	0.313178	0.218917	0.766667	1.000000	29174.182000	29174.183000
29177.433333	0.266667	14588717	coarse_label	Blocklist (Data break)	n/a	n/a	n/a	n/a	n/a	n/a	n/a	n/a	n/a	29177.433333
29177.700000	119.800000	14588850	coarse_label		n/a	n/a	n/a	n/a	n/a	n/a	n/a	n/a	n/a	29177.700000
29199.418000	1.566667	14599709	reach_onset	n/a	r_wrist	129.101392	-163.613013	101.876171	0.315182	0.197843	1.300000	1.000000	29199.418000	29199.418000
29297.500000	0.100000	14648750	coarse_label	Blocklist (Data break)	n/a	n/a	n/a	n/a	n/a	n/a	n/a	n/a	n/a	29297.500000
29297.600000	119.266667	14648800	coarse_label		n/a	n/a	n/a	n/a	n/a	n/a	n/a	n/a	n/a	29297.600000
29311.306000	1.033333	14655653	reach_onset	n/a	r_wrist	68.739294	-109.706401	96.164588	0.302125	0.065193	0.533333	1.000000	29311.306000	29311.305000
29416.866667	0.100000	14708433	coarse_label	Blocklist (Data break)	n/a	n/a	n/a	n/a	n/a	n/a	n/a	n/a	n/a	29416.866667
29416.966667	121.733333	14708483	coarse_label		n/a	n/a	n/a	n/a	n/a	n/a	n/a	n/a	n/a	29416.966667
29521.924000	1.433333	14760962	reach_onset	n/a	r_wrist	77.147072	-61.520554	97.857547	0.134510	0.371508	1.433333	1.000000	29521.924000	29521.924000
29538.700000	0.166667	14769350	coarse_label	Blocklist (Data break)	n/a	n/a	n/a	n/a	n/a	n/a	n/a	n/a	n/a	29538.700000
29538.866667	118.900000	14769433	coarse_label		n/a	n/a	n/a	n/a	n/a	n/a	n/a	n/a	n/a	29538.866667
29657.766667	0.133333	14828883	coarse_label	Blocklist (Data break)	n/a	n/a	n/a	n/a	n/a	n/a	n/a	n/a	n/a	29657.766667
29657.900000	120.500000	14828950	coarse_label		n/a	n/a	n/a	n/a	n/a	n/a	n/a	n/a	n/a	29657.900000
29671.064000	1.433333	14835532	reach_onset	n/a	r_wrist	75.433778	-4.152147	203.250895	0.199453	0.122292	0.766667	1.000000	29671.064000	29671.065000
29778.400000	0.100000	14889200	coarse_label	Blocklist (Data break)	n/a	n/a	n/a	n/a	n/a	n/a	n/a	n/a	n/a	29778.400000
29778.500000	118.433333	14889250	coarse_label		n/a	n/a	n/a	n/a	n/a	n/a	n/a	n/a	n/a	29778.500000
29896.933333	0.100000	14948467	coarse_label	Blocklist (Data break)	n/a	n/a	n/a	n/a	n/a	n/a	n/a	n/a	n/a	29896.933333
29897.033333	120.300000	14948517	coarse_label		n/a	n/a	n/a	n/a	n/a	n/a	n/a	n/a	n/a	29897.033333
30017.333333	0.200000	15008667	coarse_label	Blocklist (Data break)	n/a	n/a	n/a	n/a	n/a	n/a	n/a	n/a	n/a	30017.333333
30017.533333	119.400000	15008767	coarse_label		n/a	n/a	n/a	n/a	n/a	n/a	n/a	n/a	n/a	30017.533333
30136.933333	0.133333	15068467	coarse_label	Blocklist (Data break)	n/a	n/a	n/a	n/a	n/a	n/a	n/a	n/a	n/a	30136.933333
30137.066667	119.700000	15068533	coarse_label		n/a	n/a	n/a	n/a	n/a	n/a	n/a	n/a	n/a	30137.066667
30256.766667	0.100000	15128383	coarse_label	Blocklist (Data break)	n/a	n/a	n/a	n/a	n/a	n/a	n/a	n/a	n/a	30256.766667
30256.866667	121.666667	15128433	coarse_label		n/a	n/a	n/a	n/a	n/a	n/a	n/a	n/a	n/a	30256.866667
30358.754000	1.100000	15179377	reach_onset	n/a	r_wrist	119.831994	138.309357	123.580751	0.159185	0.111850	0.466667	1.000000	30358.754000	30358.755000
30378.533333	0.166667	15189267	coarse_label	Blocklist (Data break)	n/a	n/a	n/a	n/a	n/a	n/a	n/a	n/a	n/a	30378.533333
30378.700000	120.100000	15189350	coarse_label		n/a	n/a	n/a	n/a	n/a	n/a	n/a	n/a	n/a	30378.700000
30498.800000	0.133333	15249400	coarse_label	Blocklist (Data break)	n/a	n/a	n/a	n/a	n/a	n/a	n/a	n/a	n/a	30498.800000
30498.933333	119.633333	15249467	coarse_label		n/a	n/a	n/a	n/a	n/a	n/a	n/a	n/a	n/a	30498.933333
30618.566667	0.066667	15309283	coarse_label	Blocklist (Data break)	n/a	n/a	n/a	n/a	n/a	n/a	n/a	n/a	n/a	30618.566667
30618.633333	118.900000	15309317	coarse_label		n/a	n/a	n/a	n/a	n/a	n/a	n/a	n/a	n/a	30618.633333
30737.533333	0.133333	15368767	coarse_label	Blocklist (Data break)	n/a	n/a	n/a	n/a	n/a	n/a	n/a	n/a	n/a	30737.533333
30737.666667	121.433333	15368833	coarse_label		n/a	n/a	n/a	n/a	n/a	n/a	n/a	n/a	n/a	30737.666667
30859.100000	0.166667	15429550	coarse_label	Blocklist (Data break)	n/a	n/a	n/a	n/a	n/a	n/a	n/a	n/a	n/a	30859.100000
30859.266667	118.100000	15429633	coarse_label		n/a	n/a	n/a	n/a	n/a	n/a	n/a	n/a	n/a	30859.266667
30977.366667	0.166667	15488683	coarse_label	Blocklist (Data break)	n/a	n/a	n/a	n/a	n/a	n/a	n/a	n/a	n/a	30977.366667
30977.533333	120.266667	15488767	coarse_label		n/a	n/a	n/a	n/a	n/a	n/a	n/a	n/a	n/a	30977.533333
30992.088000	3.998000	15496044	nan_segment	n/a	n/a	n/a	n/a	n/a	n/a	n/a	n/a	n/a	n/a	n/a
31041.382000	3.998000	15520691	nan_segment	n/a	n/a	n/a	n/a	n/a	n/a	n/a	n/a	n/a	n/a	n/a
31097.800000	0.166667	15548900	coarse_label	Blocklist (Data break)	n/a	n/a	n/a	n/a	n/a	n/a	n/a	n/a	n/a	31097.800000
31097.966667	118.800000	15548983	coarse_label		n/a	n/a	n/a	n/a	n/a	n/a	n/a	n/a	n/a	31097.966667
31216.766667	0.166667	15608383	coarse_label	Blocklist (Data break)	n/a	n/a	n/a	n/a	n/a	n/a	n/a	n/a	n/a	31216.766667
31216.933333	120.733333	15608467	coarse_label		n/a	n/a	n/a	n/a	n/a	n/a	n/a	n/a	n/a	31216.933333
31282.900000	1.966667	15641450	reach_onset	n/a	r_wrist	70.870472	-175.970757	127.403443	0.156808	0.294075	1.533333	1.000000	31282.900000	31282.900000
31337.666667	0.133333	15668833	coarse_label	Blocklist (Data break)	n/a	n/a	n/a	n/a	n/a	n/a	n/a	n/a	n/a	31337.666667
31337.800000	119.733333	15668900	coarse_label		n/a	n/a	n/a	n/a	n/a	n/a	n/a	n/a	n/a	31337.800000
31457.533333	0.133333	15728767	coarse_label	Blocklist (Data break)	n/a	n/a	n/a	n/a	n/a	n/a	n/a	n/a	n/a	31457.533333
31457.666667	119.666667	15728833	coarse_label		n/a	n/a	n/a	n/a	n/a	n/a	n/a	n/a	n/a	31457.666667
31577.333333	0.233333	15788667	coarse_label	Blocklist (Data break)	n/a	n/a	n/a	n/a	n/a	n/a	n/a	n/a	n/a	31577.333333
31577.566667	120.133333	15788783	coarse_label		n/a	n/a	n/a	n/a	n/a	n/a	n/a	n/a	n/a	31577.566667
31697.700000	0.200000	15848850	coarse_label	Blocklist (Data break)	n/a	n/a	n/a	n/a	n/a	n/a	n/a	n/a	n/a	31697.700000
31697.900000	119.033333	15848950	coarse_label		n/a	n/a	n/a	n/a	n/a	n/a	n/a	n/a	n/a	31697.900000
31816.933333	0.133333	15908467	coarse_label	Blocklist (Data break)	n/a	n/a	n/a	n/a	n/a	n/a	n/a	n/a	n/a	31816.933333
31817.066667	120.333333	15908533	coarse_label		n/a	n/a	n/a	n/a	n/a	n/a	n/a	n/a	n/a	31817.066667
31937.400000	0.233333	15968700	coarse_label	Blocklist (Data break)	n/a	n/a	n/a	n/a	n/a	n/a	n/a	n/a	n/a	31937.400000
31937.633333	119.266667	15968817	coarse_label		n/a	n/a	n/a	n/a	n/a	n/a	n/a	n/a	n/a	31937.633333
32056.900000	0.233333	16028450	coarse_label	Blocklist (Data break)	n/a	n/a	n/a	n/a	n/a	n/a	n/a	n/a	n/a	32056.900000
32057.133333	119.833333	16028567	coarse_label		n/a	n/a	n/a	n/a	n/a	n/a	n/a	n/a	n/a	32057.133333
32176.966667	0.233333	16088483	coarse_label	Blocklist (Data break)	n/a	n/a	n/a	n/a	n/a	n/a	n/a	n/a	n/a	32176.966667
32177.200000	120.333333	16088600	coarse_label		n/a	n/a	n/a	n/a	n/a	n/a	n/a	n/a	n/a	32177.200000
32297.533333	0.166667	16148767	coarse_label	Blocklist (Data break)	n/a	n/a	n/a	n/a	n/a	n/a	n/a	n/a	n/a	32297.533333
32297.700000	122.133333	16148850	coarse_label		n/a	n/a	n/a	n/a	n/a	n/a	n/a	n/a	n/a	32297.700000
32419.833333	0.133333	16209917	coarse_label	Blocklist (Data break)	n/a	n/a	n/a	n/a	n/a	n/a	n/a	n/a	n/a	32419.833333
32419.966667	117.733333	16209983	coarse_label		n/a	n/a	n/a	n/a	n/a	n/a	n/a	n/a	n/a	32419.966667
32537.700000	0.200000	16268850	coarse_label	Blocklist (Data break)	n/a	n/a	n/a	n/a	n/a	n/a	n/a	n/a	n/a	32537.700000
32537.900000	121.566667	16268950	coarse_label		n/a	n/a	n/a	n/a	n/a	n/a	n/a	n/a	n/a	32537.900000
32619.250000	0.933333	16309625	reach_onset	n/a	r_wrist	62.459399	-84.951239	118.941276	0.447043	0.065928	0.266667	1.000000	32619.250000	32619.250000
32659.466667	0.133333	16329733	coarse_label	Blocklist (Data break)	n/a	n/a	n/a	n/a	n/a	n/a	n/a	n/a	n/a	32659.466667
32659.600000	117.300000	16329800	coarse_label		n/a	n/a	n/a	n/a	n/a	n/a	n/a	n/a	n/a	32659.600000
32694.470000	2.466667	16347235	reach_onset	n/a	r_wrist	174.702206	-92.235274	196.253561	0.335935	0.220464	2.466667	1.000000	32694.470000	32694.471000
32776.900000	0.100000	16388450	coarse_label	Blocklist (Data break)	n/a	n/a	n/a	n/a	n/a	n/a	n/a	n/a	n/a	32776.900000
32777.000000	119.933333	16388500	coarse_label		n/a	n/a	n/a	n/a	n/a	n/a	n/a	n/a	n/a	32777.000000
32896.933333	0.266667	16448467	coarse_label	Blocklist (Data break)	n/a	n/a	n/a	n/a	n/a	n/a	n/a	n/a	n/a	32896.933333
32897.200000	121.600000	16448600	coarse_label		n/a	n/a	n/a	n/a	n/a	n/a	n/a	n/a	n/a	32897.200000
33018.800000	0.066667	16509400	coarse_label	Blocklist (Data break)	n/a	n/a	n/a	n/a	n/a	n/a	n/a	n/a	n/a	33018.800000
33018.866667	120.466667	16509433	coarse_label		n/a	n/a	n/a	n/a	n/a	n/a	n/a	n/a	n/a	33018.866667
33139.333333	0.166667	16569667	coarse_label	Blocklist (Data break)	n/a	n/a	n/a	n/a	n/a	n/a	n/a	n/a	n/a	33139.333333
33139.500000	117.766667	16569750	coarse_label		n/a	n/a	n/a	n/a	n/a	n/a	n/a	n/a	n/a	33139.500000
33257.266667	0.066667	16628633	coarse_label	Blocklist (Data break)	n/a	n/a	n/a	n/a	n/a	n/a	n/a	n/a	n/a	33257.266667
33257.333333	119.766667	16628667	coarse_label		n/a	n/a	n/a	n/a	n/a	n/a	n/a	n/a	n/a	33257.333333
33377.100000	0.100000	16688550	coarse_label	Blocklist (Data break)	n/a	n/a	n/a	n/a	n/a	n/a	n/a	n/a	n/a	33377.100000
33377.200000	120.800000	16688600	coarse_label		n/a	n/a	n/a	n/a	n/a	n/a	n/a	n/a	n/a	33377.200000
33498.000000	0.133333	16749000	coarse_label	Blocklist (Data break)	n/a	n/a	n/a	n/a	n/a	n/a	n/a	n/a	n/a	33498.000000
33498.133333	118.700000	16749067	coarse_label		n/a	n/a	n/a	n/a	n/a	n/a	n/a	n/a	n/a	33498.133333
33616.833333	0.233333	16808417	coarse_label	Blocklist (Data break)	n/a	n/a	n/a	n/a	n/a	n/a	n/a	n/a	n/a	33616.833333
33617.066667	121.466667	16808533	coarse_label		n/a	n/a	n/a	n/a	n/a	n/a	n/a	n/a	n/a	33617.066667
33738.533333	0.033333	16869267	coarse_label	Blocklist (Data break)	n/a	n/a	n/a	n/a	n/a	n/a	n/a	n/a	n/a	33738.533333
33738.566667	119.633333	16869283	coarse_label		n/a	n/a	n/a	n/a	n/a	n/a	n/a	n/a	n/a	33738.566667
33858.200000	0.166667	16929100	coarse_label	Blocklist (Data break)	n/a	n/a	n/a	n/a	n/a	n/a	n/a	n/a	n/a	33858.200000
33858.366667	118.533333	16929183	coarse_label		n/a	n/a	n/a	n/a	n/a	n/a	n/a	n/a	n/a	33858.366667
33976.900000	0.166667	16988450	coarse_label	Blocklist (Data break)	n/a	n/a	n/a	n/a	n/a	n/a	n/a	n/a	n/a	33976.900000
33977.066667	121.666667	16988533	coarse_label		n/a	n/a	n/a	n/a	n/a	n/a	n/a	n/a	n/a	33977.066667
33979.606000	0.800000	16989803	reach_onset	n/a	r_wrist	125.415348	-176.788058	94.097038	0.329810	0.053810	0.366667	1.000000	33979.606000	33979.606000
34032.006000	0.700000	17016003	reach_onset	n/a	r_wrist	101.587519	-91.774097	189.105769	0.297523	0.151105	0.666667	1.000000	34032.006000	34032.006000
34098.733333	0.066667	17049367	coarse_label	Blocklist (Data break)	n/a	n/a	n/a	n/a	n/a	n/a	n/a	n/a	n/a	34098.733333
34098.800000	118.266667	17049400	coarse_label		n/a	n/a	n/a	n/a	n/a	n/a	n/a	n/a	n/a	34098.800000
34217.066667	0.200000	17108533	coarse_label	Blocklist (Data break)	n/a	n/a	n/a	n/a	n/a	n/a	n/a	n/a	n/a	34217.066667
34217.266667	120.266667	17108633	coarse_label		n/a	n/a	n/a	n/a	n/a	n/a	n/a	n/a	n/a	34217.266667
34337.533333	0.200000	17168767	coarse_label	Blocklist (Data break)	n/a	n/a	n/a	n/a	n/a	n/a	n/a	n/a	n/a	34337.533333
34337.733333	120.900000	17168867	coarse_label		n/a	n/a	n/a	n/a	n/a	n/a	n/a	n/a	n/a	34337.733333
34458.633333	0.066667	17229317	coarse_label	Blocklist (Data break)	n/a	n/a	n/a	n/a	n/a	n/a	n/a	n/a	n/a	34458.633333
34458.700000	119.933333	17229350	coarse_label		n/a	n/a	n/a	n/a	n/a	n/a	n/a	n/a	n/a	34458.700000
34578.633333	0.066667	17289317	coarse_label	Blocklist (Data break)	n/a	n/a	n/a	n/a	n/a	n/a	n/a	n/a	n/a	34578.633333
34578.700000	119.333333	17289350	coarse_label	Blocklist (Camera move/zoom)	n/a	n/a	n/a	n/a	n/a	n/a	n/a	n/a	n/a	34578.700000
34698.033333	0.266667	17349017	coarse_label	Blocklist (Data break)	n/a	n/a	n/a	n/a	n/a	n/a	n/a	n/a	n/a	34698.033333
34698.300000	118.300000	17349150	coarse_label		n/a	n/a	n/a	n/a	n/a	n/a	n/a	n/a	n/a	34698.300000
34816.600000	0.133333	17408300	coarse_label	Blocklist (Data break)	n/a	n/a	n/a	n/a	n/a	n/a	n/a	n/a	n/a	34816.600000
34816.733333	121.900000	17408367	coarse_label		n/a	n/a	n/a	n/a	n/a	n/a	n/a	n/a	n/a	34816.733333
34850.844000	0.933333	17425422	reach_onset	n/a	r_wrist	38.677089	104.646070	108.072209	0.117734	0.447579	0.833333	1.000000	34850.844000	34850.843000
34938.633333	0.166667	17469317	coarse_label	Blocklist (Data break)	n/a	n/a	n/a	n/a	n/a	n/a	n/a	n/a	n/a	34938.633333
34938.800000	119.000000	17469400	coarse_label		n/a	n/a	n/a	n/a	n/a	n/a	n/a	n/a	n/a	34938.800000
35057.800000	0.133333	17528900	coarse_label	Blocklist (Data break)	n/a	n/a	n/a	n/a	n/a	n/a	n/a	n/a	n/a	35057.800000
35057.933333	120.133333	17528967	coarse_label		n/a	n/a	n/a	n/a	n/a	n/a	n/a	n/a	n/a	35057.933333
35178.066667	0.133333	17589033	coarse_label	Blocklist (Data break)	n/a	n/a	n/a	n/a	n/a	n/a	n/a	n/a	n/a	35178.066667
35178.200000	119.666667	17589100	coarse_label		n/a	n/a	n/a	n/a	n/a	n/a	n/a	n/a	n/a	35178.200000
35297.866667	0.233333	17648933	coarse_label	Blocklist (Data break)	n/a	n/a	n/a	n/a	n/a	n/a	n/a	n/a	n/a	35297.866667
35298.100000	120.633333	17649050	coarse_label		n/a	n/a	n/a	n/a	n/a	n/a	n/a	n/a	n/a	35298.100000
35418.733333	0.133333	17709367	coarse_label	Blocklist (Data break)	n/a	n/a	n/a	n/a	n/a	n/a	n/a	n/a	n/a	35418.733333
35418.866667	121.000000	17709433	coarse_label		n/a	n/a	n/a	n/a	n/a	n/a	n/a	n/a	n/a	35418.866667
35539.866667	0.100000	17769933	coarse_label	Blocklist (Data break)	n/a	n/a	n/a	n/a	n/a	n/a	n/a	n/a	n/a	35539.866667
35539.966667	118.533333	17769983	coarse_label		n/a	n/a	n/a	n/a	n/a	n/a	n/a	n/a	n/a	35539.966667
35658.500000	0.266667	17829250	coarse_label	Blocklist (Data break)	n/a	n/a	n/a	n/a	n/a	n/a	n/a	n/a	n/a	35658.500000
35658.766667	118.666667	17829383	coarse_label		n/a	n/a	n/a	n/a	n/a	n/a	n/a	n/a	n/a	35658.766667
35777.433333	0.100000	17888717	coarse_label	Blocklist (Data break)	n/a	n/a	n/a	n/a	n/a	n/a	n/a	n/a	n/a	35777.433333
35777.533333	119.100000	17888767	coarse_label		n/a	n/a	n/a	n/a	n/a	n/a	n/a	n/a	n/a	35777.533333
35896.633333	0.166667	17948317	coarse_label	Blocklist (Data break)	n/a	n/a	n/a	n/a	n/a	n/a	n/a	n/a	n/a	35896.633333
35896.800000	124.333333	17948400	coarse_label		n/a	n/a	n/a	n/a	n/a	n/a	n/a	n/a	n/a	35896.800000
36021.133333	0.133333	18010567	coarse_label	Blocklist (Data break)	n/a	n/a	n/a	n/a	n/a	n/a	n/a	n/a	n/a	36021.133333
36021.266667	115.966667	18010633	coarse_label		n/a	n/a	n/a	n/a	n/a	n/a	n/a	n/a	n/a	36021.266667
36098.144000	1.833333	18049072	reach_onset	n/a	r_wrist	93.483982	179.795000	106.503796	0.197821	0.039933	0.000000	0.000000	36098.144000	36098.144000
36137.233333	0.066667	18068617	coarse_label	Blocklist (Data break)	n/a	n/a	n/a	n/a	n/a	n/a	n/a	n/a	n/a	36137.233333
36137.300000	119.466667	18068650	coarse_label		n/a	n/a	n/a	n/a	n/a	n/a	n/a	n/a	n/a	36137.300000
36138.694000	0.800000	18069347	reach_onset	n/a	r_wrist	63.355541	-120.881069	142.662312	0.277159	0.500000	0.433333	1.000000	36138.694000	36138.694000
36171.760000	0.733333	18085880	reach_onset	n/a	r_wrist	72.036760	-169.293490	139.304451	0.234626	0.070048	0.233333	1.000000	36171.760000	36171.761000
36182.728000	1.066667	18091364	reach_onset	n/a	r_wrist	76.126350	174.021752	169.150420	0.198862	0.022457	0.000000	0.000000	36182.728000	36182.727000
36224.494000	1.900000	18112247	reach_onset	n/a	r_wrist	124.484683	-84.261197	93.786349	0.132764	0.101092	1.466667	1.000000	36224.494000	36224.494000
36256.766667	0.200000	18128383	coarse_label	Blocklist (Data break)	n/a	n/a	n/a	n/a	n/a	n/a	n/a	n/a	n/a	36256.766667
36256.966667	120.700000	18128483	coarse_label		n/a	n/a	n/a	n/a	n/a	n/a	n/a	n/a	n/a	36256.966667
36377.666667	0.133333	18188833	coarse_label	Blocklist (Data break)	n/a	n/a	n/a	n/a	n/a	n/a	n/a	n/a	n/a	36377.666667
36377.800000	120.133333	18188900	coarse_label		n/a	n/a	n/a	n/a	n/a	n/a	n/a	n/a	n/a	36377.800000
36441.982000	1.900000	18220991	reach_onset	n/a	r_wrist	55.863385	150.604063	146.234233	0.164319	0.379582	1.466667	1.000000	36441.982000	36441.983000
36497.933333	0.133333	18248967	coarse_label	Blocklist (Data break)	n/a	n/a	n/a	n/a	n/a	n/a	n/a	n/a	n/a	36497.933333
36498.066667	119.833333	18249033	coarse_label		n/a	n/a	n/a	n/a	n/a	n/a	n/a	n/a	n/a	36498.066667
36617.900000	0.266667	18308950	coarse_label	Blocklist (Data break)	n/a	n/a	n/a	n/a	n/a	n/a	n/a	n/a	n/a	36617.900000
36618.166667	119.700000	18309083	coarse_label		n/a	n/a	n/a	n/a	n/a	n/a	n/a	n/a	n/a	36618.166667
36623.554000	1.633333	18311777	reach_onset	n/a	r_wrist	80.786511	140.669414	135.844361	0.175951	0.052100	0.000000	0.000000	36623.554000	36623.555000
36648.954000	1.100000	18324477	reach_onset	n/a	r_wrist	66.210383	114.114037	115.505560	0.194554	0.047017	0.066667	0.000000	36648.954000	36648.955000
36737.866667	0.100000	18368933	coarse_label	Blocklist (Data break)	n/a	n/a	n/a	n/a	n/a	n/a	n/a	n/a	n/a	36737.866667
36737.966667	118.600000	18368983	coarse_label		n/a	n/a	n/a	n/a	n/a	n/a	n/a	n/a	n/a	36737.966667
36856.566667	0.100000	18428283	coarse_label	Blocklist (Data break)	n/a	n/a	n/a	n/a	n/a	n/a	n/a	n/a	n/a	36856.566667
36856.666667	120.733333	18428333	coarse_label		n/a	n/a	n/a	n/a	n/a	n/a	n/a	n/a	n/a	36856.666667
36977.400000	0.300000	18488700	coarse_label	Blocklist (Data break)	n/a	n/a	n/a	n/a	n/a	n/a	n/a	n/a	n/a	36977.400000
36977.700000	118.933333	18488850	coarse_label		n/a	n/a	n/a	n/a	n/a	n/a	n/a	n/a	n/a	36977.700000
37096.633333	0.166667	18548317	coarse_label	Blocklist (Data break)	n/a	n/a	n/a	n/a	n/a	n/a	n/a	n/a	n/a	37096.633333
37096.800000	121.833333	18548400	coarse_label		n/a	n/a	n/a	n/a	n/a	n/a	n/a	n/a	n/a	37096.800000
37218.633333	0.066667	18609317	coarse_label	Blocklist (Data break)	n/a	n/a	n/a	n/a	n/a	n/a	n/a	n/a	n/a	37218.633333
37218.700000	117.900000	18609350	coarse_label		n/a	n/a	n/a	n/a	n/a	n/a	n/a	n/a	n/a	37218.700000
37336.600000	0.166667	18668300	coarse_label	Blocklist (Data break)	n/a	n/a	n/a	n/a	n/a	n/a	n/a	n/a	n/a	37336.600000
37336.766667	120.733333	18668383	coarse_label		n/a	n/a	n/a	n/a	n/a	n/a	n/a	n/a	n/a	37336.766667
37457.500000	0.166667	18728750	coarse_label	Blocklist (Data break)	n/a	n/a	n/a	n/a	n/a	n/a	n/a	n/a	n/a	37457.500000
37457.666667	119.900000	18728833	coarse_label		n/a	n/a	n/a	n/a	n/a	n/a	n/a	n/a	n/a	37457.666667
37577.566667	0.133333	18788783	coarse_label	Blocklist (Data break)	n/a	n/a	n/a	n/a	n/a	n/a	n/a	n/a	n/a	37577.566667
37577.700000	119.166667	18788850	coarse_label		n/a	n/a	n/a	n/a	n/a	n/a	n/a	n/a	n/a	37577.700000
37668.818000	1.166667	18834409	reach_onset	n/a	r_wrist	130.700218	-33.268009	112.051055	0.244110	0.492422	0.733333	1.000000	37668.818000	37668.819000
37696.866667	0.100000	18848433	coarse_label	Blocklist (Data break)	n/a	n/a	n/a	n/a	n/a	n/a	n/a	n/a	n/a	37696.866667
37696.966667	120.233333	18848483	coarse_label		n/a	n/a	n/a	n/a	n/a	n/a	n/a	n/a	n/a	37696.966667
37755.462000	1.233333	18877731	reach_onset	n/a	r_wrist	144.442012	33.816286	386.903857	0.163135	0.220924	1.233333	1.000000	37755.462000	37755.463000
37769.662000	0.833333	18884831	reach_onset	n/a	r_wrist	137.498263	-111.265353	128.510748	0.160049	0.021193	0.633333	1.000000	37769.662000	37769.663000
37780.196000	0.900000	18890098	reach_onset	n/a	r_wrist	51.731993	115.296848	97.175944	0.162454	0.125356	0.433333	1.000000	37780.196000	37780.196000
37817.200000	0.133333	18908600	coarse_label	Blocklist (Data break)	n/a	n/a	n/a	n/a	n/a	n/a	n/a	n/a	n/a	37817.200000
37817.333333	119.866667	18908667	coarse_label		n/a	n/a	n/a	n/a	n/a	n/a	n/a	n/a	n/a	37817.333333
37937.200000	0.166667	18968600	coarse_label	Blocklist (Data break)	n/a	n/a	n/a	n/a	n/a	n/a	n/a	n/a	n/a	37937.200000
37937.366667	119.200000	18968683	coarse_label		n/a	n/a	n/a	n/a	n/a	n/a	n/a	n/a	n/a	37937.366667
37942.070000	1.533333	18971035	reach_onset	n/a	r_wrist	138.599041	-119.451613	146.124932	0.159502	0.358321	1.500000	1.000000	37942.070000	37942.069000
37992.936000	0.866667	18996468	reach_onset	n/a	r_wrist	98.182207	-74.689515	206.148518	0.158318	0.147215	0.666667	1.000000	37992.936000	37992.936000
38056.566667	0.166667	19028283	coarse_label	Blocklist (Data break)	n/a	n/a	n/a	n/a	n/a	n/a	n/a	n/a	n/a	38056.566667
38056.733333	120.400000	19028367	coarse_label		n/a	n/a	n/a	n/a	n/a	n/a	n/a	n/a	n/a	38056.733333
38177.133333	0.133333	19088567	coarse_label	Blocklist (Data break)	n/a	n/a	n/a	n/a	n/a	n/a	n/a	n/a	n/a	38177.133333
38177.266667	119.833333	19088633	coarse_label		n/a	n/a	n/a	n/a	n/a	n/a	n/a	n/a	n/a	38177.266667
38282.676000	1.066667	19141338	reach_onset	n/a	r_wrist	87.645128	-137.203865	206.407499	0.473242	0.043839	0.800000	1.000000	38282.676000	38282.676000
38297.100000	0.133333	19148550	coarse_label	Blocklist (Data break)	n/a	n/a	n/a	n/a	n/a	n/a	n/a	n/a	n/a	38297.100000
38297.233333	120.200000	19148617	coarse_label		n/a	n/a	n/a	n/a	n/a	n/a	n/a	n/a	n/a	38297.233333
38359.428000	1.733333	19179714	reach_onset	n/a	r_wrist	130.281101	-103.708247	187.183224	0.548414	0.449680	1.533333	1.000000	38359.428000	38359.429000
38389.028000	2.200000	19194514	reach_onset	n/a	r_wrist	119.346023	-113.356467	96.958211	0.530386	0.409103	1.900000	1.000000	38389.028000	38389.029000
38417.433333	0.133333	19208717	coarse_label	Blocklist (Data break)	n/a	n/a	n/a	n/a	n/a	n/a	n/a	n/a	n/a	38417.433333
38417.566667	119.333333	19208783	coarse_label		n/a	n/a	n/a	n/a	n/a	n/a	n/a	n/a	n/a	38417.566667
38448.064000	1.233333	19224032	reach_onset	n/a	r_wrist	197.852411	-97.860490	191.323864	0.483601	0.029749	0.233333	1.000000	38448.064000	38448.064000
38536.900000	0.100000	19268450	coarse_label	Blocklist (Data break)	n/a	n/a	n/a	n/a	n/a	n/a	n/a	n/a	n/a	38536.900000
38537.000000	119.566667	19268500	coarse_label		n/a	n/a	n/a	n/a	n/a	n/a	n/a	n/a	n/a	38537.000000
38656.566667	0.100000	19328283	coarse_label	Blocklist (Data break)	n/a	n/a	n/a	n/a	n/a	n/a	n/a	n/a	n/a	38656.566667
38656.666667	121.433333	19328333	coarse_label		n/a	n/a	n/a	n/a	n/a	n/a	n/a	n/a	n/a	38656.666667
38778.100000	0.066667	19389050	coarse_label	Blocklist (Data break)	n/a	n/a	n/a	n/a	n/a	n/a	n/a	n/a	n/a	38778.100000
38778.166667	118.466667	19389083	coarse_label		n/a	n/a	n/a	n/a	n/a	n/a	n/a	n/a	n/a	38778.166667
38884.124000	1.066667	19442062	reach_onset	n/a	r_wrist	92.720439	-28.489758	100.974618	0.082682	0.443658	1.066667	1.000000	38884.124000	38884.125000
38896.633333	0.266667	19448317	coarse_label	Blocklist (Data break)	n/a	n/a	n/a	n/a	n/a	n/a	n/a	n/a	n/a	38896.633333
38896.900000	120.633333	19448450	coarse_label		n/a	n/a	n/a	n/a	n/a	n/a	n/a	n/a	n/a	38896.900000
39017.533333	0.233333	19508767	coarse_label	Blocklist (Data break)	n/a	n/a	n/a	n/a	n/a	n/a	n/a	n/a	n/a	39017.533333
39017.766667	119.500000	19508883	coarse_label		n/a	n/a	n/a	n/a	n/a	n/a	n/a	n/a	n/a	39017.766667
39137.266667	0.100000	19568633	coarse_label	Blocklist (Data break)	n/a	n/a	n/a	n/a	n/a	n/a	n/a	n/a	n/a	39137.266667
39137.366667	119.133333	19568683	coarse_label		n/a	n/a	n/a	n/a	n/a	n/a	n/a	n/a	n/a	39137.366667
39256.500000	0.133333	19628250	coarse_label	Blocklist (Data break)	n/a	n/a	n/a	n/a	n/a	n/a	n/a	n/a	n/a	39256.500000
39256.633333	120.433333	19628317	coarse_label		n/a	n/a	n/a	n/a	n/a	n/a	n/a	n/a	n/a	39256.633333
39377.066667	0.233333	19688533	coarse_label	Blocklist (Data break)	n/a	n/a	n/a	n/a	n/a	n/a	n/a	n/a	n/a	39377.066667
39377.300000	119.333333	19688650	coarse_label		n/a	n/a	n/a	n/a	n/a	n/a	n/a	n/a	n/a	39377.300000
39496.633333	0.133333	19748317	coarse_label	Blocklist (Data break)	n/a	n/a	n/a	n/a	n/a	n/a	n/a	n/a	n/a	39496.633333
39496.766667	123.166667	19748383	coarse_label		n/a	n/a	n/a	n/a	n/a	n/a	n/a	n/a	n/a	39496.766667
39512.892000	1.766667	19756446	reach_onset	n/a	r_wrist	197.763831	123.270452	192.018290	0.031670	0.079946	1.400000	1.000000	39512.892000	39512.891000
39619.933333	0.100000	19809967	coarse_label	Blocklist (Data break)	n/a	n/a	n/a	n/a	n/a	n/a	n/a	n/a	n/a	39619.933333
39620.033333	117.300000	19810017	coarse_label		n/a	n/a	n/a	n/a	n/a	n/a	n/a	n/a	n/a	39620.033333
39737.333333	0.100000	19868667	coarse_label	Blocklist (Data break)	n/a	n/a	n/a	n/a	n/a	n/a	n/a	n/a	n/a	39737.333333
39737.433333	119.600000	19868717	coarse_label		n/a	n/a	n/a	n/a	n/a	n/a	n/a	n/a	n/a	39737.433333
39857.033333	0.133333	19928517	coarse_label	Blocklist (Data break)	n/a	n/a	n/a	n/a	n/a	n/a	n/a	n/a	n/a	39857.033333
39857.166667	119.733333	19928583	coarse_label		n/a	n/a	n/a	n/a	n/a	n/a	n/a	n/a	n/a	39857.166667
39951.684000	1.033333	19975842	reach_onset	n/a	r_wrist	94.247634	-102.970110	128.216918	0.301785	0.043765	0.966667	1.000000	39951.684000	39951.685000
39976.900000	0.100000	19988450	coarse_label	Blocklist (Data break)	n/a	n/a	n/a	n/a	n/a	n/a	n/a	n/a	n/a	39976.900000
39977.000000	120.600000	19988500	coarse_label		n/a	n/a	n/a	n/a	n/a	n/a	n/a	n/a	n/a	39977.000000
40054.398000	0.633333	20027199	reach_onset	n/a	r_wrist	60.360145	-92.216749	114.600314	0.343386	0.053361	0.566667	1.000000	40054.398000	40054.399000
40058.798000	0.933333	20029399	reach_onset	n/a	r_wrist	116.029710	-157.200578	144.826641	0.338036	0.038633	0.266667	1.000000	40058.798000	40058.799000
40080.498000	1.100000	20040249	reach_onset	n/a	r_wrist	137.410304	-139.695294	142.677077	0.329932	0.007111	0.100000	0.000000	40080.498000	40080.499000
40097.600000	0.133333	20048800	coarse_label	Blocklist (Data break)	n/a	n/a	n/a	n/a	n/a	n/a	n/a	n/a	n/a	40097.600000
40097.733333	118.900000	20048867	coarse_label		n/a	n/a	n/a	n/a	n/a	n/a	n/a	n/a	n/a	40097.733333
40099.958000	1.533333	20049979	reach_onset	n/a	r_wrist	141.844065	-134.790861	158.624481	0.322676	0.028291	0.166667	1.000000	40099.958000	40099.957000
40136.358000	0.366667	20068179	reach_onset	n/a	r_wrist	48.305408	-127.150070	176.206197	0.305193	0.163613	0.300000	1.000000	40136.358000	40136.357000
40211.090000	1.166667	20105545	reach_onset	n/a	r_wrist	137.054261	149.820099	127.382173	0.295152	0.468383	1.166667	1.000000	40211.090000	40211.091000
40216.633333	0.100000	20108317	coarse_label	Blocklist (Data break)	n/a	n/a	n/a	n/a	n/a	n/a	n/a	n/a	n/a	40216.633333
40216.733333	121.033333	20108367	coarse_label		n/a	n/a	n/a	n/a	n/a	n/a	n/a	n/a	n/a	40216.733333
40337.766667	0.233333	20168883	coarse_label	Blocklist (Data break)	n/a	n/a	n/a	n/a	n/a	n/a	n/a	n/a	n/a	40337.766667
40338.000000	119.333333	20169000	coarse_label		n/a	n/a	n/a	n/a	n/a	n/a	n/a	n/a	n/a	40338.000000
40457.333333	0.133333	20228667	coarse_label	Blocklist (Data break)	n/a	n/a	n/a	n/a	n/a	n/a	n/a	n/a	n/a	40457.333333
40457.466667	118.900000	20228733	coarse_label		n/a	n/a	n/a	n/a	n/a	n/a	n/a	n/a	n/a	40457.466667
40459.766000	1.233333	20229883	reach_onset	n/a	r_wrist	170.240509	-177.485608	169.816733	0.202611	0.112362	0.633333	1.000000	40459.766000	40459.766000
40496.766000	1.200000	20248383	reach_onset	n/a	r_wrist	93.469401	-150.897533	191.176978	0.168457	0.028375	0.066667	1.000000	40496.766000	40496.766000
40526.150000	4.168000	20263075	nan_segment	n/a	n/a	n/a	n/a	n/a	n/a	n/a	n/a	n/a	n/a	n/a
40576.366667	0.100000	20288183	coarse_label	Blocklist (Data break)	n/a	n/a	n/a	n/a	n/a	n/a	n/a	n/a	n/a	40576.366667
40576.466667	120.033333	20288233	coarse_label		n/a	n/a	n/a	n/a	n/a	n/a	n/a	n/a	n/a	40576.466667
40619.292000	3.998000	20309646	nan_segment	n/a	n/a	n/a	n/a	n/a	n/a	n/a	n/a	n/a	n/a	n/a
40666.650000	1.066667	20333325	reach_onset	n/a	r_wrist	67.338102	-59.217142	109.235797	0.158014	0.434208	0.833333	1.000000	40666.650000	40666.651000
40696.500000	0.233333	20348250	coarse_label	Blocklist (Data break)	n/a	n/a	n/a	n/a	n/a	n/a	n/a	n/a	n/a	40696.500000
40696.733333	120.533333	20348367	coarse_label		n/a	n/a	n/a	n/a	n/a	n/a	n/a	n/a	n/a	40696.733333
40817.266667	0.166667	20408633	coarse_label	Blocklist (Data break)	n/a	n/a	n/a	n/a	n/a	n/a	n/a	n/a	n/a	40817.266667
40817.433333	120.066667	20408717	coarse_label		n/a	n/a	n/a	n/a	n/a	n/a	n/a	n/a	n/a	40817.433333
40937.500000	0.166667	20468750	coarse_label	Blocklist (Data break)	n/a	n/a	n/a	n/a	n/a	n/a	n/a	n/a	n/a	40937.500000
40937.666667	119.066667	20468833	coarse_label		n/a	n/a	n/a	n/a	n/a	n/a	n/a	n/a	n/a	40937.666667
41056.733333	0.100000	20528367	coarse_label	Blocklist (Data break)	n/a	n/a	n/a	n/a	n/a	n/a	n/a	n/a	n/a	41056.733333
41056.833333	119.433333	20528417	coarse_label		n/a	n/a	n/a	n/a	n/a	n/a	n/a	n/a	n/a	41056.833333
41105.334000	3.998000	20552667	nan_segment	n/a	n/a	n/a	n/a	n/a	n/a	n/a	n/a	n/a	n/a	n/a
41136.544000	0.633333	20568272	reach_onset	n/a	r_wrist	47.106521	-127.795467	120.332305	0.130914	0.053563	0.000000	0.000000	41136.544000	41136.545000
41176.266667	0.166667	20588133	coarse_label	Blocklist (Data break)	n/a	n/a	n/a	n/a	n/a	n/a	n/a	n/a	n/a	41176.266667
41176.433333	120.466667	20588217	coarse_label		n/a	n/a	n/a	n/a	n/a	n/a	n/a	n/a	n/a	41176.433333
41211.398000	1.733333	20605699	reach_onset	n/a	r_wrist	183.763771	-72.101788	125.655687	0.202942	0.176171	1.733333	1.000000	41211.398000	41211.399000
41296.900000	0.200000	20648450	coarse_label	Blocklist (Data break)	n/a	n/a	n/a	n/a	n/a	n/a	n/a	n/a	n/a	41296.900000
41297.100000	120.866667	20648550	coarse_label		n/a	n/a	n/a	n/a	n/a	n/a	n/a	n/a	n/a	41297.100000
41417.966667	0.200000	20708983	coarse_label	Blocklist (Data break)	n/a	n/a	n/a	n/a	n/a	n/a	n/a	n/a	n/a	41417.966667
41418.166667	118.633333	20709083	coarse_label		n/a	n/a	n/a	n/a	n/a	n/a	n/a	n/a	n/a	41418.166667
41536.800000	0.166667	20768400	coarse_label	Blocklist (Data break)	n/a	n/a	n/a	n/a	n/a	n/a	n/a	n/a	n/a	41536.800000
41536.966667	119.700000	20768483	coarse_label		n/a	n/a	n/a	n/a	n/a	n/a	n/a	n/a	n/a	41536.966667
41544.892000	1.000000	20772446	reach_onset	n/a	r_wrist	121.548406	-64.092287	197.133960	0.128567	0.133712	0.833333	1.000000	41544.892000	41544.892000
41656.666667	0.166667	20828333	coarse_label	Blocklist (Data break)	n/a	n/a	n/a	n/a	n/a	n/a	n/a	n/a	n/a	41656.666667
41656.833333	122.133333	20828417	coarse_label		n/a	n/a	n/a	n/a	n/a	n/a	n/a	n/a	n/a	41656.833333
41715.044000	3.998000	20857522	nan_segment	n/a	n/a	n/a	n/a	n/a	n/a	n/a	n/a	n/a	n/a	n/a
41778.966667	0.100000	20889483	coarse_label	Blocklist (Data break)	n/a	n/a	n/a	n/a	n/a	n/a	n/a	n/a	n/a	41778.966667
41779.066667	117.333333	20889533	coarse_label		n/a	n/a	n/a	n/a	n/a	n/a	n/a	n/a	n/a	41779.066667
41896.400000	0.166667	20948200	coarse_label	Blocklist (Data break)	n/a	n/a	n/a	n/a	n/a	n/a	n/a	n/a	n/a	41896.400000
41896.566667	120.633333	20948283	coarse_label		n/a	n/a	n/a	n/a	n/a	n/a	n/a	n/a	n/a	41896.566667
42004.462000	3.998000	21002231	nan_segment	n/a	n/a	n/a	n/a	n/a	n/a	n/a	n/a	n/a	n/a	n/a
42017.200000	0.200000	21008600	coarse_label	Blocklist (Data break)	n/a	n/a	n/a	n/a	n/a	n/a	n/a	n/a	n/a	42017.200000
42017.400000	121.100000	21008700	coarse_label		n/a	n/a	n/a	n/a	n/a	n/a	n/a	n/a	n/a	42017.400000
42138.500000	0.233333	21069250	coarse_label	Blocklist (Data break)	n/a	n/a	n/a	n/a	n/a	n/a	n/a	n/a	n/a	42138.500000
42138.733333	118.200000	21069367	coarse_label		n/a	n/a	n/a	n/a	n/a	n/a	n/a	n/a	n/a	42138.733333
42256.933333	0.066667	21128467	coarse_label	Blocklist (Data break)	n/a	n/a	n/a	n/a	n/a	n/a	n/a	n/a	n/a	42256.933333
42257.000000	120.600000	21128500	coarse_label		n/a	n/a	n/a	n/a	n/a	n/a	n/a	n/a	n/a	42257.000000
42285.760000	1.033333	21142880	reach_onset	n/a	r_wrist	158.102821	-146.244830	221.166916	0.266251	0.238514	0.933333	1.000000	42285.760000	42285.759000
42363.226000	1.500000	21181613	reach_onset	n/a	r_wrist	73.781423	-132.001628	112.890913	0.386502	0.010012	0.000000	1.000000	42363.226000	42363.226000
42377.600000	0.066667	21188800	coarse_label	Blocklist (Data break)	n/a	n/a	n/a	n/a	n/a	n/a	n/a	n/a	n/a	42377.600000
42377.666667	119.633333	21188833	coarse_label		n/a	n/a	n/a	n/a	n/a	n/a	n/a	n/a	n/a	42377.666667
42461.908000	3.998000	21230954	nan_segment	n/a	n/a	n/a	n/a	n/a	n/a	n/a	n/a	n/a	n/a	n/a
42497.300000	0.133333	21248650	coarse_label	Blocklist (Data break)	n/a	n/a	n/a	n/a	n/a	n/a	n/a	n/a	n/a	42497.300000
42497.433333	121.933333	21248717	coarse_label		n/a	n/a	n/a	n/a	n/a	n/a	n/a	n/a	n/a	42497.433333
42535.816000	1.700000	21267908	reach_onset	n/a	r_wrist	103.670704	-174.526535	137.667405	0.349855	0.042957	0.000000	0.000000	42535.816000	42535.816000
42619.366667	0.100000	21309683	coarse_label	Blocklist (Data break)	n/a	n/a	n/a	n/a	n/a	n/a	n/a	n/a	n/a	42619.366667
42619.466667	117.633333	21309733	coarse_label		n/a	n/a	n/a	n/a	n/a	n/a	n/a	n/a	n/a	42619.466667
42623.738000	1.266667	21311869	reach_onset	n/a	r_wrist	83.604932	-37.950349	290.843311	0.273785	0.097349	0.000000	0.000000	42623.738000	42623.738000
42643.272000	0.366667	21321636	reach_onset	n/a	r_wrist	82.647299	-30.807692	344.316592	0.276518	0.947801	0.000000	1.000000	42643.272000	42643.271000
42737.100000	0.133333	21368550	coarse_label	Blocklist (Data break)	n/a	n/a	n/a	n/a	n/a	n/a	n/a	n/a	n/a	42737.100000
42737.233333	119.633333	21368617	coarse_label		n/a	n/a	n/a	n/a	n/a	n/a	n/a	n/a	n/a	42737.233333
42856.866667	0.133333	21428433	coarse_label	Blocklist (Data break)	n/a	n/a	n/a	n/a	n/a	n/a	n/a	n/a	n/a	42856.866667
42857.000000	120.100000	21428500	coarse_label		n/a	n/a	n/a	n/a	n/a	n/a	n/a	n/a	n/a	42857.000000
42977.100000	0.066667	21488550	coarse_label	Blocklist (Data break)	n/a	n/a	n/a	n/a	n/a	n/a	n/a	n/a	n/a	42977.100000
42977.166667	120.933333	21488583	coarse_label		n/a	n/a	n/a	n/a	n/a	n/a	n/a	n/a	n/a	42977.166667
43098.100000	0.166667	21549050	coarse_label	Blocklist (Data break)	n/a	n/a	n/a	n/a	n/a	n/a	n/a	n/a	n/a	43098.100000
43098.266667	119.066667	21549133	coarse_label		n/a	n/a	n/a	n/a	n/a	n/a	n/a	n/a	n/a	43098.266667
43213.530000	1.300000	21606765	reach_onset	n/a	r_wrist	76.698202	-88.808282	99.472567	0.275942	0.011936	0.000000	0.000000	43213.530000	43213.530000
43217.333333	0.133333	21608667	coarse_label	Blocklist (Data break)	n/a	n/a	n/a	n/a	n/a	n/a	n/a	n/a	n/a	43217.333333
43217.466667	119.966667	21608733	coarse_label		n/a	n/a	n/a	n/a	n/a	n/a	n/a	n/a	n/a	43217.466667
43337.433333	0.300000	21668717	coarse_label	Blocklist (Data break)	n/a	n/a	n/a	n/a	n/a	n/a	n/a	n/a	n/a	43337.433333
43337.733333	119.666667	21668867	coarse_label		n/a	n/a	n/a	n/a	n/a	n/a	n/a	n/a	n/a	43337.733333
43457.400000	0.133333	21728700	coarse_label	Blocklist (Data break)	n/a	n/a	n/a	n/a	n/a	n/a	n/a	n/a	n/a	43457.400000
43457.533333	121.600000	21728767	coarse_label		n/a	n/a	n/a	n/a	n/a	n/a	n/a	n/a	n/a	43457.533333
43579.133333	0.100000	21789567	coarse_label	Blocklist (Data break)	n/a	n/a	n/a	n/a	n/a	n/a	n/a	n/a	n/a	43579.133333
43579.233333	118.000000	21789617	coarse_label		n/a	n/a	n/a	n/a	n/a	n/a	n/a	n/a	n/a	43579.233333
43697.233333	0.166667	21848617	coarse_label	Blocklist (Data break)	n/a	n/a	n/a	n/a	n/a	n/a	n/a	n/a	n/a	43697.233333
43697.400000	119.100000	21848700	coarse_label		n/a	n/a	n/a	n/a	n/a	n/a	n/a	n/a	n/a	43697.400000
43801.576000	1.600000	21900788	reach_onset	n/a	r_wrist	100.256687	-160.951975	219.907504	0.237606	0.241239	1.600000	1.000000	43801.576000	43801.577000
43816.500000	0.100000	21908250	coarse_label	Blocklist (Data break)	n/a	n/a	n/a	n/a	n/a	n/a	n/a	n/a	n/a	43816.500000
43816.600000	119.966667	21908300	coarse_label		n/a	n/a	n/a	n/a	n/a	n/a	n/a	n/a	n/a	43816.600000
43936.566667	0.100000	21968283	coarse_label	Blocklist (Data break)	n/a	n/a	n/a	n/a	n/a	n/a	n/a	n/a	n/a	43936.566667
43936.666667	121.800000	21968333	coarse_label		n/a	n/a	n/a	n/a	n/a	n/a	n/a	n/a	n/a	43936.666667
44058.466667	0.166667	22029233	coarse_label	Blocklist (Data break)	n/a	n/a	n/a	n/a	n/a	n/a	n/a	n/a	n/a	44058.466667
44058.633333	120.633333	22029317	coarse_label		n/a	n/a	n/a	n/a	n/a	n/a	n/a	n/a	n/a	44058.633333
44179.266667	0.133333	22089633	coarse_label	Blocklist (Data break)	n/a	n/a	n/a	n/a	n/a	n/a	n/a	n/a	n/a	44179.266667
44179.400000	117.733333	22089700	coarse_label		n/a	n/a	n/a	n/a	n/a	n/a	n/a	n/a	n/a	44179.400000
44297.133333	0.200000	22148567	coarse_label	Blocklist (Data break)	n/a	n/a	n/a	n/a	n/a	n/a	n/a	n/a	n/a	44297.133333
44297.333333	120.800000	22148667	coarse_label		n/a	n/a	n/a	n/a	n/a	n/a	n/a	n/a	n/a	44297.333333
44418.133333	0.166667	22209067	coarse_label	Blocklist (Data break)	n/a	n/a	n/a	n/a	n/a	n/a	n/a	n/a	n/a	44418.133333
44418.300000	118.066667	22209150	coarse_label		n/a	n/a	n/a	n/a	n/a	n/a	n/a	n/a	n/a	44418.300000
44536.366667	0.166667	22268183	coarse_label	Blocklist (Data break)	n/a	n/a	n/a	n/a	n/a	n/a	n/a	n/a	n/a	44536.366667
44536.533333	120.433333	22268267	coarse_label		n/a	n/a	n/a	n/a	n/a	n/a	n/a	n/a	n/a	44536.533333
44656.966667	0.100000	22328483	coarse_label	Blocklist (Data break)	n/a	n/a	n/a	n/a	n/a	n/a	n/a	n/a	n/a	44656.966667
44657.066667	121.000000	22328533	coarse_label		n/a	n/a	n/a	n/a	n/a	n/a	n/a	n/a	n/a	44657.066667
44778.066667	0.100000	22389033	coarse_label	Blocklist (Data break)	n/a	n/a	n/a	n/a	n/a	n/a	n/a	n/a	n/a	44778.066667
44778.166667	118.266667	22389083	coarse_label		n/a	n/a	n/a	n/a	n/a	n/a	n/a	n/a	n/a	44778.166667
44896.433333	0.066667	22448217	coarse_label	Blocklist (Data break)	n/a	n/a	n/a	n/a	n/a	n/a	n/a	n/a	n/a	44896.433333
44896.500000	120.033333	22448250	coarse_label		n/a	n/a	n/a	n/a	n/a	n/a	n/a	n/a	n/a	44896.500000
45016.533333	0.066667	22508267	coarse_label	Blocklist (Data break)	n/a	n/a	n/a	n/a	n/a	n/a	n/a	n/a	n/a	45016.533333
45016.600000	120.566667	22508300	coarse_label		n/a	n/a	n/a	n/a	n/a	n/a	n/a	n/a	n/a	45016.600000
45137.166667	0.166667	22568583	coarse_label	Blocklist (Data break)	n/a	n/a	n/a	n/a	n/a	n/a	n/a	n/a	n/a	45137.166667
45137.333333	119.100000	22568667	coarse_label		n/a	n/a	n/a	n/a	n/a	n/a	n/a	n/a	n/a	45137.333333
45256.433333	0.300000	22628217	coarse_label	Blocklist (Data break)	n/a	n/a	n/a	n/a	n/a	n/a	n/a	n/a	n/a	45256.433333
45256.733333	120.200000	22628367	coarse_label		n/a	n/a	n/a	n/a	n/a	n/a	n/a	n/a	n/a	45256.733333
45376.933333	0.233333	22688467	coarse_label	Blocklist (Data break)	n/a	n/a	n/a	n/a	n/a	n/a	n/a	n/a	n/a	45376.933333
45377.166667	121.033333	22688583	coarse_label		n/a	n/a	n/a	n/a	n/a	n/a	n/a	n/a	n/a	45377.166667
45498.200000	0.133333	22749100	coarse_label	Blocklist (Data break)	n/a	n/a	n/a	n/a	n/a	n/a	n/a	n/a	n/a	45498.200000
45498.333333	120.433333	22749167	coarse_label		n/a	n/a	n/a	n/a	n/a	n/a	n/a	n/a	n/a	45498.333333
45586.380000	0.666667	22793190	reach_onset	n/a	r_wrist	133.249665	-150.043940	101.845528	0.164668	0.065675	0.633333	1.000000	45586.380000	45586.381000
45591.980000	0.933333	22795990	reach_onset	n/a	r_wrist	51.636169	-3.990739	121.481192	0.166124	0.046906	0.633333	1.000000	45591.980000	45591.981000
45618.766667	0.133333	22809383	coarse_label	Blocklist (Data break)	n/a	n/a	n/a	n/a	n/a	n/a	n/a	n/a	n/a	45618.766667
45618.900000	119.266667	22809450	coarse_label		n/a	n/a	n/a	n/a	n/a	n/a	n/a	n/a	n/a	45618.900000
45738.166667	0.100000	22869083	coarse_label	Blocklist (Data break)	n/a	n/a	n/a	n/a	n/a	n/a	n/a	n/a	n/a	45738.166667
45738.266667	119.033333	22869133	coarse_label		n/a	n/a	n/a	n/a	n/a	n/a	n/a	n/a	n/a	45738.266667
45857.300000	0.100000	22928650	coarse_label	Blocklist (Data break)	n/a	n/a	n/a	n/a	n/a	n/a	n/a	n/a	n/a	45857.300000
45857.400000	119.233333	22928700	coarse_label		n/a	n/a	n/a	n/a	n/a	n/a	n/a	n/a	n/a	45857.400000
45976.633333	0.300000	22988317	coarse_label	Blocklist (Data break)	n/a	n/a	n/a	n/a	n/a	n/a	n/a	n/a	n/a	45976.633333
45976.933333	120.266667	22988467	coarse_label		n/a	n/a	n/a	n/a	n/a	n/a	n/a	n/a	n/a	45976.933333
46097.200000	0.066667	23048600	coarse_label	Blocklist (Data break)	n/a	n/a	n/a	n/a	n/a	n/a	n/a	n/a	n/a	46097.200000
46097.266667	119.266667	23048633	coarse_label		n/a	n/a	n/a	n/a	n/a	n/a	n/a	n/a	n/a	46097.266667
46216.533333	0.100000	23108267	coarse_label	Blocklist (Data break)	n/a	n/a	n/a	n/a	n/a	n/a	n/a	n/a	n/a	46216.533333
46216.633333	121.166667	23108317	coarse_label		n/a	n/a	n/a	n/a	n/a	n/a	n/a	n/a	n/a	46216.633333
46324.446000	1.233333	23162223	reach_onset	n/a	r_wrist	161.817593	-152.881463	100.968346	0.213537	0.106199	0.400000	1.000000	46324.446000	46324.447000
46333.314000	1.600000	23166657	reach_onset	n/a	r_wrist	150.484929	162.930923	102.833849	0.222950	0.009750	0.000000	0.000000	46333.314000	46333.314000
46337.800000	0.133333	23168900	coarse_label	Blocklist (Data break)	n/a	n/a	n/a	n/a	n/a	n/a	n/a	n/a	n/a	46337.800000
46337.933333	119.200000	23168967	coarse_label		n/a	n/a	n/a	n/a	n/a	n/a	n/a	n/a	n/a	46337.933333
46457.133333	0.100000	23228567	coarse_label	Blocklist (Data break)	n/a	n/a	n/a	n/a	n/a	n/a	n/a	n/a	n/a	46457.133333
46457.233333	118.933333	23228617	coarse_label		n/a	n/a	n/a	n/a	n/a	n/a	n/a	n/a	n/a	46457.233333
46565.134000	1.100000	23282567	reach_onset	n/a	r_wrist	91.843466	170.275847	154.755892	0.275541	0.095980	0.800000	1.000000	46565.134000	46565.135000
46576.166667	0.233333	23288083	coarse_label	Blocklist (Data break)	n/a	n/a	n/a	n/a	n/a	n/a	n/a	n/a	n/a	46576.166667
46576.400000	120.233333	23288200	coarse_label		n/a	n/a	n/a	n/a	n/a	n/a	n/a	n/a	n/a	46576.400000
46580.422000	1.066667	23290211	reach_onset	n/a	r_wrist	71.812554	-7.268842	116.395751	0.263205	0.064449	0.800000	1.000000	46580.422000	46580.421000
46696.633333	0.133333	23348317	coarse_label	Blocklist (Data break)	n/a	n/a	n/a	n/a	n/a	n/a	n/a	n/a	n/a	46696.633333
46696.766667	120.300000	23348383	coarse_label		n/a	n/a	n/a	n/a	n/a	n/a	n/a	n/a	n/a	46696.766667
46817.066667	0.166667	23408533	coarse_label	Blocklist (Data break)	n/a	n/a	n/a	n/a	n/a	n/a	n/a	n/a	n/a	46817.066667
46817.233333	119.133333	23408617	coarse_label		n/a	n/a	n/a	n/a	n/a	n/a	n/a	n/a	n/a	46817.233333
46936.366667	0.100000	23468183	coarse_label	Blocklist (Data break)	n/a	n/a	n/a	n/a	n/a	n/a	n/a	n/a	n/a	46936.366667
46936.466667	121.266667	23468233	coarse_label		n/a	n/a	n/a	n/a	n/a	n/a	n/a	n/a	n/a	46936.466667
47057.733333	0.100000	23528867	coarse_label	Blocklist (Data break)	n/a	n/a	n/a	n/a	n/a	n/a	n/a	n/a	n/a	47057.733333
47057.833333	119.400000	23528917	coarse_label		n/a	n/a	n/a	n/a	n/a	n/a	n/a	n/a	n/a	47057.833333
47060.752000	1.366667	23530376	reach_onset	n/a	r_wrist	106.507186	171.715698	171.137531	0.221205	0.402338	1.366667	1.000000	47060.752000	47060.751000
47177.233333	0.100000	23588617	coarse_label	Blocklist (Data break)	n/a	n/a	n/a	n/a	n/a	n/a	n/a	n/a	n/a	47177.233333
47177.333333	120.266667	23588667	coarse_label		n/a	n/a	n/a	n/a	n/a	n/a	n/a	n/a	n/a	47177.333333
47297.600000	0.033333	23648800	coarse_label	Blocklist (Data break)	n/a	n/a	n/a	n/a	n/a	n/a	n/a	n/a	n/a	47297.600000
47297.633333	119.000000	23648817	coarse_label		n/a	n/a	n/a	n/a	n/a	n/a	n/a	n/a	n/a	47297.633333
47416.633333	0.100000	23708317	coarse_label	Blocklist (Data break)	n/a	n/a	n/a	n/a	n/a	n/a	n/a	n/a	n/a	47416.633333
47416.733333	121.066667	23708367	coarse_label		n/a	n/a	n/a	n/a	n/a	n/a	n/a	n/a	n/a	47416.733333
47522.652000	3.998000	23761326	nan_segment	n/a	n/a	n/a	n/a	n/a	n/a	n/a	n/a	n/a	n/a	n/a
47537.800000	0.066667	23768900	coarse_label	Blocklist (Data break)	n/a	n/a	n/a	n/a	n/a	n/a	n/a	n/a	n/a	47537.800000
47537.866667	119.133333	23768933	coarse_label		n/a	n/a	n/a	n/a	n/a	n/a	n/a	n/a	n/a	47537.866667
47657.000000	0.133333	23828500	coarse_label	Blocklist (Data break)	n/a	n/a	n/a	n/a	n/a	n/a	n/a	n/a	n/a	47657.000000
47657.133333	119.533333	23828567	coarse_label		n/a	n/a	n/a	n/a	n/a	n/a	n/a	n/a	n/a	47657.133333
47776.666667	0.266667	23888333	coarse_label	Blocklist (Data break)	n/a	n/a	n/a	n/a	n/a	n/a	n/a	n/a	n/a	47776.666667
47776.933333	120.533333	23888467	coarse_label		n/a	n/a	n/a	n/a	n/a	n/a	n/a	n/a	n/a	47776.933333
47897.466667	0.266667	23948733	coarse_label	Blocklist (Data break)	n/a	n/a	n/a	n/a	n/a	n/a	n/a	n/a	n/a	47897.466667
47897.733333	120.433333	23948867	coarse_label		n/a	n/a	n/a	n/a	n/a	n/a	n/a	n/a	n/a	47897.733333
48018.166667	0.200000	24009083	coarse_label	Blocklist (Data break)	n/a	n/a	n/a	n/a	n/a	n/a	n/a	n/a	n/a	48018.166667
48018.366667	121.133333	24009183	coarse_label		n/a	n/a	n/a	n/a	n/a	n/a	n/a	n/a	n/a	48018.366667
48139.500000	0.100000	24069750	coarse_label	Blocklist (Data break)	n/a	n/a	n/a	n/a	n/a	n/a	n/a	n/a	n/a	48139.500000
48139.600000	116.833333	24069800	coarse_label		n/a	n/a	n/a	n/a	n/a	n/a	n/a	n/a	n/a	48139.600000
48256.433333	0.133333	24128217	coarse_label	Blocklist (Data break)	n/a	n/a	n/a	n/a	n/a	n/a	n/a	n/a	n/a	48256.433333
48256.566667	122.966667	24128283	coarse_label		n/a	n/a	n/a	n/a	n/a	n/a	n/a	n/a	n/a	48256.566667
48379.533333	0.066667	24189767	coarse_label	Blocklist (Data break)	n/a	n/a	n/a	n/a	n/a	n/a	n/a	n/a	n/a	48379.533333
48379.600000	117.500000	24189800	coarse_label		n/a	n/a	n/a	n/a	n/a	n/a	n/a	n/a	n/a	48379.600000
48391.466000	1.433333	24195733	reach_onset	n/a	r_wrist	131.269385	167.652661	107.669264	0.204876	0.181080	0.833333	1.000000	48391.466000	48391.467000
48497.100000	0.100000	24248550	coarse_label	Blocklist (Data break)	n/a	n/a	n/a	n/a	n/a	n/a	n/a	n/a	n/a	48497.100000
48497.200000	119.100000	24248600	coarse_label		n/a	n/a	n/a	n/a	n/a	n/a	n/a	n/a	n/a	48497.200000
48584.784000	1.366667	24292392	reach_onset	n/a	r_wrist	227.878343	176.764679	207.882406	0.188744	0.035962	1.366667	1.000000	48584.784000	48584.784000
48616.300000	0.100000	24308150	coarse_label	Blocklist (Data break)	n/a	n/a	n/a	n/a	n/a	n/a	n/a	n/a	n/a	48616.300000
48616.400000	120.066667	24308200	coarse_label		n/a	n/a	n/a	n/a	n/a	n/a	n/a	n/a	n/a	48616.400000
48731.070000	1.466667	24365535	reach_onset	n/a	r_wrist	229.329402	-165.245509	154.295842	0.306653	0.045141	1.100000	1.000000	48731.070000	48731.071000
48736.466667	0.200000	24368233	coarse_label	Blocklist (Data break)	n/a	n/a	n/a	n/a	n/a	n/a	n/a	n/a	n/a	48736.466667
48736.666667	120.333333	24368333	coarse_label		n/a	n/a	n/a	n/a	n/a	n/a	n/a	n/a	n/a	48736.666667
48760.458000	1.000000	24380229	reach_onset	n/a	r_wrist	94.709001	-126.133432	119.302946	0.326214	0.033435	0.000000	0.000000	48760.458000	48760.458000
48857.000000	0.300000	24428500	coarse_label	Blocklist (Data break)	n/a	n/a	n/a	n/a	n/a	n/a	n/a	n/a	n/a	48857.000000
48857.300000	121.866667	24428650	coarse_label		n/a	n/a	n/a	n/a	n/a	n/a	n/a	n/a	n/a	48857.300000
48979.166667	0.100000	24489583	coarse_label	Blocklist (Data break)	n/a	n/a	n/a	n/a	n/a	n/a	n/a	n/a	n/a	48979.166667
48979.266667	118.566667	24489633	coarse_label		n/a	n/a	n/a	n/a	n/a	n/a	n/a	n/a	n/a	48979.266667
49097.833333	0.100000	24548917	coarse_label	Blocklist (Data break)	n/a	n/a	n/a	n/a	n/a	n/a	n/a	n/a	n/a	49097.833333
49097.933333	119.133333	24548967	coarse_label		n/a	n/a	n/a	n/a	n/a	n/a	n/a	n/a	n/a	49097.933333
49207.700000	1.633333	24603850	reach_onset	n/a	r_wrist	112.040118	173.788042	126.811182	0.314593	0.277726	1.133333	1.000000	49207.700000	49207.700000
49217.066667	0.066667	24608533	coarse_label	Blocklist (Data break)	n/a	n/a	n/a	n/a	n/a	n/a	n/a	n/a	n/a	49217.066667
49217.133333	118.900000	24608567	coarse_label		n/a	n/a	n/a	n/a	n/a	n/a	n/a	n/a	n/a	49217.133333
49336.033333	0.200000	24668017	coarse_label	Blocklist (Data break)	n/a	n/a	n/a	n/a	n/a	n/a	n/a	n/a	n/a	49336.033333
49336.233333	120.233333	24668117	coarse_label		n/a	n/a	n/a	n/a	n/a	n/a	n/a	n/a	n/a	49336.233333
49344.538000	2.033333	24672269	reach_onset	n/a	r_wrist	203.935984	-0.221042	145.786553	0.258479	0.138674	1.966667	1.000000	49344.538000	49344.537000
49421.970000	2.000000	24710985	reach_onset	n/a	r_wrist	191.698622	175.226901	101.468092	0.265217	0.057873	1.866667	1.000000	49421.970000	49421.971000
49427.604000	1.733333	24713802	reach_onset	n/a	r_wrist	75.536493	-43.179974	128.658441	0.255220	0.232229	1.166667	1.000000	49427.604000	49427.604000
49456.466667	0.166667	24728233	coarse_label	Blocklist (Data break)	n/a	n/a	n/a	n/a	n/a	n/a	n/a	n/a	n/a	49456.466667
49456.633333	121.700000	24728317	coarse_label		n/a	n/a	n/a	n/a	n/a	n/a	n/a	n/a	n/a	49456.633333
49578.333333	0.200000	24789167	coarse_label	Blocklist (Data break)	n/a	n/a	n/a	n/a	n/a	n/a	n/a	n/a	n/a	49578.333333
49578.533333	119.133333	24789267	coarse_label		n/a	n/a	n/a	n/a	n/a	n/a	n/a	n/a	n/a	49578.533333
49652.246000	1.100000	24826123	reach_onset	n/a	r_wrist	149.654361	-131.308676	115.494043	0.217980	0.013125	0.000000	1.000000	49652.246000	49652.246000
49697.666667	0.066667	24848833	coarse_label	Blocklist (Data break)	n/a	n/a	n/a	n/a	n/a	n/a	n/a	n/a	n/a	49697.666667
49697.733333	119.100000	24848867	coarse_label		n/a	n/a	n/a	n/a	n/a	n/a	n/a	n/a	n/a	49697.733333
49816.833333	0.133333	24908417	coarse_label	Blocklist (Data break)	n/a	n/a	n/a	n/a	n/a	n/a	n/a	n/a	n/a	49816.833333
49816.966667	122.000000	24908483	coarse_label		n/a	n/a	n/a	n/a	n/a	n/a	n/a	n/a	n/a	49816.966667
49938.966667	0.133333	24969483	coarse_label	Blocklist (Data break)	n/a	n/a	n/a	n/a	n/a	n/a	n/a	n/a	n/a	49938.966667
49939.100000	118.733333	24969550	coarse_label		n/a	n/a	n/a	n/a	n/a	n/a	n/a	n/a	n/a	49939.100000
50057.833333	0.200000	25028917	coarse_label	Blocklist (Data break)	n/a	n/a	n/a	n/a	n/a	n/a	n/a	n/a	n/a	50057.833333
50058.033333	119.233333	25029017	coarse_label		n/a	n/a	n/a	n/a	n/a	n/a	n/a	n/a	n/a	50058.033333
50177.266667	0.233333	25088633	coarse_label	Blocklist (Data break)	n/a	n/a	n/a	n/a	n/a	n/a	n/a	n/a	n/a	50177.266667
50177.500000	119.266667	25088750	coarse_label		n/a	n/a	n/a	n/a	n/a	n/a	n/a	n/a	n/a	50177.500000
50183.894000	1.066667	25091947	reach_onset	n/a	r_wrist	118.567530	-120.170578	145.890635	0.071276	0.010388	0.400000	1.000000	50183.894000	50183.894000
50296.766667	0.100000	25148383	coarse_label	Blocklist (Data break)	n/a	n/a	n/a	n/a	n/a	n/a	n/a	n/a	n/a	50296.766667
50296.866667	120.100000	25148433	coarse_label		n/a	n/a	n/a	n/a	n/a	n/a	n/a	n/a	n/a	50296.866667
50416.966667	0.166667	25208483	coarse_label	Blocklist (Data break)	n/a	n/a	n/a	n/a	n/a	n/a	n/a	n/a	n/a	50416.966667
50417.133333	120.500000	25208567	coarse_label		n/a	n/a	n/a	n/a	n/a	n/a	n/a	n/a	n/a	50417.133333
50495.418000	1.600000	25247709	reach_onset	n/a	r_wrist	50.538217	143.644934	99.982106	0.195931	0.351707	0.500000	1.000000	50495.418000	50495.419000
50537.633333	0.100000	25268817	coarse_label	Blocklist (Data break)	n/a	n/a	n/a	n/a	n/a	n/a	n/a	n/a	n/a	50537.633333
50537.733333	118.566667	25268867	coarse_label		n/a	n/a	n/a	n/a	n/a	n/a	n/a	n/a	n/a	50537.733333
50656.300000	0.100000	25328150	coarse_label	Blocklist (Data break)	n/a	n/a	n/a	n/a	n/a	n/a	n/a	n/a	n/a	50656.300000
50656.400000	121.366667	25328200	coarse_label		n/a	n/a	n/a	n/a	n/a	n/a	n/a	n/a	n/a	50656.400000
50711.924000	1.066667	25355962	reach_onset	n/a	r_wrist	136.528206	-72.699251	203.234186	0.261139	0.558125	0.933333	1.000000	50711.924000	50711.925000
50777.766667	0.100000	25388883	coarse_label	Blocklist (Data break)	n/a	n/a	n/a	n/a	n/a	n/a	n/a	n/a	n/a	50777.766667
50777.866667	119.233333	25388933	coarse_label		n/a	n/a	n/a	n/a	n/a	n/a	n/a	n/a	n/a	50777.866667
50890.146000	1.733333	25445073	reach_onset	n/a	r_wrist	58.629560	-51.635159	116.316556	0.191428	0.134973	0.000000	0.000000	50890.146000	50890.146000
50897.100000	0.066667	25448550	coarse_label	Blocklist (Data break)	n/a	n/a	n/a	n/a	n/a	n/a	n/a	n/a	n/a	50897.100000
50897.166667	119.066667	25448583	coarse_label		n/a	n/a	n/a	n/a	n/a	n/a	n/a	n/a	n/a	50897.166667
51016.233333	0.100000	25508117	coarse_label	Blocklist (Data break)	n/a	n/a	n/a	n/a	n/a	n/a	n/a	n/a	n/a	51016.233333
51016.333333	120.900000	25508167	coarse_label		n/a	n/a	n/a	n/a	n/a	n/a	n/a	n/a	n/a	51016.333333
51137.233333	0.233333	25568617	coarse_label	Blocklist (Data break)	n/a	n/a	n/a	n/a	n/a	n/a	n/a	n/a	n/a	51137.233333
51137.466667	119.300000	25568733	coarse_label		n/a	n/a	n/a	n/a	n/a	n/a	n/a	n/a	n/a	51137.466667
51223.784000	2.066667	25611892	reach_onset	n/a	r_wrist	142.997766	22.124712	107.002523	0.169586	0.105111	1.066667	1.000000	51223.784000	51223.785000
51240.384000	2.366667	25620192	reach_onset	n/a	r_wrist	166.350099	60.437671	118.588545	0.196494	0.016732	0.533333	1.000000	51240.384000	51240.385000
51252.918000	1.466667	25626459	reach_onset	n/a	r_wrist	123.506140	-89.862995	109.110418	0.219065	0.011033	0.100000	0.000000	51252.918000	51252.919000
51256.766667	0.266667	25628383	coarse_label	Blocklist (Data break)	n/a	n/a	n/a	n/a	n/a	n/a	n/a	n/a	n/a	51256.766667
51257.033333	120.033333	25628517	coarse_label		n/a	n/a	n/a	n/a	n/a	n/a	n/a	n/a	n/a	51257.033333
51377.066667	0.100000	25688533	coarse_label	Blocklist (Data break)	n/a	n/a	n/a	n/a	n/a	n/a	n/a	n/a	n/a	51377.066667
51377.166667	120.600000	25688583	coarse_label		n/a	n/a	n/a	n/a	n/a	n/a	n/a	n/a	n/a	51377.166667
51497.766667	0.166667	25748883	coarse_label	Blocklist (Data break)	n/a	n/a	n/a	n/a	n/a	n/a	n/a	n/a	n/a	51497.766667
51497.933333	119.133333	25748967	coarse_label		n/a	n/a	n/a	n/a	n/a	n/a	n/a	n/a	n/a	51497.933333
51617.066667	0.200000	25808533	coarse_label	Blocklist (Data break)	n/a	n/a	n/a	n/a	n/a	n/a	n/a	n/a	n/a	51617.066667
51617.266667	121.633333	25808633	coarse_label		n/a	n/a	n/a	n/a	n/a	n/a	n/a	n/a	n/a	51617.266667
51702.614000	1.333333	25851307	reach_onset	n/a	r_wrist	68.794120	-53.089658	120.470370	0.266320	0.207607	1.333333	1.000000	51702.614000	51702.615000
51738.900000	0.166667	25869450	coarse_label	Blocklist (Data break)	n/a	n/a	n/a	n/a	n/a	n/a	n/a	n/a	n/a	51738.900000
51739.066667	118.933333	25869533	coarse_label		n/a	n/a	n/a	n/a	n/a	n/a	n/a	n/a	n/a	51739.066667
51858.000000	0.066667	25929000	coarse_label	Blocklist (Data break)	n/a	n/a	n/a	n/a	n/a	n/a	n/a	n/a	n/a	51858.000000
51858.066667	118.966667	25929033	coarse_label		n/a	n/a	n/a	n/a	n/a	n/a	n/a	n/a	n/a	51858.066667
51934.778000	1.600000	25967389	reach_onset	n/a	r_wrist	157.356799	-89.228022	145.915631	0.277216	0.053964	0.566667	1.000000	51934.778000	51934.779000
51977.033333	0.133333	25988517	coarse_label	Blocklist (Data break)	n/a	n/a	n/a	n/a	n/a	n/a	n/a	n/a	n/a	51977.033333
51977.166667	119.833333	25988583	coarse_label		n/a	n/a	n/a	n/a	n/a	n/a	n/a	n/a	n/a	51977.166667
52066.106000	1.866667	26033053	reach_onset	n/a	r_wrist	82.786389	-59.114606	92.522167	0.430412	0.098849	1.366667	1.000000	52066.106000	52066.107000
52097.000000	0.266667	26048500	coarse_label	Blocklist (Data break)	n/a	n/a	n/a	n/a	n/a	n/a	n/a	n/a	n/a	52097.000000
52097.266667	118.933333	26048633	coarse_label		n/a	n/a	n/a	n/a	n/a	n/a	n/a	n/a	n/a	52097.266667
52138.160000	1.700000	26069080	reach_onset	n/a	r_wrist	61.943649	20.698994	122.963169	0.358008	0.313714	1.533333	1.000000	52138.160000	52138.160000
52216.200000	0.100000	26108100	coarse_label	Blocklist (Data break)	n/a	n/a	n/a	n/a	n/a	n/a	n/a	n/a	n/a	52216.200000
52216.300000	121.333333	26108150	coarse_label		n/a	n/a	n/a	n/a	n/a	n/a	n/a	n/a	n/a	52216.300000
52324.212000	1.066667	26162106	reach_onset	n/a	r_wrist	74.635022	58.140070	106.133004	0.175549	0.660120	0.966667	1.000000	52324.212000	52324.213000
52337.633333	0.233333	26168817	coarse_label	Blocklist (Data break)	n/a	n/a	n/a	n/a	n/a	n/a	n/a	n/a	n/a	52337.633333
52337.866667	119.900000	26168933	coarse_label	Blocklist (Private time)	n/a	n/a	n/a	n/a	n/a	n/a	n/a	n/a	n/a	52337.866667
52457.766667	0.233333	26228883	coarse_label	Blocklist (Data break)	n/a	n/a	n/a	n/a	n/a	n/a	n/a	n/a	n/a	52457.766667
52458.000000	119.933333	26229000	coarse_label	Blocklist (Private time)	n/a	n/a	n/a	n/a	n/a	n/a	n/a	n/a	n/a	52458.000000
52577.933333	0.166667	26288967	coarse_label	Blocklist (Data break)	n/a	n/a	n/a	n/a	n/a	n/a	n/a	n/a	n/a	52577.933333
52578.100000	118.033333	26289050	coarse_label		n/a	n/a	n/a	n/a	n/a	n/a	n/a	n/a	n/a	52578.100000
52696.133333	0.300000	26348067	coarse_label	Blocklist (Data break)	n/a	n/a	n/a	n/a	n/a	n/a	n/a	n/a	n/a	52696.133333
52696.433333	120.400000	26348217	coarse_label		n/a	n/a	n/a	n/a	n/a	n/a	n/a	n/a	n/a	52696.433333
52816.833333	0.133333	26408417	coarse_label	Blocklist (Data break)	n/a	n/a	n/a	n/a	n/a	n/a	n/a	n/a	n/a	52816.833333
52816.966667	121.033333	26408483	coarse_label		n/a	n/a	n/a	n/a	n/a	n/a	n/a	n/a	n/a	52816.966667
52827.682000	3.998000	26413841	nan_segment	n/a	n/a	n/a	n/a	n/a	n/a	n/a	n/a	n/a	n/a	n/a
52925.860000	2.300000	26462930	reach_onset	n/a	r_wrist	142.491848	-93.168316	126.879912	0.298119	0.016712	0.266667	1.000000	52925.860000	52925.860000
52938.000000	0.066667	26469000	coarse_label	Blocklist (Data break)	n/a	n/a	n/a	n/a	n/a	n/a	n/a	n/a	n/a	52938.000000
52938.066667	118.166667	26469033	coarse_label		n/a	n/a	n/a	n/a	n/a	n/a	n/a	n/a	n/a	52938.066667
53056.233333	0.100000	26528117	coarse_label	Blocklist (Data break)	n/a	n/a	n/a	n/a	n/a	n/a	n/a	n/a	n/a	53056.233333
53056.333333	120.833333	26528167	coarse_label		n/a	n/a	n/a	n/a	n/a	n/a	n/a	n/a	n/a	53056.333333
53177.166667	0.133333	26588583	coarse_label	Blocklist (Data break)	n/a	n/a	n/a	n/a	n/a	n/a	n/a	n/a	n/a	53177.166667
53177.300000	120.066667	26588650	coarse_label		n/a	n/a	n/a	n/a	n/a	n/a	n/a	n/a	n/a	53177.300000
53297.366667	0.133333	26648683	coarse_label	Blocklist (Data break)	n/a	n/a	n/a	n/a	n/a	n/a	n/a	n/a	n/a	53297.366667
53297.500000	119.066667	26648750	coarse_label		n/a	n/a	n/a	n/a	n/a	n/a	n/a	n/a	n/a	53297.500000
53416.566667	0.166667	26708283	coarse_label	Blocklist (Data break)	n/a	n/a	n/a	n/a	n/a	n/a	n/a	n/a	n/a	53416.566667
53416.733333	120.066667	26708367	coarse_label		n/a	n/a	n/a	n/a	n/a	n/a	n/a	n/a	n/a	53416.733333
53536.800000	0.133333	26768400	coarse_label	Blocklist (Data break)	n/a	n/a	n/a	n/a	n/a	n/a	n/a	n/a	n/a	53536.800000
53536.933333	119.066667	26768467	coarse_label		n/a	n/a	n/a	n/a	n/a	n/a	n/a	n/a	n/a	53536.933333
53656.000000	0.200000	26828000	coarse_label	Blocklist (Data break)	n/a	n/a	n/a	n/a	n/a	n/a	n/a	n/a	n/a	53656.000000
53656.200000	120.800000	26828100	coarse_label		n/a	n/a	n/a	n/a	n/a	n/a	n/a	n/a	n/a	53656.200000
53777.000000	0.166667	26888500	coarse_label	Blocklist (Data break)	n/a	n/a	n/a	n/a	n/a	n/a	n/a	n/a	n/a	53777.000000
53777.166667	119.466667	26888583	coarse_label		n/a	n/a	n/a	n/a	n/a	n/a	n/a	n/a	n/a	53777.166667
53896.633333	0.133333	26948317	coarse_label	Blocklist (Data break)	n/a	n/a	n/a	n/a	n/a	n/a	n/a	n/a	n/a	53896.633333
53896.766667	120.566667	26948383	coarse_label		n/a	n/a	n/a	n/a	n/a	n/a	n/a	n/a	n/a	53896.766667
54017.333333	0.166667	27008667	coarse_label	Blocklist (Data break)	n/a	n/a	n/a	n/a	n/a	n/a	n/a	n/a	n/a	54017.333333
54017.500000	118.666667	27008750	coarse_label		n/a	n/a	n/a	n/a	n/a	n/a	n/a	n/a	n/a	54017.500000
54077.158000	0.666667	27038579	reach_onset	n/a	r_wrist	118.653652	-127.468847	101.720092	0.282494	0.025741	0.200000	1.000000	54077.158000	54077.158000
54102.558000	1.800000	27051279	reach_onset	n/a	r_wrist	182.941337	-139.164210	348.302858	0.239492	0.010840	0.133333	1.000000	54102.558000	54102.558000
54136.166667	0.066667	27068083	coarse_label	Blocklist (Data break)	n/a	n/a	n/a	n/a	n/a	n/a	n/a	n/a	n/a	54136.166667
54136.233333	120.100000	27068117	coarse_label		n/a	n/a	n/a	n/a	n/a	n/a	n/a	n/a	n/a	54136.233333
54256.333333	0.233333	27128167	coarse_label	Blocklist (Data break)	n/a	n/a	n/a	n/a	n/a	n/a	n/a	n/a	n/a	54256.333333
54256.566667	120.433333	27128283	coarse_label		n/a	n/a	n/a	n/a	n/a	n/a	n/a	n/a	n/a	54256.566667
54377.000000	0.200000	27188500	coarse_label	Blocklist (Data break)	n/a	n/a	n/a	n/a	n/a	n/a	n/a	n/a	n/a	54377.000000
54377.200000	119.066667	27188600	coarse_label		n/a	n/a	n/a	n/a	n/a	n/a	n/a	n/a	n/a	54377.200000
54465.564000	1.200000	27232782	reach_onset	n/a	r_wrist	64.671031	42.851081	101.861201	0.304161	0.062917	0.700000	1.000000	54465.564000	54465.565000
54496.266667	0.166667	27248133	coarse_label	Blocklist (Data break)	n/a	n/a	n/a	n/a	n/a	n/a	n/a	n/a	n/a	54496.266667
54496.433333	120.366667	27248217	coarse_label		n/a	n/a	n/a	n/a	n/a	n/a	n/a	n/a	n/a	54496.433333
54590.240000	3.998000	27295120	nan_segment	n/a	n/a	n/a	n/a	n/a	n/a	n/a	n/a	n/a	n/a	n/a
54616.800000	0.100000	27308400	coarse_label	Blocklist (Data break)	n/a	n/a	n/a	n/a	n/a	n/a	n/a	n/a	n/a	54616.800000
54616.900000	119.800000	27308450	coarse_label		n/a	n/a	n/a	n/a	n/a	n/a	n/a	n/a	n/a	54616.900000
54706.456000	4.446000	27353228	nan_segment	n/a	n/a	n/a	n/a	n/a	n/a	n/a	n/a	n/a	n/a	n/a
54712.730000	9.618000	27356365	nan_segment	n/a	n/a	n/a	n/a	n/a	n/a	n/a	n/a	n/a	n/a	n/a
54736.700000	0.066667	27368350	coarse_label	Blocklist (Data break)	n/a	n/a	n/a	n/a	n/a	n/a	n/a	n/a	n/a	54736.700000
54736.766667	119.733333	27368383	coarse_label		n/a	n/a	n/a	n/a	n/a	n/a	n/a	n/a	n/a	54736.766667
54856.500000	0.200000	27428250	coarse_label	Blocklist (Data break)	n/a	n/a	n/a	n/a	n/a	n/a	n/a	n/a	n/a	54856.500000
54856.700000	120.733333	27428350	coarse_label		n/a	n/a	n/a	n/a	n/a	n/a	n/a	n/a	n/a	54856.700000
54977.433333	0.133333	27488717	coarse_label	Blocklist (Data break)	n/a	n/a	n/a	n/a	n/a	n/a	n/a	n/a	n/a	54977.433333
54977.566667	119.900000	27488783	coarse_label		n/a	n/a	n/a	n/a	n/a	n/a	n/a	n/a	n/a	54977.566667
55097.466667	0.166667	27548733	coarse_label	Blocklist (Data break)	n/a	n/a	n/a	n/a	n/a	n/a	n/a	n/a	n/a	55097.466667
55097.633333	119.466667	27548817	coarse_label		n/a	n/a	n/a	n/a	n/a	n/a	n/a	n/a	n/a	55097.633333
55217.100000	0.066667	27608550	coarse_label	Blocklist (Data break)	n/a	n/a	n/a	n/a	n/a	n/a	n/a	n/a	n/a	55217.100000
55217.166667	121.533333	27608583	coarse_label		n/a	n/a	n/a	n/a	n/a	n/a	n/a	n/a	n/a	55217.166667
55338.700000	0.100000	27669350	coarse_label	Blocklist (Data break)	n/a	n/a	n/a	n/a	n/a	n/a	n/a	n/a	n/a	55338.700000
55338.800000	117.566667	27669400	coarse_label		n/a	n/a	n/a	n/a	n/a	n/a	n/a	n/a	n/a	55338.800000
55456.366667	0.200000	27728183	coarse_label	Blocklist (Data break)	n/a	n/a	n/a	n/a	n/a	n/a	n/a	n/a	n/a	55456.366667
55456.566667	122.166667	27728283	coarse_label		n/a	n/a	n/a	n/a	n/a	n/a	n/a	n/a	n/a	55456.566667
55578.733333	0.100000	27789367	coarse_label	Blocklist (Data break)	n/a	n/a	n/a	n/a	n/a	n/a	n/a	n/a	n/a	55578.733333
55578.833333	118.066667	27789417	coarse_label		n/a	n/a	n/a	n/a	n/a	n/a	n/a	n/a	n/a	55578.833333
55696.900000	0.166667	27848450	coarse_label	Blocklist (Data break)	n/a	n/a	n/a	n/a	n/a	n/a	n/a	n/a	n/a	55696.900000
55697.066667	119.866667	27848533	coarse_label		n/a	n/a	n/a	n/a	n/a	n/a	n/a	n/a	n/a	55697.066667
55816.933333	0.166667	27908467	coarse_label	Blocklist (Data break)	n/a	n/a	n/a	n/a	n/a	n/a	n/a	n/a	n/a	55816.933333
55817.100000	118.900000	27908550	coarse_label		n/a	n/a	n/a	n/a	n/a	n/a	n/a	n/a	n/a	55817.100000
55936.000000	0.066667	27968000	coarse_label	Blocklist (Data break)	n/a	n/a	n/a	n/a	n/a	n/a	n/a	n/a	n/a	55936.000000
55936.066667	121.133333	27968033	coarse_label		n/a	n/a	n/a	n/a	n/a	n/a	n/a	n/a	n/a	55936.066667
56057.200000	0.100000	28028600	coarse_label	Blocklist (Data break)	n/a	n/a	n/a	n/a	n/a	n/a	n/a	n/a	n/a	56057.200000
56057.300000	119.433333	28028650	coarse_label		n/a	n/a	n/a	n/a	n/a	n/a	n/a	n/a	n/a	56057.300000
56176.733333	0.133333	28088367	coarse_label	Blocklist (Data break)	n/a	n/a	n/a	n/a	n/a	n/a	n/a	n/a	n/a	56176.733333
56176.866667	119.900000	28088433	coarse_label		n/a	n/a	n/a	n/a	n/a	n/a	n/a	n/a	n/a	56176.866667
56296.766667	0.200000	28148383	coarse_label	Blocklist (Data break)	n/a	n/a	n/a	n/a	n/a	n/a	n/a	n/a	n/a	56296.766667
56296.966667	119.933333	28148483	coarse_label		n/a	n/a	n/a	n/a	n/a	n/a	n/a	n/a	n/a	56296.966667
56416.900000	0.133333	28208450	coarse_label	Blocklist (Data break)	n/a	n/a	n/a	n/a	n/a	n/a	n/a	n/a	n/a	56416.900000
56417.033333	119.833333	28208517	coarse_label		n/a	n/a	n/a	n/a	n/a	n/a	n/a	n/a	n/a	56417.033333
56536.866667	0.166667	28268433	coarse_label	Blocklist (Data break)	n/a	n/a	n/a	n/a	n/a	n/a	n/a	n/a	n/a	56536.866667
56537.033333	119.466667	28268517	coarse_label		n/a	n/a	n/a	n/a	n/a	n/a	n/a	n/a	n/a	56537.033333
56656.500000	0.100000	28328250	coarse_label	Blocklist (Data break)	n/a	n/a	n/a	n/a	n/a	n/a	n/a	n/a	n/a	56656.500000
56656.600000	120.900000	28328300	coarse_label		n/a	n/a	n/a	n/a	n/a	n/a	n/a	n/a	n/a	56656.600000
56777.500000	0.200000	28388750	coarse_label	Blocklist (Data break)	n/a	n/a	n/a	n/a	n/a	n/a	n/a	n/a	n/a	56777.500000
56777.700000	118.766667	28388850	coarse_label		n/a	n/a	n/a	n/a	n/a	n/a	n/a	n/a	n/a	56777.700000
56896.466667	0.100000	28448233	coarse_label	Blocklist (Data break)	n/a	n/a	n/a	n/a	n/a	n/a	n/a	n/a	n/a	56896.466667
56896.566667	119.400000	28448283	coarse_label		n/a	n/a	n/a	n/a	n/a	n/a	n/a	n/a	n/a	56896.566667
57015.966667	0.066667	28507983	coarse_label	Blocklist (Data break)	n/a	n/a	n/a	n/a	n/a	n/a	n/a	n/a	n/a	57015.966667
57016.033333	120.733333	28508017	coarse_label		n/a	n/a	n/a	n/a	n/a	n/a	n/a	n/a	n/a	57016.033333
57044.686000	0.866667	28522343	reach_onset	n/a	r_wrist	55.887246	-92.905919	110.352404	0.239258	0.122701	0.600000	1.000000	57044.686000	57044.686000
57136.766667	0.200000	28568383	coarse_label	Blocklist (Data break)	n/a	n/a	n/a	n/a	n/a	n/a	n/a	n/a	n/a	57136.766667
57136.966667	119.433333	28568483	coarse_label		n/a	n/a	n/a	n/a	n/a	n/a	n/a	n/a	n/a	57136.966667
57256.400000	0.133333	28628200	coarse_label	Blocklist (Data break)	n/a	n/a	n/a	n/a	n/a	n/a	n/a	n/a	n/a	57256.400000
57256.533333	119.733333	28628267	coarse_label		n/a	n/a	n/a	n/a	n/a	n/a	n/a	n/a	n/a	57256.533333
57376.266667	0.200000	28688133	coarse_label	Blocklist (Data break)	n/a	n/a	n/a	n/a	n/a	n/a	n/a	n/a	n/a	57376.266667
57376.466667	119.533333	28688233	coarse_label		n/a	n/a	n/a	n/a	n/a	n/a	n/a	n/a	n/a	57376.466667
57496.000000	0.066667	28748000	coarse_label	Blocklist (Data break)	n/a	n/a	n/a	n/a	n/a	n/a	n/a	n/a	n/a	57496.000000
57496.066667	120.366667	28748033	coarse_label		n/a	n/a	n/a	n/a	n/a	n/a	n/a	n/a	n/a	57496.066667
57616.433333	0.200000	28808217	coarse_label	Blocklist (Data break)	n/a	n/a	n/a	n/a	n/a	n/a	n/a	n/a	n/a	57616.433333
57616.633333	119.400000	28808317	coarse_label		n/a	n/a	n/a	n/a	n/a	n/a	n/a	n/a	n/a	57616.633333
57736.033333	0.066667	28868017	coarse_label	Blocklist (Data break)	n/a	n/a	n/a	n/a	n/a	n/a	n/a	n/a	n/a	57736.033333
57736.100000	120.200000	28868050	coarse_label		n/a	n/a	n/a	n/a	n/a	n/a	n/a	n/a	n/a	57736.100000
57811.162000	2.833333	28905581	reach_onset	n/a	r_wrist	189.192043	-14.692372	107.473737	0.195271	0.510547	2.233333	1.000000	57811.162000	57811.163000
57856.300000	0.100000	28928150	coarse_label	Blocklist (Data break)	n/a	n/a	n/a	n/a	n/a	n/a	n/a	n/a	n/a	57856.300000
57856.400000	122.666667	28928200	coarse_label		n/a	n/a	n/a	n/a	n/a	n/a	n/a	n/a	n/a	57856.400000
57894.916000	1.166667	28947458	reach_onset	n/a	r_wrist	111.649725	172.723778	101.268573	0.267522	0.287464	0.900000	1.000000	57894.916000	57894.916000
57979.066667	0.166667	28989533	coarse_label	Blocklist (Data break)	n/a	n/a	n/a	n/a	n/a	n/a	n/a	n/a	n/a	57979.066667
57979.233333	118.433333	28989617	coarse_label		n/a	n/a	n/a	n/a	n/a	n/a	n/a	n/a	n/a	57979.233333
58097.666667	0.133333	29048833	coarse_label	Blocklist (Data break)	n/a	n/a	n/a	n/a	n/a	n/a	n/a	n/a	n/a	58097.666667
58097.800000	122.600000	29048900	coarse_label		n/a	n/a	n/a	n/a	n/a	n/a	n/a	n/a	n/a	58097.800000
58220.400000	0.166667	29110200	coarse_label	Blocklist (Data break)	n/a	n/a	n/a	n/a	n/a	n/a	n/a	n/a	n/a	58220.400000
58220.566667	116.633333	29110283	coarse_label		n/a	n/a	n/a	n/a	n/a	n/a	n/a	n/a	n/a	58220.566667
58337.200000	0.166667	29168600	coarse_label	Blocklist (Data break)	n/a	n/a	n/a	n/a	n/a	n/a	n/a	n/a	n/a	58337.200000
58337.366667	118.633333	29168683	coarse_label		n/a	n/a	n/a	n/a	n/a	n/a	n/a	n/a	n/a	58337.366667
58456.000000	0.100000	29228000	coarse_label	Blocklist (Data break)	n/a	n/a	n/a	n/a	n/a	n/a	n/a	n/a	n/a	58456.000000
58456.100000	123.000000	29228050	coarse_label		n/a	n/a	n/a	n/a	n/a	n/a	n/a	n/a	n/a	58456.100000
58579.100000	0.200000	29289550	coarse_label	Blocklist (Data break)	n/a	n/a	n/a	n/a	n/a	n/a	n/a	n/a	n/a	58579.100000
58579.300000	116.600000	29289650	coarse_label	Sleep/rest	n/a	n/a	n/a	n/a	n/a	n/a	n/a	n/a	n/a	58579.300000
58695.900000	0.166667	29347950	coarse_label	Blocklist (Data break)	n/a	n/a	n/a	n/a	n/a	n/a	n/a	n/a	n/a	58695.900000
58696.066667	120.233333	29348033	coarse_label	Sleep/rest	n/a	n/a	n/a	n/a	n/a	n/a	n/a	n/a	n/a	58696.066667
58816.300000	0.200000	29408150	coarse_label	Blocklist (Data break)	n/a	n/a	n/a	n/a	n/a	n/a	n/a	n/a	n/a	58816.300000
58816.500000	119.400000	29408250	coarse_label	Sleep/rest	n/a	n/a	n/a	n/a	n/a	n/a	n/a	n/a	n/a	58816.500000
58935.900000	0.200000	29467950	coarse_label	Blocklist (Data break)	n/a	n/a	n/a	n/a	n/a	n/a	n/a	n/a	n/a	58935.900000
58936.100000	120.400000	29468050	coarse_label	Sleep/rest	n/a	n/a	n/a	n/a	n/a	n/a	n/a	n/a	n/a	58936.100000
59056.500000	0.200000	29528250	coarse_label	Blocklist (Data break)	n/a	n/a	n/a	n/a	n/a	n/a	n/a	n/a	n/a	59056.500000
59056.700000	119.166667	29528350	coarse_label	Sleep/rest	n/a	n/a	n/a	n/a	n/a	n/a	n/a	n/a	n/a	59056.700000
59175.866667	0.066667	29587933	coarse_label	Blocklist (Data break)	n/a	n/a	n/a	n/a	n/a	n/a	n/a	n/a	n/a	59175.866667
59175.933333	121.366667	29587967	coarse_label	Sleep/rest	n/a	n/a	n/a	n/a	n/a	n/a	n/a	n/a	n/a	59175.933333
59297.300000	0.166667	29648650	coarse_label	Blocklist (Data break)	n/a	n/a	n/a	n/a	n/a	n/a	n/a	n/a	n/a	59297.300000
59297.466667	119.133333	29648733	coarse_label	Sleep/rest	n/a	n/a	n/a	n/a	n/a	n/a	n/a	n/a	n/a	59297.466667
59416.600000	0.200000	29708300	coarse_label	Blocklist (Data break)	n/a	n/a	n/a	n/a	n/a	n/a	n/a	n/a	n/a	59416.600000
59416.800000	120.366667	29708400	coarse_label	Sleep/rest	n/a	n/a	n/a	n/a	n/a	n/a	n/a	n/a	n/a	59416.800000
59537.166667	0.133333	29768583	coarse_label	Blocklist (Data break)	n/a	n/a	n/a	n/a	n/a	n/a	n/a	n/a	n/a	59537.166667
59537.300000	118.766667	29768650	coarse_label	Sleep/rest	n/a	n/a	n/a	n/a	n/a	n/a	n/a	n/a	n/a	59537.300000
59656.066667	0.133333	29828033	coarse_label	Blocklist (Data break)	n/a	n/a	n/a	n/a	n/a	n/a	n/a	n/a	n/a	59656.066667
59656.200000	122.600000	29828100	coarse_label	Sleep/rest	n/a	n/a	n/a	n/a	n/a	n/a	n/a	n/a	n/a	59656.200000
59778.800000	0.166667	29889400	coarse_label	Blocklist (Data break)	n/a	n/a	n/a	n/a	n/a	n/a	n/a	n/a	n/a	59778.800000
59778.966667	117.866667	29889483	coarse_label	Sleep/rest	n/a	n/a	n/a	n/a	n/a	n/a	n/a	n/a	n/a	59778.966667
59896.833333	0.066667	29948417	coarse_label	Blocklist (Data break)	n/a	n/a	n/a	n/a	n/a	n/a	n/a	n/a	n/a	59896.833333
59896.900000	119.300000	29948450	coarse_label	Sleep/rest	n/a	n/a	n/a	n/a	n/a	n/a	n/a	n/a	n/a	59896.900000
60016.200000	0.233333	30008100	coarse_label	Blocklist (Data break)	n/a	n/a	n/a	n/a	n/a	n/a	n/a	n/a	n/a	60016.200000
60016.433333	120.100000	30008217	coarse_label	Sleep/rest	n/a	n/a	n/a	n/a	n/a	n/a	n/a	n/a	n/a	60016.433333
60136.533333	0.100000	30068267	coarse_label	Blocklist (Data break)	n/a	n/a	n/a	n/a	n/a	n/a	n/a	n/a	n/a	60136.533333
60136.633333	120.166667	30068317	coarse_label	Sleep/rest	n/a	n/a	n/a	n/a	n/a	n/a	n/a	n/a	n/a	60136.633333
60256.800000	0.100000	30128400	coarse_label	Blocklist (Data break)	n/a	n/a	n/a	n/a	n/a	n/a	n/a	n/a	n/a	60256.800000
60256.900000	119.366667	30128450	coarse_label	Sleep/rest	n/a	n/a	n/a	n/a	n/a	n/a	n/a	n/a	n/a	60256.900000
60376.266667	0.133333	30188133	coarse_label	Blocklist (Data break)	n/a	n/a	n/a	n/a	n/a	n/a	n/a	n/a	n/a	60376.266667
60376.400000	119.666667	30188200	coarse_label		n/a	n/a	n/a	n/a	n/a	n/a	n/a	n/a	n/a	60376.400000
60496.066667	0.233333	30248033	coarse_label	Blocklist (Data break)	n/a	n/a	n/a	n/a	n/a	n/a	n/a	n/a	n/a	60496.066667
60496.300000	119.733333	30248150	coarse_label		n/a	n/a	n/a	n/a	n/a	n/a	n/a	n/a	n/a	60496.300000
60616.033333	0.133333	30308017	coarse_label	Blocklist (Data break)	n/a	n/a	n/a	n/a	n/a	n/a	n/a	n/a	n/a	60616.033333
60616.166667	120.566667	30308083	coarse_label		n/a	n/a	n/a	n/a	n/a	n/a	n/a	n/a	n/a	60616.166667
60736.733333	0.133333	30368367	coarse_label	Blocklist (Data break)	n/a	n/a	n/a	n/a	n/a	n/a	n/a	n/a	n/a	60736.733333
60736.866667	119.633333	30368433	coarse_label		n/a	n/a	n/a	n/a	n/a	n/a	n/a	n/a	n/a	60736.866667
60856.500000	0.200000	30428250	coarse_label	Blocklist (Data break)	n/a	n/a	n/a	n/a	n/a	n/a	n/a	n/a	n/a	60856.500000
60856.700000	120.000000	30428350	coarse_label		n/a	n/a	n/a	n/a	n/a	n/a	n/a	n/a	n/a	60856.700000
60976.700000	0.133333	30488350	coarse_label	Blocklist (Data break)	n/a	n/a	n/a	n/a	n/a	n/a	n/a	n/a	n/a	60976.700000
60976.833333	119.900000	30488417	coarse_label		n/a	n/a	n/a	n/a	n/a	n/a	n/a	n/a	n/a	60976.833333
61096.733333	0.166667	30548367	coarse_label	Blocklist (Data break)	n/a	n/a	n/a	n/a	n/a	n/a	n/a	n/a	n/a	61096.733333
61096.900000	118.866667	30548450	coarse_label		n/a	n/a	n/a	n/a	n/a	n/a	n/a	n/a	n/a	61096.900000
61215.766667	0.133333	30607883	coarse_label	Blocklist (Data break)	n/a	n/a	n/a	n/a	n/a	n/a	n/a	n/a	n/a	61215.766667
61215.900000	121.533333	30607950	coarse_label		n/a	n/a	n/a	n/a	n/a	n/a	n/a	n/a	n/a	61215.900000
61337.433333	0.066667	30668717	coarse_label	Blocklist (Data break)	n/a	n/a	n/a	n/a	n/a	n/a	n/a	n/a	n/a	61337.433333
61337.500000	118.766667	30668750	coarse_label		n/a	n/a	n/a	n/a	n/a	n/a	n/a	n/a	n/a	61337.500000
61456.266667	0.166667	30728133	coarse_label	Blocklist (Data break)	n/a	n/a	n/a	n/a	n/a	n/a	n/a	n/a	n/a	61456.266667
61456.433333	119.366667	30728217	coarse_label		n/a	n/a	n/a	n/a	n/a	n/a	n/a	n/a	n/a	61456.433333
61466.314000	1.566667	30733157	reach_onset	n/a	r_wrist	107.026511	-54.761819	128.066555	0.330261	0.089194	0.866667	1.000000	61466.314000	61466.315000
61534.148000	1.233333	30767074	reach_onset	n/a	r_wrist	77.878808	10.191907	92.997839	0.304170	0.000000	0.466667	1.000000	61534.148000	61534.148000
61575.800000	0.233333	30787900	coarse_label	Blocklist (Data break)	n/a	n/a	n/a	n/a	n/a	n/a	n/a	n/a	n/a	61575.800000
61576.033333	119.700000	30788017	coarse_label		n/a	n/a	n/a	n/a	n/a	n/a	n/a	n/a	n/a	61576.033333
61664.778000	1.000000	30832389	reach_onset	n/a	r_wrist	86.239999	-105.723885	100.772825	0.200320	0.062619	0.633333	1.000000	61664.778000	61664.779000
61689.346000	1.433333	30844673	reach_onset	n/a	r_wrist	92.797243	20.379458	156.832421	0.191190	0.262458	1.033333	1.000000	61689.346000	61689.346000
61695.733333	0.200000	30847867	coarse_label	Blocklist (Data break)	n/a	n/a	n/a	n/a	n/a	n/a	n/a	n/a	n/a	61695.733333
61695.933333	122.600000	30847967	coarse_label		n/a	n/a	n/a	n/a	n/a	n/a	n/a	n/a	n/a	61695.933333
61818.533333	0.166667	30909267	coarse_label	Blocklist (Data break)	n/a	n/a	n/a	n/a	n/a	n/a	n/a	n/a	n/a	61818.533333
61818.700000	118.800000	30909350	coarse_label		n/a	n/a	n/a	n/a	n/a	n/a	n/a	n/a	n/a	61818.700000
61826.324000	0.633333	30913162	reach_onset	n/a	r_wrist	126.271572	165.074520	276.547992	0.211347	0.061040	0.066667	1.000000	61826.324000	61826.323000
61937.500000	0.166667	30968750	coarse_label	Blocklist (Data break)	n/a	n/a	n/a	n/a	n/a	n/a	n/a	n/a	n/a	61937.500000
61937.666667	118.400000	30968833	coarse_label		n/a	n/a	n/a	n/a	n/a	n/a	n/a	n/a	n/a	61937.666667
62056.066667	0.066667	31028033	coarse_label	Blocklist (Data break)	n/a	n/a	n/a	n/a	n/a	n/a	n/a	n/a	n/a	62056.066667
62056.133333	121.133333	31028067	coarse_label		n/a	n/a	n/a	n/a	n/a	n/a	n/a	n/a	n/a	62056.133333
62124.060000	0.733333	31062030	reach_onset	n/a	r_wrist	58.985631	161.963080	121.249092	0.135197	0.403967	0.733333	1.000000	62124.060000	62124.061000
62177.266667	0.133333	31088633	coarse_label	Blocklist (Data break)	n/a	n/a	n/a	n/a	n/a	n/a	n/a	n/a	n/a	62177.266667
62177.400000	118.633333	31088700	coarse_label		n/a	n/a	n/a	n/a	n/a	n/a	n/a	n/a	n/a	62177.400000
62296.033333	0.166667	31148017	coarse_label	Blocklist (Data break)	n/a	n/a	n/a	n/a	n/a	n/a	n/a	n/a	n/a	62296.033333
62296.200000	119.600000	31148100	coarse_label		n/a	n/a	n/a	n/a	n/a	n/a	n/a	n/a	n/a	62296.200000
62415.800000	0.166667	31207900	coarse_label	Blocklist (Data break)	n/a	n/a	n/a	n/a	n/a	n/a	n/a	n/a	n/a	62415.800000
62415.966667	120.600000	31207983	coarse_label		n/a	n/a	n/a	n/a	n/a	n/a	n/a	n/a	n/a	62415.966667
62423.490000	1.200000	31211745	reach_onset	n/a	r_wrist	158.404351	-126.672066	102.224611	0.174919	0.037572	0.766667	1.000000	62423.490000	62423.490000
62536.566667	0.133333	31268283	coarse_label	Blocklist (Data break)	n/a	n/a	n/a	n/a	n/a	n/a	n/a	n/a	n/a	62536.566667
62536.700000	119.266667	31268350	coarse_label		n/a	n/a	n/a	n/a	n/a	n/a	n/a	n/a	n/a	62536.700000
62655.966667	0.200000	31327983	coarse_label	Blocklist (Data break)	n/a	n/a	n/a	n/a	n/a	n/a	n/a	n/a	n/a	62655.966667
62656.166667	120.166667	31328083	coarse_label		n/a	n/a	n/a	n/a	n/a	n/a	n/a	n/a	n/a	62656.166667
62730.464000	1.566667	31365232	reach_onset	n/a	r_wrist	140.163475	-108.067498	93.924915	0.191383	0.049233	1.500000	1.000000	62730.464000	62730.464000
62776.333333	0.166667	31388167	coarse_label	Blocklist (Data break)	n/a	n/a	n/a	n/a	n/a	n/a	n/a	n/a	n/a	62776.333333
62776.500000	121.233333	31388250	coarse_label		n/a	n/a	n/a	n/a	n/a	n/a	n/a	n/a	n/a	62776.500000
62897.733333	0.133333	31448867	coarse_label	Blocklist (Data break)	n/a	n/a	n/a	n/a	n/a	n/a	n/a	n/a	n/a	62897.733333
62897.866667	118.633333	31448933	coarse_label		n/a	n/a	n/a	n/a	n/a	n/a	n/a	n/a	n/a	62897.866667
63016.500000	0.166667	31508250	coarse_label	Blocklist (Data break)	n/a	n/a	n/a	n/a	n/a	n/a	n/a	n/a	n/a	63016.500000
63016.666667	120.066667	31508333	coarse_label		n/a	n/a	n/a	n/a	n/a	n/a	n/a	n/a	n/a	63016.666667
63136.733333	0.166667	31568367	coarse_label	Blocklist (Data break)	n/a	n/a	n/a	n/a	n/a	n/a	n/a	n/a	n/a	63136.733333
63136.900000	119.000000	31568450	coarse_label		n/a	n/a	n/a	n/a	n/a	n/a	n/a	n/a	n/a	63136.900000
63218.938000	0.900000	31609469	reach_onset	n/a	r_wrist	116.725764	-112.727764	146.218249	0.301757	0.389992	0.900000	1.000000	63218.938000	63218.938000
63255.900000	0.166667	31627950	coarse_label	Blocklist (Data break)	n/a	n/a	n/a	n/a	n/a	n/a	n/a	n/a	n/a	63255.900000
63256.066667	121.833333	31628033	coarse_label		n/a	n/a	n/a	n/a	n/a	n/a	n/a	n/a	n/a	63256.066667
63377.900000	0.200000	31688950	coarse_label	Blocklist (Data break)	n/a	n/a	n/a	n/a	n/a	n/a	n/a	n/a	n/a	63377.900000
63378.100000	121.500000	31689050	coarse_label		n/a	n/a	n/a	n/a	n/a	n/a	n/a	n/a	n/a	63378.100000
63499.600000	0.133333	31749800	coarse_label	Blocklist (Data break)	n/a	n/a	n/a	n/a	n/a	n/a	n/a	n/a	n/a	63499.600000
63499.733333	116.366667	31749867	coarse_label		n/a	n/a	n/a	n/a	n/a	n/a	n/a	n/a	n/a	63499.733333
63616.100000	0.133333	31808050	coarse_label	Blocklist (Data break)	n/a	n/a	n/a	n/a	n/a	n/a	n/a	n/a	n/a	63616.100000
63616.233333	119.433333	31808117	coarse_label		n/a	n/a	n/a	n/a	n/a	n/a	n/a	n/a	n/a	63616.233333
63735.666667	0.266667	31867833	coarse_label	Blocklist (Data break)	n/a	n/a	n/a	n/a	n/a	n/a	n/a	n/a	n/a	63735.666667
63735.933333	120.766667	31867967	coarse_label		n/a	n/a	n/a	n/a	n/a	n/a	n/a	n/a	n/a	63735.933333
63856.700000	0.166667	31928350	coarse_label	Blocklist (Data break)	n/a	n/a	n/a	n/a	n/a	n/a	n/a	n/a	n/a	63856.700000
63856.866667	119.433333	31928433	coarse_label		n/a	n/a	n/a	n/a	n/a	n/a	n/a	n/a	n/a	63856.866667
63976.300000	0.133333	31988150	coarse_label	Blocklist (Data break)	n/a	n/a	n/a	n/a	n/a	n/a	n/a	n/a	n/a	63976.300000
63976.433333	120.200000	31988217	coarse_label		n/a	n/a	n/a	n/a	n/a	n/a	n/a	n/a	n/a	63976.433333
64096.633333	0.133333	32048317	coarse_label	Blocklist (Data break)	n/a	n/a	n/a	n/a	n/a	n/a	n/a	n/a	n/a	64096.633333
64096.766667	119.966667	32048383	coarse_label		n/a	n/a	n/a	n/a	n/a	n/a	n/a	n/a	n/a	64096.766667
64185.078000	1.000000	32092539	reach_onset	n/a	r_wrist	126.545237	40.183818	98.393409	0.372545	0.063217	0.866667	1.000000	64185.078000	64185.078000
64216.733333	0.133333	32108367	coarse_label	Blocklist (Data break)	n/a	n/a	n/a	n/a	n/a	n/a	n/a	n/a	n/a	64216.733333
64216.866667	119.633333	32108433	coarse_label		n/a	n/a	n/a	n/a	n/a	n/a	n/a	n/a	n/a	64216.866667
64232.180000	0.333333	32116090	reach_onset	n/a	r_wrist	139.982564	-141.121560	301.785286	0.319515	0.079034	0.000000	1.000000	64232.180000	64232.179000
64253.812000	2.033333	32126906	reach_onset	n/a	r_wrist	104.720330	-82.615908	93.024331	0.315926	0.109922	1.033333	1.000000	64253.812000	64253.813000
64336.500000	0.166667	32168250	coarse_label	Blocklist (Data break)	n/a	n/a	n/a	n/a	n/a	n/a	n/a	n/a	n/a	64336.500000
64336.666667	119.300000	32168333	coarse_label		n/a	n/a	n/a	n/a	n/a	n/a	n/a	n/a	n/a	64336.666667
64455.966667	0.200000	32227983	coarse_label	Blocklist (Data break)	n/a	n/a	n/a	n/a	n/a	n/a	n/a	n/a	n/a	64455.966667
64456.166667	120.333333	32228083	coarse_label		n/a	n/a	n/a	n/a	n/a	n/a	n/a	n/a	n/a	64456.166667
64576.500000	0.166667	32288250	coarse_label	Blocklist (Data break)	n/a	n/a	n/a	n/a	n/a	n/a	n/a	n/a	n/a	64576.500000
64576.666667	121.000000	32288333	coarse_label		n/a	n/a	n/a	n/a	n/a	n/a	n/a	n/a	n/a	64576.666667
64697.666667	0.133333	32348833	coarse_label	Blocklist (Data break)	n/a	n/a	n/a	n/a	n/a	n/a	n/a	n/a	n/a	64697.666667
64697.800000	118.466667	32348900	coarse_label		n/a	n/a	n/a	n/a	n/a	n/a	n/a	n/a	n/a	64697.800000
64807.426000	0.933333	32403713	reach_onset	n/a	r_wrist	184.113151	-173.694141	215.909365	0.247810	0.020271	0.266667	1.000000	64807.426000	64807.427000
64816.266667	0.133333	32408133	coarse_label	Blocklist (Data break)	n/a	n/a	n/a	n/a	n/a	n/a	n/a	n/a	n/a	64816.266667
64816.400000	122.100000	32408200	coarse_label		n/a	n/a	n/a	n/a	n/a	n/a	n/a	n/a	n/a	64816.400000
64818.328000	1.933333	32409164	reach_onset	n/a	r_wrist	121.569531	-148.258739	181.196622	0.252757	0.007763	0.000000	0.000000	64818.328000	64818.328000
64907.094000	1.733333	32453547	reach_onset	n/a	r_wrist	119.068407	176.909314	128.614093	0.346991	0.472224	1.433333	1.000000	64907.094000	64907.095000
64938.500000	0.100000	32469250	coarse_label	Blocklist (Data break)	n/a	n/a	n/a	n/a	n/a	n/a	n/a	n/a	n/a	64938.500000
64938.600000	117.500000	32469300	coarse_label		n/a	n/a	n/a	n/a	n/a	n/a	n/a	n/a	n/a	64938.600000
64944.118000	1.500000	32472059	reach_onset	n/a	r_wrist	91.102998	-59.272883	178.157724	0.409302	0.010804	0.000000	0.000000	64944.118000	64944.117000
65056.100000	0.133333	32528050	coarse_label	Blocklist (Data break)	n/a	n/a	n/a	n/a	n/a	n/a	n/a	n/a	n/a	65056.100000
65056.233333	121.300000	32528117	coarse_label		n/a	n/a	n/a	n/a	n/a	n/a	n/a	n/a	n/a	65056.233333
65177.533333	0.166667	32588767	coarse_label	Blocklist (Data break)	n/a	n/a	n/a	n/a	n/a	n/a	n/a	n/a	n/a	65177.533333
65177.700000	118.000000	32588850	coarse_label		n/a	n/a	n/a	n/a	n/a	n/a	n/a	n/a	n/a	65177.700000
65187.788000	3.300000	32593894	reach_onset	n/a	r_wrist	259.411955	-1.952490	96.565417	0.336403	0.171620	1.966667	1.000000	65187.788000	65187.788000
65256.120000	1.066667	32628060	reach_onset	n/a	r_wrist	84.442666	-43.182249	118.509961	0.377855	0.039425	0.000000	0.000000	65256.120000	65256.121000
65295.700000	0.200000	32647850	coarse_label	Blocklist (Data break)	n/a	n/a	n/a	n/a	n/a	n/a	n/a	n/a	n/a	65295.700000
65295.900000	120.033333	32647950	coarse_label		n/a	n/a	n/a	n/a	n/a	n/a	n/a	n/a	n/a	65295.900000
65318.206000	1.366667	32659103	reach_onset	n/a	r_wrist	211.409828	-11.446391	149.234939	0.461948	0.005204	0.500000	1.000000	65318.206000	65318.206000
65415.933333	0.133333	32707967	coarse_label	Blocklist (Data break)	n/a	n/a	n/a	n/a	n/a	n/a	n/a	n/a	n/a	65415.933333
65416.066667	120.666667	32708033	coarse_label		n/a	n/a	n/a	n/a	n/a	n/a	n/a	n/a	n/a	65416.066667
65497.216000	1.766667	32748608	reach_onset	n/a	r_wrist	241.796925	-8.235251	130.376177	0.414800	0.041713	1.300000	1.000000	65497.216000	65497.216000
65506.716000	1.266667	32753358	reach_onset	n/a	r_wrist	82.696101	138.363829	165.386750	0.391534	0.119106	0.600000	1.000000	65506.716000	65506.716000
65536.733333	0.233333	32768367	coarse_label	Blocklist (Data break)	n/a	n/a	n/a	n/a	n/a	n/a	n/a	n/a	n/a	65536.733333
65536.966667	120.600000	32768483	coarse_label		n/a	n/a	n/a	n/a	n/a	n/a	n/a	n/a	n/a	65536.966667
65550.096000	1.466667	32775048	reach_onset	n/a	r_wrist	90.304706	141.065578	125.681424	0.366424	0.065639	0.000000	0.000000	65550.096000	65550.095000
65579.596000	1.466667	32789798	reach_onset	n/a	r_wrist	245.334453	-9.095590	184.168626	0.372828	0.095871	0.533333	1.000000	65579.596000	65579.595000
65657.566667	0.133333	32828783	coarse_label	Blocklist (Data break)	n/a	n/a	n/a	n/a	n/a	n/a	n/a	n/a	n/a	65657.566667
65657.700000	118.966667	32828850	coarse_label		n/a	n/a	n/a	n/a	n/a	n/a	n/a	n/a	n/a	65657.700000
65660.882000	1.500000	32830441	reach_onset	n/a	r_wrist	147.498130	156.532746	99.279326	0.394425	0.056108	0.000000	0.000000	65660.882000	65660.883000
65681.916000	1.366667	32840958	reach_onset	n/a	r_wrist	70.446530	34.708861	120.657261	0.403206	0.103914	0.833333	1.000000	65681.916000	65681.916000
65776.666667	0.100000	32888333	coarse_label	Blocklist (Data break)	n/a	n/a	n/a	n/a	n/a	n/a	n/a	n/a	n/a	65776.666667
65776.766667	121.133333	32888383	coarse_label		n/a	n/a	n/a	n/a	n/a	n/a	n/a	n/a	n/a	65776.766667
65795.734000	0.833333	32897867	reach_onset	n/a	r_wrist	56.191013	-92.703525	122.063111	0.338460	0.012337	0.000000	0.000000	65795.734000	65795.735000
65827.268000	0.766667	32913634	reach_onset	n/a	r_wrist	56.813452	-97.721306	108.062097	0.315476	0.008249	0.000000	0.000000	65827.268000	65827.268000
65897.900000	0.166667	32948950	coarse_label	Blocklist (Data break)	n/a	n/a	n/a	n/a	n/a	n/a	n/a	n/a	n/a	65897.900000
65898.066667	118.366667	32949033	coarse_label		n/a	n/a	n/a	n/a	n/a	n/a	n/a	n/a	n/a	65898.066667
66016.433333	0.066667	33008217	coarse_label	Blocklist (Data break)	n/a	n/a	n/a	n/a	n/a	n/a	n/a	n/a	n/a	66016.433333
66016.500000	119.900000	33008250	coarse_label		n/a	n/a	n/a	n/a	n/a	n/a	n/a	n/a	n/a	66016.500000
66136.400000	0.233333	33068200	coarse_label	Blocklist (Data break)	n/a	n/a	n/a	n/a	n/a	n/a	n/a	n/a	n/a	66136.400000
66136.633333	119.333333	33068317	coarse_label		n/a	n/a	n/a	n/a	n/a	n/a	n/a	n/a	n/a	66136.633333
66255.966667	0.066667	33127983	coarse_label	Blocklist (Data break)	n/a	n/a	n/a	n/a	n/a	n/a	n/a	n/a	n/a	66255.966667
66256.033333	119.766667	33128017	coarse_label		n/a	n/a	n/a	n/a	n/a	n/a	n/a	n/a	n/a	66256.033333
66375.800000	0.233333	33187900	coarse_label	Blocklist (Data break)	n/a	n/a	n/a	n/a	n/a	n/a	n/a	n/a	n/a	66375.800000
66376.033333	119.933333	33188017	coarse_label		n/a	n/a	n/a	n/a	n/a	n/a	n/a	n/a	n/a	66376.033333
66495.966667	0.233333	33247983	coarse_label	Blocklist (Data break)	n/a	n/a	n/a	n/a	n/a	n/a	n/a	n/a	n/a	66495.966667
66496.200000	119.600000	33248100	coarse_label		n/a	n/a	n/a	n/a	n/a	n/a	n/a	n/a	n/a	66496.200000
66570.446000	0.700000	33285223	reach_onset	n/a	r_wrist	70.699602	-58.604960	111.338428	0.358180	0.127548	0.400000	1.000000	66570.446000	66570.446000
66615.800000	0.200000	33307900	coarse_label	Blocklist (Data break)	n/a	n/a	n/a	n/a	n/a	n/a	n/a	n/a	n/a	66615.800000
66616.000000	119.766667	33308000	coarse_label		n/a	n/a	n/a	n/a	n/a	n/a	n/a	n/a	n/a	66616.000000
66735.766667	0.300000	33367883	coarse_label	Blocklist (Data break)	n/a	n/a	n/a	n/a	n/a	n/a	n/a	n/a	n/a	66735.766667
66736.066667	121.200000	33368033	coarse_label		n/a	n/a	n/a	n/a	n/a	n/a	n/a	n/a	n/a	66736.066667
66857.266667	0.066667	33428633	coarse_label	Blocklist (Data break)	n/a	n/a	n/a	n/a	n/a	n/a	n/a	n/a	n/a	66857.266667
66857.333333	118.733333	33428667	coarse_label		n/a	n/a	n/a	n/a	n/a	n/a	n/a	n/a	n/a	66857.333333
66976.066667	0.100000	33488033	coarse_label	Blocklist (Data break)	n/a	n/a	n/a	n/a	n/a	n/a	n/a	n/a	n/a	66976.066667
66976.166667	120.400000	33488083	coarse_label		n/a	n/a	n/a	n/a	n/a	n/a	n/a	n/a	n/a	66976.166667
67096.566667	0.066667	33548283	coarse_label	Blocklist (Data break)	n/a	n/a	n/a	n/a	n/a	n/a	n/a	n/a	n/a	67096.566667
67096.633333	120.100000	33548317	coarse_label		n/a	n/a	n/a	n/a	n/a	n/a	n/a	n/a	n/a	67096.633333
67216.733333	0.200000	33608367	coarse_label	Blocklist (Data break)	n/a	n/a	n/a	n/a	n/a	n/a	n/a	n/a	n/a	67216.733333
67216.933333	119.766667	33608467	coarse_label		n/a	n/a	n/a	n/a	n/a	n/a	n/a	n/a	n/a	67216.933333
67336.700000	0.066667	33668350	coarse_label	Blocklist (Data break)	n/a	n/a	n/a	n/a	n/a	n/a	n/a	n/a	n/a	67336.700000
67336.766667	120.633333	33668383	coarse_label		n/a	n/a	n/a	n/a	n/a	n/a	n/a	n/a	n/a	67336.766667
67457.400000	0.133333	33728700	coarse_label	Blocklist (Data break)	n/a	n/a	n/a	n/a	n/a	n/a	n/a	n/a	n/a	67457.400000
67457.533333	118.200000	33728767	coarse_label		n/a	n/a	n/a	n/a	n/a	n/a	n/a	n/a	n/a	67457.533333
67575.733333	0.100000	33787867	coarse_label	Blocklist (Data break)	n/a	n/a	n/a	n/a	n/a	n/a	n/a	n/a	n/a	67575.733333
67575.833333	121.233333	33787917	coarse_label		n/a	n/a	n/a	n/a	n/a	n/a	n/a	n/a	n/a	67575.833333
67630.088000	1.266667	33815044	reach_onset	n/a	r_wrist	195.368151	117.391392	189.920577	0.352819	0.432276	1.000000	1.000000	67630.088000	67630.088000
67697.066667	0.100000	33848533	coarse_label	Blocklist (Data break)	n/a	n/a	n/a	n/a	n/a	n/a	n/a	n/a	n/a	67697.066667
67697.166667	118.866667	33848583	coarse_label		n/a	n/a	n/a	n/a	n/a	n/a	n/a	n/a	n/a	67697.166667
67787.442000	2.533333	33893721	reach_onset	n/a	r_wrist	241.809695	156.399262	95.726591	0.364338	0.142342	2.200000	1.000000	67787.442000	67787.442000
67816.033333	0.133333	33908017	coarse_label	Blocklist (Data break)	n/a	n/a	n/a	n/a	n/a	n/a	n/a	n/a	n/a	67816.033333
67816.166667	120.033333	33908083	coarse_label		n/a	n/a	n/a	n/a	n/a	n/a	n/a	n/a	n/a	67816.166667
67936.200000	0.100000	33968100	coarse_label	Blocklist (Data break)	n/a	n/a	n/a	n/a	n/a	n/a	n/a	n/a	n/a	67936.200000
67936.300000	120.266667	33968150	coarse_label		n/a	n/a	n/a	n/a	n/a	n/a	n/a	n/a	n/a	67936.300000
68056.566667	0.100000	34028283	coarse_label	Blocklist (Data break)	n/a	n/a	n/a	n/a	n/a	n/a	n/a	n/a	n/a	68056.566667
68056.666667	120.400000	34028333	coarse_label		n/a	n/a	n/a	n/a	n/a	n/a	n/a	n/a	n/a	68056.666667
68177.066667	0.100000	34088533	coarse_label	Blocklist (Data break)	n/a	n/a	n/a	n/a	n/a	n/a	n/a	n/a	n/a	68177.066667
68177.166667	119.466667	34088583	coarse_label		n/a	n/a	n/a	n/a	n/a	n/a	n/a	n/a	n/a	68177.166667
68207.936000	0.900000	34103968	reach_onset	n/a	r_wrist	193.067576	-176.341433	152.627640	0.331499	0.046578	0.266667	1.000000	68207.936000	68207.937000
68296.633333	0.066667	34148317	coarse_label	Blocklist (Data break)	n/a	n/a	n/a	n/a	n/a	n/a	n/a	n/a	n/a	68296.633333
68296.700000	120.433333	34148350	coarse_label		n/a	n/a	n/a	n/a	n/a	n/a	n/a	n/a	n/a	68296.700000
68417.133333	0.166667	34208567	coarse_label	Blocklist (Data break)	n/a	n/a	n/a	n/a	n/a	n/a	n/a	n/a	n/a	68417.133333
68417.300000	118.966667	34208650	coarse_label		n/a	n/a	n/a	n/a	n/a	n/a	n/a	n/a	n/a	68417.300000
68536.266667	0.200000	34268133	coarse_label	Blocklist (Data break)	n/a	n/a	n/a	n/a	n/a	n/a	n/a	n/a	n/a	68536.266667
68536.466667	121.166667	34268233	coarse_label		n/a	n/a	n/a	n/a	n/a	n/a	n/a	n/a	n/a	68536.466667
68657.633333	0.166667	34328817	coarse_label	Blocklist (Data break)	n/a	n/a	n/a	n/a	n/a	n/a	n/a	n/a	n/a	68657.633333
68657.800000	118.400000	34328900	coarse_label		n/a	n/a	n/a	n/a	n/a	n/a	n/a	n/a	n/a	68657.800000
68776.200000	0.166667	34388100	coarse_label	Blocklist (Data break)	n/a	n/a	n/a	n/a	n/a	n/a	n/a	n/a	n/a	68776.200000
68776.366667	119.600000	34388183	coarse_label		n/a	n/a	n/a	n/a	n/a	n/a	n/a	n/a	n/a	68776.366667
68895.966667	0.133333	34447983	coarse_label	Blocklist (Data break)	n/a	n/a	n/a	n/a	n/a	n/a	n/a	n/a	n/a	68895.966667
68896.100000	119.433333	34448050	coarse_label		n/a	n/a	n/a	n/a	n/a	n/a	n/a	n/a	n/a	68896.100000
69015.533333	0.166667	34507767	coarse_label	Blocklist (Data break)	n/a	n/a	n/a	n/a	n/a	n/a	n/a	n/a	n/a	69015.533333
69015.700000	120.533333	34507850	coarse_label		n/a	n/a	n/a	n/a	n/a	n/a	n/a	n/a	n/a	69015.700000
69136.233333	0.166667	34568117	coarse_label	Blocklist (Data break)	n/a	n/a	n/a	n/a	n/a	n/a	n/a	n/a	n/a	69136.233333
69136.400000	120.233333	34568200	coarse_label		n/a	n/a	n/a	n/a	n/a	n/a	n/a	n/a	n/a	69136.400000
69256.633333	0.066667	34628317	coarse_label	Blocklist (Data break)	n/a	n/a	n/a	n/a	n/a	n/a	n/a	n/a	n/a	69256.633333
69256.700000	119.466667	34628350	coarse_label		n/a	n/a	n/a	n/a	n/a	n/a	n/a	n/a	n/a	69256.700000
69376.166667	0.133333	34688083	coarse_label	Blocklist (Data break)	n/a	n/a	n/a	n/a	n/a	n/a	n/a	n/a	n/a	69376.166667
69376.300000	121.400000	34688150	coarse_label		n/a	n/a	n/a	n/a	n/a	n/a	n/a	n/a	n/a	69376.300000
69497.700000	0.166667	34748850	coarse_label	Blocklist (Data break)	n/a	n/a	n/a	n/a	n/a	n/a	n/a	n/a	n/a	69497.700000
69497.866667	119.266667	34748933	coarse_label		n/a	n/a	n/a	n/a	n/a	n/a	n/a	n/a	n/a	69497.866667
69617.133333	0.100000	34808567	coarse_label	Blocklist (Data break)	n/a	n/a	n/a	n/a	n/a	n/a	n/a	n/a	n/a	69617.133333
69617.233333	118.800000	34808617	coarse_label		n/a	n/a	n/a	n/a	n/a	n/a	n/a	n/a	n/a	69617.233333
69736.033333	0.133333	34868017	coarse_label	Blocklist (Data break)	n/a	n/a	n/a	n/a	n/a	n/a	n/a	n/a	n/a	69736.033333
69736.166667	119.966667	34868083	coarse_label		n/a	n/a	n/a	n/a	n/a	n/a	n/a	n/a	n/a	69736.166667
69856.133333	0.166667	34928067	coarse_label	Blocklist (Data break)	n/a	n/a	n/a	n/a	n/a	n/a	n/a	n/a	n/a	69856.133333
69856.300000	119.966667	34928150	coarse_label		n/a	n/a	n/a	n/a	n/a	n/a	n/a	n/a	n/a	69856.300000
69976.266667	0.133333	34988133	coarse_label	Blocklist (Data break)	n/a	n/a	n/a	n/a	n/a	n/a	n/a	n/a	n/a	69976.266667
69976.400000	119.633333	34988200	coarse_label		n/a	n/a	n/a	n/a	n/a	n/a	n/a	n/a	n/a	69976.400000
70096.033333	0.033333	35048017	coarse_label	Blocklist (Data break)	n/a	n/a	n/a	n/a	n/a	n/a	n/a	n/a	n/a	70096.033333
70096.066667	121.500000	35048033	coarse_label		n/a	n/a	n/a	n/a	n/a	n/a	n/a	n/a	n/a	70096.066667
70217.566667	0.233333	35108783	coarse_label	Blocklist (Data break)	n/a	n/a	n/a	n/a	n/a	n/a	n/a	n/a	n/a	70217.566667
70217.800000	118.666667	35108900	coarse_label		n/a	n/a	n/a	n/a	n/a	n/a	n/a	n/a	n/a	70217.800000
70336.466667	0.233333	35168233	coarse_label	Blocklist (Data break)	n/a	n/a	n/a	n/a	n/a	n/a	n/a	n/a	n/a	70336.466667
70336.700000	119.133333	35168350	coarse_label		n/a	n/a	n/a	n/a	n/a	n/a	n/a	n/a	n/a	70336.700000
70348.604000	2.933333	35174302	reach_onset	n/a	r_wrist	67.375957	42.262758	135.692666	0.242783	0.019856	1.833333	1.000000	70348.604000	70348.604000
70433.370000	1.266667	35216685	reach_onset	n/a	r_wrist	141.754204	90.168370	93.566406	0.323937	0.007243	0.366667	1.000000	70433.370000	70433.371000
70455.833333	0.166667	35227917	coarse_label	Blocklist (Data break)	n/a	n/a	n/a	n/a	n/a	n/a	n/a	n/a	n/a	70455.833333
70456.000000	119.533333	35228000	coarse_label		n/a	n/a	n/a	n/a	n/a	n/a	n/a	n/a	n/a	70456.000000
70575.533333	0.233333	35287767	coarse_label	Blocklist (Data break)	n/a	n/a	n/a	n/a	n/a	n/a	n/a	n/a	n/a	70575.533333
70575.766667	120.866667	35287883	coarse_label		n/a	n/a	n/a	n/a	n/a	n/a	n/a	n/a	n/a	70575.766667
70696.633333	0.100000	35348317	coarse_label	Blocklist (Data break)	n/a	n/a	n/a	n/a	n/a	n/a	n/a	n/a	n/a	70696.633333
70696.733333	119.866667	35348367	coarse_label		n/a	n/a	n/a	n/a	n/a	n/a	n/a	n/a	n/a	70696.733333
70816.600000	0.200000	35408300	coarse_label	Blocklist (Data break)	n/a	n/a	n/a	n/a	n/a	n/a	n/a	n/a	n/a	70816.600000
70816.800000	119.100000	35408400	coarse_label		n/a	n/a	n/a	n/a	n/a	n/a	n/a	n/a	n/a	70816.800000
70935.900000	0.300000	35467950	coarse_label	Blocklist (Data break)	n/a	n/a	n/a	n/a	n/a	n/a	n/a	n/a	n/a	70935.900000
70936.200000	119.333333	35468100	coarse_label		n/a	n/a	n/a	n/a	n/a	n/a	n/a	n/a	n/a	70936.200000
71035.584000	0.900000	35517792	reach_onset	n/a	r_wrist	103.164580	170.121942	96.790487	0.388915	0.091993	0.900000	1.000000	71035.584000	71035.585000
71055.533333	0.100000	35527767	coarse_label	Blocklist (Data break)	n/a	n/a	n/a	n/a	n/a	n/a	n/a	n/a	n/a	71055.533333
71055.633333	121.500000	35527817	coarse_label		n/a	n/a	n/a	n/a	n/a	n/a	n/a	n/a	n/a	71055.633333
71177.133333	0.266667	35588567	coarse_label	Blocklist (Data break)	n/a	n/a	n/a	n/a	n/a	n/a	n/a	n/a	n/a	71177.133333
71177.400000	120.266667	35588700	coarse_label		n/a	n/a	n/a	n/a	n/a	n/a	n/a	n/a	n/a	71177.400000
71297.666667	0.100000	35648833	coarse_label	Blocklist (Data break)	n/a	n/a	n/a	n/a	n/a	n/a	n/a	n/a	n/a	71297.666667
71297.766667	118.666667	35648883	coarse_label		n/a	n/a	n/a	n/a	n/a	n/a	n/a	n/a	n/a	71297.766667
71416.433333	0.233333	35708217	coarse_label	Blocklist (Data break)	n/a	n/a	n/a	n/a	n/a	n/a	n/a	n/a	n/a	71416.433333
71416.666667	119.366667	35708333	coarse_label		n/a	n/a	n/a	n/a	n/a	n/a	n/a	n/a	n/a	71416.666667
71488.846000	1.233333	35744423	reach_onset	n/a	r_wrist	55.441163	125.174618	110.601874	0.171921	0.000000	1.233333	1.000000	71488.846000	71488.847000
71536.033333	0.133333	35768017	coarse_label	Blocklist (Data break)	n/a	n/a	n/a	n/a	n/a	n/a	n/a	n/a	n/a	71536.033333
71536.166667	116.433333	35768083	coarse_label		n/a	n/a	n/a	n/a	n/a	n/a	n/a	n/a	n/a	71536.166667
71637.134000	1.766667	35818567	reach_onset	n/a	r_wrist	57.696918	73.488433	96.175428	0.364113	0.030007	0.000000	0.000000	71637.134000	71637.134000
71652.600000	4.100000	35826300	coarse_label	Blocklist (Data break)	n/a	n/a	n/a	n/a	n/a	n/a	n/a	n/a	n/a	71652.600000
71656.700000	120.933333	35828350	coarse_label		n/a	n/a	n/a	n/a	n/a	n/a	n/a	n/a	n/a	71656.700000
71777.633333	0.166667	35888817	coarse_label	Blocklist (Data break)	n/a	n/a	n/a	n/a	n/a	n/a	n/a	n/a	n/a	71777.633333
71777.800000	119.400000	35888900	coarse_label		n/a	n/a	n/a	n/a	n/a	n/a	n/a	n/a	n/a	71777.800000
71897.200000	0.233333	35948600	coarse_label	Blocklist (Data break)	n/a	n/a	n/a	n/a	n/a	n/a	n/a	n/a	n/a	71897.200000
71897.433333	120.700000	35948717	coarse_label		n/a	n/a	n/a	n/a	n/a	n/a	n/a	n/a	n/a	71897.433333
72018.133333	0.133333	36009067	coarse_label	Blocklist (Data break)	n/a	n/a	n/a	n/a	n/a	n/a	n/a	n/a	n/a	72018.133333
72018.266667	118.933333	36009133	coarse_label		n/a	n/a	n/a	n/a	n/a	n/a	n/a	n/a	n/a	72018.266667
72137.200000	0.066667	36068600	coarse_label	Blocklist (Data break)	n/a	n/a	n/a	n/a	n/a	n/a	n/a	n/a	n/a	72137.200000
72137.266667	121.133333	36068633	coarse_label		n/a	n/a	n/a	n/a	n/a	n/a	n/a	n/a	n/a	72137.266667
72182.600000	0.733333	36091300	reach_onset	n/a	r_wrist	60.114840	-100.065043	105.562441	0.216600	0.478750	0.466667	1.000000	72182.600000	72182.600000
72187.166000	2.033333	36093583	reach_onset	n/a	r_wrist	123.646271	-81.886545	124.565923	0.217157	0.683296	2.033333	1.000000	72187.166000	72187.166000
72258.400000	0.100000	36129200	coarse_label	Blocklist (Data break)	n/a	n/a	n/a	n/a	n/a	n/a	n/a	n/a	n/a	72258.400000
72258.500000	118.666667	36129250	coarse_label		n/a	n/a	n/a	n/a	n/a	n/a	n/a	n/a	n/a	72258.500000
72377.166667	0.166667	36188583	coarse_label	Blocklist (Data break)	n/a	n/a	n/a	n/a	n/a	n/a	n/a	n/a	n/a	72377.166667
72377.333333	119.300000	36188667	coarse_label		n/a	n/a	n/a	n/a	n/a	n/a	n/a	n/a	n/a	72377.333333
72496.633333	0.166667	36248317	coarse_label	Blocklist (Data break)	n/a	n/a	n/a	n/a	n/a	n/a	n/a	n/a	n/a	72496.633333
72496.800000	121.200000	36248400	coarse_label		n/a	n/a	n/a	n/a	n/a	n/a	n/a	n/a	n/a	72496.800000
72618.000000	0.166667	36309000	coarse_label	Blocklist (Data break)	n/a	n/a	n/a	n/a	n/a	n/a	n/a	n/a	n/a	72618.000000
72618.166667	119.466667	36309083	coarse_label		n/a	n/a	n/a	n/a	n/a	n/a	n/a	n/a	n/a	72618.166667
72737.633333	0.133333	36368817	coarse_label	Blocklist (Data break)	n/a	n/a	n/a	n/a	n/a	n/a	n/a	n/a	n/a	72737.633333
72737.766667	119.100000	36368883	coarse_label		n/a	n/a	n/a	n/a	n/a	n/a	n/a	n/a	n/a	72737.766667
72856.866667	0.266667	36428433	coarse_label	Blocklist (Data break)	n/a	n/a	n/a	n/a	n/a	n/a	n/a	n/a	n/a	72856.866667
72857.133333	119.933333	36428567	coarse_label		n/a	n/a	n/a	n/a	n/a	n/a	n/a	n/a	n/a	72857.133333
72870.100000	1.233333	36435050	reach_onset	n/a	r_wrist	128.583836	-64.276940	172.203496	0.148666	0.484899	0.733333	1.000000	72870.100000	72870.101000
72894.734000	1.366667	36447367	reach_onset	n/a	r_wrist	126.766111	126.401580	104.666323	0.156964	0.052949	0.966667	1.000000	72894.734000	72894.734000
72977.066667	0.133333	36488533	coarse_label	Blocklist (Data break)	n/a	n/a	n/a	n/a	n/a	n/a	n/a	n/a	n/a	72977.066667
72977.200000	120.900000	36488600	coarse_label		n/a	n/a	n/a	n/a	n/a	n/a	n/a	n/a	n/a	72977.200000
72986.754000	2.366667	36493377	reach_onset	n/a	r_wrist	195.151771	159.569283	183.717723	0.179183	0.142644	2.366667	1.000000	72986.754000	72986.755000
73000.054000	1.000000	36500027	reach_onset	n/a	r_wrist	110.093046	-14.270127	101.787961	0.169186	0.361888	0.766667	1.000000	73000.054000	73000.055000
73098.100000	0.200000	36549050	coarse_label	Blocklist (Data break)	n/a	n/a	n/a	n/a	n/a	n/a	n/a	n/a	n/a	73098.100000
73098.300000	118.433333	36549150	coarse_label		n/a	n/a	n/a	n/a	n/a	n/a	n/a	n/a	n/a	73098.300000
73160.496000	1.033333	36580248	reach_onset	n/a	r_wrist	87.100030	-99.751559	159.280998	0.192351	0.163294	0.400000	1.000000	73160.496000	73160.497000
73216.733333	0.166667	36608367	coarse_label	Blocklist (Data break)	n/a	n/a	n/a	n/a	n/a	n/a	n/a	n/a	n/a	73216.733333
73216.900000	119.666667	36608450	coarse_label		n/a	n/a	n/a	n/a	n/a	n/a	n/a	n/a	n/a	73216.900000
73336.566667	0.133333	36668283	coarse_label	Blocklist (Data break)	n/a	n/a	n/a	n/a	n/a	n/a	n/a	n/a	n/a	73336.566667
73336.700000	121.733333	36668350	coarse_label		n/a	n/a	n/a	n/a	n/a	n/a	n/a	n/a	n/a	73336.700000
73458.433333	0.033333	36729217	coarse_label	Blocklist (Data break)	n/a	n/a	n/a	n/a	n/a	n/a	n/a	n/a	n/a	73458.433333
73458.466667	118.366667	36729233	coarse_label		n/a	n/a	n/a	n/a	n/a	n/a	n/a	n/a	n/a	73458.466667
73576.833333	0.100000	36788417	coarse_label	Blocklist (Data break)	n/a	n/a	n/a	n/a	n/a	n/a	n/a	n/a	n/a	73576.833333
73576.933333	119.833333	36788467	coarse_label		n/a	n/a	n/a	n/a	n/a	n/a	n/a	n/a	n/a	73576.933333
73696.766667	0.166667	36848383	coarse_label	Blocklist (Data break)	n/a	n/a	n/a	n/a	n/a	n/a	n/a	n/a	n/a	73696.766667
73696.933333	121.366667	36848467	coarse_label		n/a	n/a	n/a	n/a	n/a	n/a	n/a	n/a	n/a	73696.933333
73818.300000	0.166667	36909150	coarse_label	Blocklist (Data break)	n/a	n/a	n/a	n/a	n/a	n/a	n/a	n/a	n/a	73818.300000
73818.466667	118.633333	36909233	coarse_label		n/a	n/a	n/a	n/a	n/a	n/a	n/a	n/a	n/a	73818.466667
73937.100000	0.133333	36968550	coarse_label	Blocklist (Data break)	n/a	n/a	n/a	n/a	n/a	n/a	n/a	n/a	n/a	73937.100000
73937.233333	119.200000	36968617	coarse_label		n/a	n/a	n/a	n/a	n/a	n/a	n/a	n/a	n/a	73937.233333
74056.433333	0.100000	37028217	coarse_label	Blocklist (Data break)	n/a	n/a	n/a	n/a	n/a	n/a	n/a	n/a	n/a	74056.433333
74056.533333	120.000000	37028267	coarse_label		n/a	n/a	n/a	n/a	n/a	n/a	n/a	n/a	n/a	74056.533333
74176.533333	0.133333	37088267	coarse_label	Blocklist (Data break)	n/a	n/a	n/a	n/a	n/a	n/a	n/a	n/a	n/a	74176.533333
74176.666667	121.233333	37088333	coarse_label		n/a	n/a	n/a	n/a	n/a	n/a	n/a	n/a	n/a	74176.666667
74292.716000	1.233333	37146358	reach_onset	n/a	r_wrist	102.288088	-76.811487	111.552886	0.130699	0.000000	1.233333	1.000000	74292.716000	74292.716000
74297.900000	0.200000	37148950	coarse_label	Blocklist (Data break)	n/a	n/a	n/a	n/a	n/a	n/a	n/a	n/a	n/a	74297.900000
74298.100000	119.000000	37149050	coarse_label		n/a	n/a	n/a	n/a	n/a	n/a	n/a	n/a	n/a	74298.100000
74417.100000	0.133333	37208550	coarse_label	Blocklist (Data break)	n/a	n/a	n/a	n/a	n/a	n/a	n/a	n/a	n/a	74417.100000
74417.233333	119.166667	37208617	coarse_label		n/a	n/a	n/a	n/a	n/a	n/a	n/a	n/a	n/a	74417.233333
74492.490000	1.433333	37246245	reach_onset	n/a	r_wrist	151.890099	-157.439020	107.334108	0.247165	0.094762	1.433333	1.000000	74492.490000	74492.490000
74536.400000	0.100000	37268200	coarse_label	Blocklist (Data break)	n/a	n/a	n/a	n/a	n/a	n/a	n/a	n/a	n/a	74536.400000
74536.500000	120.900000	37268250	coarse_label		n/a	n/a	n/a	n/a	n/a	n/a	n/a	n/a	n/a	74536.500000
74657.400000	0.133333	37328700	coarse_label	Blocklist (Data break)	n/a	n/a	n/a	n/a	n/a	n/a	n/a	n/a	n/a	74657.400000
74657.533333	121.166667	37328767	coarse_label		n/a	n/a	n/a	n/a	n/a	n/a	n/a	n/a	n/a	74657.533333
74778.700000	0.166667	37389350	coarse_label	Blocklist (Data break)	n/a	n/a	n/a	n/a	n/a	n/a	n/a	n/a	n/a	74778.700000
74778.866667	117.900000	37389433	coarse_label		n/a	n/a	n/a	n/a	n/a	n/a	n/a	n/a	n/a	74778.866667
74896.766667	0.200000	37448383	coarse_label	Blocklist (Data break)	n/a	n/a	n/a	n/a	n/a	n/a	n/a	n/a	n/a	74896.766667
74896.966667	119.766667	37448483	coarse_label		n/a	n/a	n/a	n/a	n/a	n/a	n/a	n/a	n/a	74896.966667
75016.733333	0.133333	37508367	coarse_label	Blocklist (Data break)	n/a	n/a	n/a	n/a	n/a	n/a	n/a	n/a	n/a	75016.733333
75016.866667	120.200000	37508433	coarse_label		n/a	n/a	n/a	n/a	n/a	n/a	n/a	n/a	n/a	75016.866667
75027.870000	1.200000	37513935	reach_onset	n/a	r_wrist	89.347517	45.126463	141.054536	0.363193	0.332517	1.200000	1.000000	75027.870000	75027.869000
75043.036000	1.333333	37521518	reach_onset	n/a	r_wrist	83.755234	178.323712	119.236628	0.368743	0.011949	0.000000	0.000000	75043.036000	75043.036000
75137.066667	0.233333	37568533	coarse_label	Blocklist (Data break)	n/a	n/a	n/a	n/a	n/a	n/a	n/a	n/a	n/a	75137.066667
75137.300000	120.500000	37568650	coarse_label		n/a	n/a	n/a	n/a	n/a	n/a	n/a	n/a	n/a	75137.300000
75178.958000	0.333333	37589479	reach_onset	n/a	r_wrist	64.563335	-15.423946	276.221203	0.279766	0.952754	0.333333	1.000000	75178.958000	75178.958000
75257.800000	0.133333	37628900	coarse_label	Blocklist (Data break)	n/a	n/a	n/a	n/a	n/a	n/a	n/a	n/a	n/a	75257.800000
75257.933333	119.933333	37628967	coarse_label		n/a	n/a	n/a	n/a	n/a	n/a	n/a	n/a	n/a	75257.933333
75377.866667	0.233333	37688933	coarse_label	Blocklist (Data break)	n/a	n/a	n/a	n/a	n/a	n/a	n/a	n/a	n/a	75377.866667
75378.100000	118.100000	37689050	coarse_label		n/a	n/a	n/a	n/a	n/a	n/a	n/a	n/a	n/a	75378.100000
75496.200000	0.200000	37748100	coarse_label	Blocklist (Data break)	n/a	n/a	n/a	n/a	n/a	n/a	n/a	n/a	n/a	75496.200000
75496.400000	121.700000	37748200	coarse_label		n/a	n/a	n/a	n/a	n/a	n/a	n/a	n/a	n/a	75496.400000
75618.100000	0.200000	37809050	coarse_label	Blocklist (Data break)	n/a	n/a	n/a	n/a	n/a	n/a	n/a	n/a	n/a	75618.100000
75618.300000	118.133333	37809150	coarse_label		n/a	n/a	n/a	n/a	n/a	n/a	n/a	n/a	n/a	75618.300000
75622.458000	1.033333	37811229	reach_onset	n/a	r_wrist	63.936793	-97.789856	206.797297	0.360706	0.002957	0.000000	0.000000	75622.458000	75622.458000
75736.433333	0.233333	37868217	coarse_label	Blocklist (Data break)	n/a	n/a	n/a	n/a	n/a	n/a	n/a	n/a	n/a	75736.433333
75736.666667	124.266667	37868333	coarse_label		n/a	n/a	n/a	n/a	n/a	n/a	n/a	n/a	n/a	75736.666667
75749.104000	1.333333	37874552	reach_onset	n/a	r_wrist	103.749083	2.410539	155.374049	0.388223	0.606280	1.333333	1.000000	75749.104000	75749.104000
75860.933333	0.133333	37930467	coarse_label	Blocklist (Data break)	n/a	n/a	n/a	n/a	n/a	n/a	n/a	n/a	n/a	75860.933333
75861.066667	116.500000	37930533	coarse_label		n/a	n/a	n/a	n/a	n/a	n/a	n/a	n/a	n/a	75861.066667
75922.226000	0.500000	37961113	reach_onset	n/a	r_wrist	81.373069	-72.266384	261.311412	0.174450	0.123535	0.266667	1.000000	75922.226000	75922.226000
75946.444000	4.000000	37973222	nan_segment	n/a	n/a	n/a	n/a	n/a	n/a	n/a	n/a	n/a	n/a	n/a
75977.566667	0.233333	37988783	coarse_label	Blocklist (Data break)	n/a	n/a	n/a	n/a	n/a	n/a	n/a	n/a	n/a	75977.566667
75977.800000	121.100000	37988900	coarse_label		n/a	n/a	n/a	n/a	n/a	n/a	n/a	n/a	n/a	75977.800000
76098.900000	0.133333	38049450	coarse_label	Blocklist (Data break)	n/a	n/a	n/a	n/a	n/a	n/a	n/a	n/a	n/a	76098.900000
76099.033333	118.433333	38049517	coarse_label		n/a	n/a	n/a	n/a	n/a	n/a	n/a	n/a	n/a	76099.033333
76217.466667	0.266667	38108733	coarse_label	Blocklist (Data break)	n/a	n/a	n/a	n/a	n/a	n/a	n/a	n/a	n/a	76217.466667
76217.733333	119.400000	38108867	coarse_label		n/a	n/a	n/a	n/a	n/a	n/a	n/a	n/a	n/a	76217.733333
76337.133333	0.033333	38168567	coarse_label	Blocklist (Data break)	n/a	n/a	n/a	n/a	n/a	n/a	n/a	n/a	n/a	76337.133333
76337.166667	120.033333	38168583	coarse_label		n/a	n/a	n/a	n/a	n/a	n/a	n/a	n/a	n/a	76337.166667
76457.200000	0.266667	38228600	coarse_label	Blocklist (Data break)	n/a	n/a	n/a	n/a	n/a	n/a	n/a	n/a	n/a	76457.200000
76457.466667	118.666667	38228733	coarse_label		n/a	n/a	n/a	n/a	n/a	n/a	n/a	n/a	n/a	76457.466667
76571.390000	3.133333	38285695	reach_onset	n/a	r_wrist	114.505282	-79.051699	224.137856	0.294025	0.015056	0.000000	1.000000	76571.390000	76571.391000
76576.133333	0.200000	38288067	coarse_label	Blocklist (Data break)	n/a	n/a	n/a	n/a	n/a	n/a	n/a	n/a	n/a	76576.133333
76576.333333	120.466667	38288167	coarse_label		n/a	n/a	n/a	n/a	n/a	n/a	n/a	n/a	n/a	76576.333333
76696.800000	0.200000	38348400	coarse_label	Blocklist (Data break)	n/a	n/a	n/a	n/a	n/a	n/a	n/a	n/a	n/a	76696.800000
76697.000000	121.133333	38348500	coarse_label		n/a	n/a	n/a	n/a	n/a	n/a	n/a	n/a	n/a	76697.000000
76818.133333	0.100000	38409067	coarse_label	Blocklist (Data break)	n/a	n/a	n/a	n/a	n/a	n/a	n/a	n/a	n/a	76818.133333
76818.233333	118.000000	38409117	coarse_label		n/a	n/a	n/a	n/a	n/a	n/a	n/a	n/a	n/a	76818.233333
76936.233333	0.133333	38468117	coarse_label	Blocklist (Data break)	n/a	n/a	n/a	n/a	n/a	n/a	n/a	n/a	n/a	76936.233333
76936.366667	122.533333	38468183	coarse_label		n/a	n/a	n/a	n/a	n/a	n/a	n/a	n/a	n/a	76936.366667
77058.900000	0.200000	38529450	coarse_label	Blocklist (Data break)	n/a	n/a	n/a	n/a	n/a	n/a	n/a	n/a	n/a	77058.900000
77059.100000	117.733333	38529550	coarse_label		n/a	n/a	n/a	n/a	n/a	n/a	n/a	n/a	n/a	77059.100000
77137.280000	1.066667	38568640	reach_onset	n/a	r_wrist	80.150193	-107.764414	226.706396	0.149101	0.084766	0.733333	1.000000	77137.280000	77137.280000
77176.833333	0.133333	38588417	coarse_label	Blocklist (Data break)	n/a	n/a	n/a	n/a	n/a	n/a	n/a	n/a	n/a	77176.833333
77176.966667	119.366667	38588483	coarse_label		n/a	n/a	n/a	n/a	n/a	n/a	n/a	n/a	n/a	77176.966667
77231.396000	2.133333	38615698	reach_onset	n/a	r_wrist	93.539117	-96.662531	239.020469	0.195228	0.955750	2.133333	1.000000	77231.396000	77231.397000
77254.996000	1.100000	38627498	reach_onset	n/a	r_wrist	142.797970	-140.693800	283.488786	0.210090	0.006967	0.166667	1.000000	77254.996000	77254.997000
77296.333333	0.166667	38648167	coarse_label	Blocklist (Data break)	n/a	n/a	n/a	n/a	n/a	n/a	n/a	n/a	n/a	77296.333333
77296.500000	119.766667	38648250	coarse_label		n/a	n/a	n/a	n/a	n/a	n/a	n/a	n/a	n/a	77296.500000
77311.982000	1.566667	38655991	reach_onset	n/a	r_wrist	99.329152	-80.698286	272.544338	0.295145	0.487587	1.566667	1.000000	77311.982000	77311.983000
77416.266667	0.133333	38708133	coarse_label	Blocklist (Data break)	n/a	n/a	n/a	n/a	n/a	n/a	n/a	n/a	n/a	77416.266667
77416.400000	120.766667	38708200	coarse_label		n/a	n/a	n/a	n/a	n/a	n/a	n/a	n/a	n/a	77416.400000
77461.578000	0.933333	38730789	reach_onset	n/a	r_wrist	95.548388	-126.362669	354.613834	0.327433	0.093198	0.166667	1.000000	77461.578000	77461.579000
77537.166667	0.166667	38768583	coarse_label	Blocklist (Data break)	n/a	n/a	n/a	n/a	n/a	n/a	n/a	n/a	n/a	77537.166667
77537.333333	119.900000	38768667	coarse_label		n/a	n/a	n/a	n/a	n/a	n/a	n/a	n/a	n/a	77537.333333
77578.300000	2.066667	38789150	reach_onset	n/a	r_wrist	262.180132	-169.322026	435.385963	0.209185	0.011744	1.600000	1.000000	77578.300000	77578.300000
77657.233333	0.100000	38828617	coarse_label	Blocklist (Data break)	n/a	n/a	n/a	n/a	n/a	n/a	n/a	n/a	n/a	77657.233333
77657.333333	120.800000	38828667	coarse_label		n/a	n/a	n/a	n/a	n/a	n/a	n/a	n/a	n/a	77657.333333
77778.133333	0.100000	38889067	coarse_label	Blocklist (Data break)	n/a	n/a	n/a	n/a	n/a	n/a	n/a	n/a	n/a	77778.133333
77778.233333	117.933333	38889117	coarse_label		n/a	n/a	n/a	n/a	n/a	n/a	n/a	n/a	n/a	77778.233333
77896.166667	0.200000	38948083	coarse_label	Blocklist (Data break)	n/a	n/a	n/a	n/a	n/a	n/a	n/a	n/a	n/a	77896.166667
77896.366667	123.533333	38948183	coarse_label		n/a	n/a	n/a	n/a	n/a	n/a	n/a	n/a	n/a	77896.366667
78019.900000	0.100000	39009950	coarse_label	Blocklist (Data break)	n/a	n/a	n/a	n/a	n/a	n/a	n/a	n/a	n/a	78019.900000
78020.000000	118.800000	39010000	coarse_label		n/a	n/a	n/a	n/a	n/a	n/a	n/a	n/a	n/a	78020.000000
78138.800000	0.200000	39069400	coarse_label	Blocklist (Data break)	n/a	n/a	n/a	n/a	n/a	n/a	n/a	n/a	n/a	78138.800000
78139.000000	117.333333	39069500	coarse_label		n/a	n/a	n/a	n/a	n/a	n/a	n/a	n/a	n/a	78139.000000
78146.326000	2.100000	39073163	reach_onset	n/a	r_wrist	93.155316	-74.547335	220.935114	0.143763	0.653834	2.100000	1.000000	78146.326000	78146.326000
78256.333333	0.200000	39128167	coarse_label	Blocklist (Data break)	n/a	n/a	n/a	n/a	n/a	n/a	n/a	n/a	n/a	78256.333333
78256.533333	120.600000	39128267	coarse_label		n/a	n/a	n/a	n/a	n/a	n/a	n/a	n/a	n/a	78256.533333
78264.134000	0.566667	39132067	reach_onset	n/a	r_wrist	80.397764	-62.822766	173.615076	0.256487	0.034631	0.100000	0.000000	78264.134000	78264.133000
78377.133333	0.100000	39188567	coarse_label	Blocklist (Data break)	n/a	n/a	n/a	n/a	n/a	n/a	n/a	n/a	n/a	78377.133333
78377.233333	119.833333	39188617	coarse_label		n/a	n/a	n/a	n/a	n/a	n/a	n/a	n/a	n/a	78377.233333
78497.066667	0.166667	39248533	coarse_label	Blocklist (Data break)	n/a	n/a	n/a	n/a	n/a	n/a	n/a	n/a	n/a	78497.066667
78497.233333	120.500000	39248617	coarse_label		n/a	n/a	n/a	n/a	n/a	n/a	n/a	n/a	n/a	78497.233333
78617.733333	0.133333	39308867	coarse_label	Blocklist (Data break)	n/a	n/a	n/a	n/a	n/a	n/a	n/a	n/a	n/a	78617.733333
78617.866667	119.433333	39308933	coarse_label		n/a	n/a	n/a	n/a	n/a	n/a	n/a	n/a	n/a	78617.866667
78737.300000	0.166667	39368650	coarse_label	Blocklist (Data break)	n/a	n/a	n/a	n/a	n/a	n/a	n/a	n/a	n/a	78737.300000
78737.466667	119.566667	39368733	coarse_label		n/a	n/a	n/a	n/a	n/a	n/a	n/a	n/a	n/a	78737.466667
78857.033333	0.100000	39428517	coarse_label	Blocklist (Data break)	n/a	n/a	n/a	n/a	n/a	n/a	n/a	n/a	n/a	78857.033333
78857.133333	119.833333	39428567	coarse_label		n/a	n/a	n/a	n/a	n/a	n/a	n/a	n/a	n/a	78857.133333
78927.548000	1.300000	39463774	reach_onset	n/a	r_wrist	167.868825	170.806232	139.195640	0.198779	0.109349	1.033333	1.000000	78927.548000	78927.549000
78957.482000	0.566667	39478741	reach_onset	n/a	r_wrist	83.839246	-100.674757	238.049348	0.209482	0.007968	0.000000	0.000000	78957.482000	78957.483000
78976.966667	0.133333	39488483	coarse_label	Blocklist (Data break)	n/a	n/a	n/a	n/a	n/a	n/a	n/a	n/a	n/a	78976.966667
78977.100000	119.233333	39488550	coarse_label		n/a	n/a	n/a	n/a	n/a	n/a	n/a	n/a	n/a	78977.100000
79000.002000	1.833333	39500001	reach_onset	n/a	r_wrist	87.859699	-91.068191	195.380215	0.186600	0.152698	1.466667	1.000000	79000.002000	79000.002000
79096.333333	0.166667	39548167	coarse_label	Blocklist (Data break)	n/a	n/a	n/a	n/a	n/a	n/a	n/a	n/a	n/a	79096.333333
79096.500000	119.866667	39548250	coarse_label		n/a	n/a	n/a	n/a	n/a	n/a	n/a	n/a	n/a	79096.500000
79216.366667	0.300000	39608183	coarse_label	Blocklist (Data break)	n/a	n/a	n/a	n/a	n/a	n/a	n/a	n/a	n/a	79216.366667
79216.666667	120.333333	39608333	coarse_label		n/a	n/a	n/a	n/a	n/a	n/a	n/a	n/a	n/a	79216.666667
79264.476000	2.966667	39632238	reach_onset	n/a	r_wrist	74.535425	-118.719958	107.961678	0.229216	0.515759	2.566667	1.000000	79264.476000	79264.475000
79337.000000	0.066667	39668500	coarse_label	Blocklist (Data break)	n/a	n/a	n/a	n/a	n/a	n/a	n/a	n/a	n/a	79337.000000
79337.066667	119.766667	39668533	coarse_label		n/a	n/a	n/a	n/a	n/a	n/a	n/a	n/a	n/a	79337.066667
79456.833333	0.166667	39728417	coarse_label	Blocklist (Data break)	n/a	n/a	n/a	n/a	n/a	n/a	n/a	n/a	n/a	79456.833333
79457.000000	119.733333	39728500	coarse_label		n/a	n/a	n/a	n/a	n/a	n/a	n/a	n/a	n/a	79457.000000
79576.733333	0.166667	39788367	coarse_label	Blocklist (Data break)	n/a	n/a	n/a	n/a	n/a	n/a	n/a	n/a	n/a	79576.733333
79576.900000	122.200000	39788450	coarse_label		n/a	n/a	n/a	n/a	n/a	n/a	n/a	n/a	n/a	79576.900000
79674.150000	0.400000	39837075	reach_onset	n/a	r_wrist	117.039754	108.983240	491.588915	0.316952	0.000000	0.000000	0.000000	79674.150000	79674.150000
79699.100000	0.200000	39849550	coarse_label	Blocklist (Data break)	n/a	n/a	n/a	n/a	n/a	n/a	n/a	n/a	n/a	79699.100000
79699.300000	116.866667	39849650	coarse_label		n/a	n/a	n/a	n/a	n/a	n/a	n/a	n/a	n/a	79699.300000
79773.438000	0.333333	39886719	reach_onset	n/a	r_wrist	102.219458	-63.853228	429.359731	0.221352	0.000000	0.233333	1.000000	79773.438000	79773.439000
79816.166667	0.166667	39908083	coarse_label	Blocklist (Data break)	n/a	n/a	n/a	n/a	n/a	n/a	n/a	n/a	n/a	79816.166667
79816.333333	121.233333	39908167	coarse_label		n/a	n/a	n/a	n/a	n/a	n/a	n/a	n/a	n/a	79816.333333
79937.566667	0.233333	39968783	coarse_label	Blocklist (Data break)	n/a	n/a	n/a	n/a	n/a	n/a	n/a	n/a	n/a	79937.566667
79937.800000	119.233333	39968900	coarse_label		n/a	n/a	n/a	n/a	n/a	n/a	n/a	n/a	n/a	79937.800000
79975.376000	0.333333	39987688	reach_onset	n/a	r_wrist	81.844141	-70.186592	340.793162	0.174221	0.570654	0.233333	1.000000	79975.376000	79975.377000
80057.033333	0.100000	40028517	coarse_label	Blocklist (Data break)	n/a	n/a	n/a	n/a	n/a	n/a	n/a	n/a	n/a	80057.033333
80057.133333	120.033333	40028567	coarse_label		n/a	n/a	n/a	n/a	n/a	n/a	n/a	n/a	n/a	80057.133333
80177.166667	0.133333	40088583	coarse_label	Blocklist (Data break)	n/a	n/a	n/a	n/a	n/a	n/a	n/a	n/a	n/a	80177.166667
80177.300000	119.100000	40088650	coarse_label		n/a	n/a	n/a	n/a	n/a	n/a	n/a	n/a	n/a	80177.300000
80296.400000	0.233333	40148200	coarse_label	Blocklist (Data break)	n/a	n/a	n/a	n/a	n/a	n/a	n/a	n/a	n/a	80296.400000
80296.633333	120.333333	40148317	coarse_label		n/a	n/a	n/a	n/a	n/a	n/a	n/a	n/a	n/a	80296.633333
80406.402000	1.200000	40203201	reach_onset	n/a	r_wrist	66.386595	127.908661	244.668364	0.089892	0.792587	1.100000	1.000000	80406.402000	80406.402000
80416.966667	0.166667	40208483	coarse_label	Blocklist (Data break)	n/a	n/a	n/a	n/a	n/a	n/a	n/a	n/a	n/a	80416.966667
80417.133333	119.666667	40208567	coarse_label		n/a	n/a	n/a	n/a	n/a	n/a	n/a	n/a	n/a	80417.133333
80536.800000	0.233333	40268400	coarse_label	Blocklist (Data break)	n/a	n/a	n/a	n/a	n/a	n/a	n/a	n/a	n/a	80536.800000
80537.033333	119.766667	40268517	coarse_label		n/a	n/a	n/a	n/a	n/a	n/a	n/a	n/a	n/a	80537.033333
80556.186000	0.766667	40278093	reach_onset	n/a	r_wrist	68.792653	-89.270833	273.625967	0.177609	0.668363	0.766667	1.000000	80556.186000	80556.186000
80656.800000	0.033333	40328400	coarse_label	Blocklist (Data break)	n/a	n/a	n/a	n/a	n/a	n/a	n/a	n/a	n/a	80656.800000
80656.833333	119.500000	40328417	coarse_label		n/a	n/a	n/a	n/a	n/a	n/a	n/a	n/a	n/a	80656.833333
80776.333333	0.100000	40388167	coarse_label	Blocklist (Data break)	n/a	n/a	n/a	n/a	n/a	n/a	n/a	n/a	n/a	80776.333333
80776.433333	120.433333	40388217	coarse_label		n/a	n/a	n/a	n/a	n/a	n/a	n/a	n/a	n/a	80776.433333
80896.866667	0.133333	40448433	coarse_label	Blocklist (Data break)	n/a	n/a	n/a	n/a	n/a	n/a	n/a	n/a	n/a	80896.866667
80897.000000	120.833333	40448500	coarse_label		n/a	n/a	n/a	n/a	n/a	n/a	n/a	n/a	n/a	80897.000000
81017.833333	0.166667	40508917	coarse_label	Blocklist (Data break)	n/a	n/a	n/a	n/a	n/a	n/a	n/a	n/a	n/a	81017.833333
81018.000000	118.433333	40509000	coarse_label		n/a	n/a	n/a	n/a	n/a	n/a	n/a	n/a	n/a	81018.000000
81032.522000	0.666667	40516261	reach_onset	n/a	r_wrist	101.576054	-83.157308	331.135129	0.154226	0.018955	0.000000	0.000000	81032.522000	81032.523000
81136.433333	0.166667	40568217	coarse_label	Blocklist (Data break)	n/a	n/a	n/a	n/a	n/a	n/a	n/a	n/a	n/a	81136.433333
81136.600000	121.533333	40568300	coarse_label		n/a	n/a	n/a	n/a	n/a	n/a	n/a	n/a	n/a	81136.600000
81258.133333	0.200000	40629067	coarse_label	Blocklist (Data break)	n/a	n/a	n/a	n/a	n/a	n/a	n/a	n/a	n/a	81258.133333
81258.333333	117.966667	40629167	coarse_label		n/a	n/a	n/a	n/a	n/a	n/a	n/a	n/a	n/a	81258.333333
81376.300000	0.166667	40688150	coarse_label	Blocklist (Data break)	n/a	n/a	n/a	n/a	n/a	n/a	n/a	n/a	n/a	81376.300000
81376.466667	121.266667	40688233	coarse_label		n/a	n/a	n/a	n/a	n/a	n/a	n/a	n/a	n/a	81376.466667
81497.733333	0.233333	40748867	coarse_label	Blocklist (Data break)	n/a	n/a	n/a	n/a	n/a	n/a	n/a	n/a	n/a	81497.733333
81497.966667	118.133333	40748983	coarse_label		n/a	n/a	n/a	n/a	n/a	n/a	n/a	n/a	n/a	81497.966667
81616.100000	0.100000	40808050	coarse_label	Blocklist (Data break)	n/a	n/a	n/a	n/a	n/a	n/a	n/a	n/a	n/a	81616.100000
81616.200000	120.766667	40808100	coarse_label		n/a	n/a	n/a	n/a	n/a	n/a	n/a	n/a	n/a	81616.200000
81736.966667	0.166667	40868483	coarse_label	Blocklist (Data break)	n/a	n/a	n/a	n/a	n/a	n/a	n/a	n/a	n/a	81736.966667
81737.133333	119.233333	40868567	coarse_label		n/a	n/a	n/a	n/a	n/a	n/a	n/a	n/a	n/a	81737.133333
81856.366667	0.166667	40928183	coarse_label	Blocklist (Data break)	n/a	n/a	n/a	n/a	n/a	n/a	n/a	n/a	n/a	81856.366667
81856.533333	120.166667	40928267	coarse_label		n/a	n/a	n/a	n/a	n/a	n/a	n/a	n/a	n/a	81856.533333
81912.188000	1.300000	40956094	reach_onset	n/a	r_wrist	65.940683	-77.735579	243.499559	0.160067	0.498789	0.966667	1.000000	81912.188000	81912.188000
81976.700000	0.166667	40988350	coarse_label	Blocklist (Data break)	n/a	n/a	n/a	n/a	n/a	n/a	n/a	n/a	n/a	81976.700000
81976.866667	119.633333	40988433	coarse_label		n/a	n/a	n/a	n/a	n/a	n/a	n/a	n/a	n/a	81976.866667
82062.122000	0.500000	41031061	reach_onset	n/a	r_wrist	86.748435	-70.552005	295.849010	0.151869	0.383284	0.500000	1.000000	82062.122000	82062.123000
82096.500000	0.200000	41048250	coarse_label	Blocklist (Data break)	n/a	n/a	n/a	n/a	n/a	n/a	n/a	n/a	n/a	82096.500000
82096.700000	121.700000	41048350	coarse_label		n/a	n/a	n/a	n/a	n/a	n/a	n/a	n/a	n/a	82096.700000
82218.400000	0.066667	41109200	coarse_label	Blocklist (Data break)	n/a	n/a	n/a	n/a	n/a	n/a	n/a	n/a	n/a	82218.400000
82218.466667	117.666667	41109233	coarse_label		n/a	n/a	n/a	n/a	n/a	n/a	n/a	n/a	n/a	82218.466667
82313.630000	1.666667	41156815	reach_onset	n/a	r_wrist	161.624654	-33.411642	247.930395	0.156774	0.473417	1.600000	1.000000	82313.630000	82313.631000
82336.133333	0.200000	41168067	coarse_label	Blocklist (Data break)	n/a	n/a	n/a	n/a	n/a	n/a	n/a	n/a	n/a	82336.133333
82336.333333	121.166667	41168167	coarse_label		n/a	n/a	n/a	n/a	n/a	n/a	n/a	n/a	n/a	82336.333333
82457.500000	0.233333	41228750	coarse_label	Blocklist (Data break)	n/a	n/a	n/a	n/a	n/a	n/a	n/a	n/a	n/a	82457.500000
82457.733333	120.766667	41228867	coarse_label		n/a	n/a	n/a	n/a	n/a	n/a	n/a	n/a	n/a	82457.733333
82578.500000	0.233333	41289250	coarse_label	Blocklist (Data break)	n/a	n/a	n/a	n/a	n/a	n/a	n/a	n/a	n/a	82578.500000
82578.733333	117.666667	41289367	coarse_label		n/a	n/a	n/a	n/a	n/a	n/a	n/a	n/a	n/a	82578.733333
82680.756000	0.466667	41340378	reach_onset	n/a	r_wrist	131.438404	109.520747	548.952367	0.129293	0.000000	0.000000	0.000000	82680.756000	82680.757000
82696.400000	0.133333	41348200	coarse_label	Blocklist (Data break)	n/a	n/a	n/a	n/a	n/a	n/a	n/a	n/a	n/a	82696.400000
82696.533333	119.700000	41348267	coarse_label		n/a	n/a	n/a	n/a	n/a	n/a	n/a	n/a	n/a	82696.533333
82816.233333	0.300000	41408117	coarse_label	Blocklist (Data break)	n/a	n/a	n/a	n/a	n/a	n/a	n/a	n/a	n/a	82816.233333
82816.533333	119.566667	41408267	coarse_label		n/a	n/a	n/a	n/a	n/a	n/a	n/a	n/a	n/a	82816.533333
82936.100000	0.133333	41468050	coarse_label	Blocklist (Data break)	n/a	n/a	n/a	n/a	n/a	n/a	n/a	n/a	n/a	82936.100000
82936.233333	120.133333	41468117	coarse_label		n/a	n/a	n/a	n/a	n/a	n/a	n/a	n/a	n/a	82936.233333
83056.366667	0.200000	41528183	coarse_label	Blocklist (Data break)	n/a	n/a	n/a	n/a	n/a	n/a	n/a	n/a	n/a	83056.366667
83056.566667	121.133333	41528283	coarse_label		n/a	n/a	n/a	n/a	n/a	n/a	n/a	n/a	n/a	83056.566667
83177.700000	0.200000	41588850	coarse_label	Blocklist (Data break)	n/a	n/a	n/a	n/a	n/a	n/a	n/a	n/a	n/a	83177.700000
83177.900000	118.400000	41588950	coarse_label		n/a	n/a	n/a	n/a	n/a	n/a	n/a	n/a	n/a	83177.900000
83193.136000	1.166667	41596568	reach_onset	n/a	r_wrist	153.094814	-178.804211	152.955056	0.209924	0.609616	1.166667	1.000000	83193.136000	83193.137000
83211.836000	0.900000	41605918	reach_onset	n/a	r_wrist	106.948965	-90.582837	131.942055	0.229095	0.331064	0.900000	1.000000	83211.836000	83211.837000
83296.300000	0.066667	41648150	coarse_label	Blocklist (Data break)	n/a	n/a	n/a	n/a	n/a	n/a	n/a	n/a	n/a	83296.300000
83296.366667	120.200000	41648183	coarse_label		n/a	n/a	n/a	n/a	n/a	n/a	n/a	n/a	n/a	83296.366667
83344.236000	0.400000	41672118	reach_onset	n/a	r_wrist	71.927858	-141.946169	300.682922	0.224904	0.440779	0.400000	1.000000	83344.236000	83344.237000
83400.304000	1.533333	41700152	reach_onset	n/a	r_wrist	62.097535	-147.206725	99.829533	0.294928	0.679524	1.233333	1.000000	83400.304000	83400.304000
83416.566667	0.100000	41708283	coarse_label	Blocklist (Data break)	n/a	n/a	n/a	n/a	n/a	n/a	n/a	n/a	n/a	83416.566667
83416.666667	119.766667	41708333	coarse_label		n/a	n/a	n/a	n/a	n/a	n/a	n/a	n/a	n/a	83416.666667
83523.224000	2.133333	41761612	reach_onset	n/a	r_wrist	52.427534	-75.200818	165.180798	0.193105	0.846645	1.900000	1.000000	83523.224000	83523.225000
83536.433333	0.100000	41768217	coarse_label	Blocklist (Data break)	n/a	n/a	n/a	n/a	n/a	n/a	n/a	n/a	n/a	83536.433333
83536.533333	119.500000	41768267	coarse_label		n/a	n/a	n/a	n/a	n/a	n/a	n/a	n/a	n/a	83536.533333
83656.033333	0.133333	41828017	coarse_label	Blocklist (Data break)	n/a	n/a	n/a	n/a	n/a	n/a	n/a	n/a	n/a	83656.033333
83656.166667	120.466667	41828083	coarse_label		n/a	n/a	n/a	n/a	n/a	n/a	n/a	n/a	n/a	83656.166667
83776.633333	0.066667	41888317	coarse_label	Blocklist (Data break)	n/a	n/a	n/a	n/a	n/a	n/a	n/a	n/a	n/a	83776.633333
83776.700000	120.200000	41888350	coarse_label		n/a	n/a	n/a	n/a	n/a	n/a	n/a	n/a	n/a	83776.700000
83896.900000	0.133333	41948450	coarse_label	Blocklist (Data break)	n/a	n/a	n/a	n/a	n/a	n/a	n/a	n/a	n/a	83896.900000
83897.033333	120.733333	41948517	coarse_label		n/a	n/a	n/a	n/a	n/a	n/a	n/a	n/a	n/a	83897.033333
84017.766667	0.033333	42008883	coarse_label	Blocklist (Data break)	n/a	n/a	n/a	n/a	n/a	n/a	n/a	n/a	n/a	84017.766667
84017.800000	120.166667	42008900	coarse_label		n/a	n/a	n/a	n/a	n/a	n/a	n/a	n/a	n/a	84017.800000
84137.966667	0.100000	42068983	coarse_label	Blocklist (Data break)	n/a	n/a	n/a	n/a	n/a	n/a	n/a	n/a	n/a	84137.966667
84138.066667	118.366667	42069033	coarse_label		n/a	n/a	n/a	n/a	n/a	n/a	n/a	n/a	n/a	84138.066667
84256.433333	0.233333	42128217	coarse_label	Blocklist (Data break)	n/a	n/a	n/a	n/a	n/a	n/a	n/a	n/a	n/a	84256.433333
84256.666667	120.200000	42128333	coarse_label		n/a	n/a	n/a	n/a	n/a	n/a	n/a	n/a	n/a	84256.666667
84376.866667	0.100000	42188433	coarse_label	Blocklist (Data break)	n/a	n/a	n/a	n/a	n/a	n/a	n/a	n/a	n/a	84376.866667
84376.966667	119.900000	42188483	coarse_label		n/a	n/a	n/a	n/a	n/a	n/a	n/a	n/a	n/a	84376.966667
84496.866667	0.133333	42248433	coarse_label	Blocklist (Data break)	n/a	n/a	n/a	n/a	n/a	n/a	n/a	n/a	n/a	84496.866667
84497.000000	123.666667	42248500	coarse_label		n/a	n/a	n/a	n/a	n/a	n/a	n/a	n/a	n/a	84497.000000
84620.666667	0.133333	42310333	coarse_label	Blocklist (Data break)	n/a	n/a	n/a	n/a	n/a	n/a	n/a	n/a	n/a	84620.666667
84620.800000	115.233333	42310400	coarse_label		n/a	n/a	n/a	n/a	n/a	n/a	n/a	n/a	n/a	84620.800000
84736.033333	0.166667	42368017	coarse_label	Blocklist (Data break)	n/a	n/a	n/a	n/a	n/a	n/a	n/a	n/a	n/a	84736.033333
84736.200000	122.966667	42368100	coarse_label		n/a	n/a	n/a	n/a	n/a	n/a	n/a	n/a	n/a	84736.200000
84859.166667	0.133333	42429583	coarse_label	Blocklist (Data break)	n/a	n/a	n/a	n/a	n/a	n/a	n/a	n/a	n/a	84859.166667
84859.300000	118.466667	42429650	coarse_label		n/a	n/a	n/a	n/a	n/a	n/a	n/a	n/a	n/a	84859.300000
84977.766667	0.166667	42488883	coarse_label	Blocklist (Data break)	n/a	n/a	n/a	n/a	n/a	n/a	n/a	n/a	n/a	84977.766667
84977.933333	123.133333	42488967	coarse_label		n/a	n/a	n/a	n/a	n/a	n/a	n/a	n/a	n/a	84977.933333
85101.066667	0.200000	42550533	coarse_label	Blocklist (Data break)	n/a	n/a	n/a	n/a	n/a	n/a	n/a	n/a	n/a	85101.066667
85101.266667	116.466667	42550633	coarse_label		n/a	n/a	n/a	n/a	n/a	n/a	n/a	n/a	n/a	85101.266667
85217.733333	0.133333	42608867	coarse_label	Blocklist (Data break)	n/a	n/a	n/a	n/a	n/a	n/a	n/a	n/a	n/a	85217.733333
85217.866667	118.600000	42608933	coarse_label		n/a	n/a	n/a	n/a	n/a	n/a	n/a	n/a	n/a	85217.866667
85279.752000	0.600000	42639876	reach_onset	n/a	r_wrist	138.986355	-65.436879	574.437559	0.123854	0.000000	0.433333	1.000000	85279.752000	85279.753000
85297.886000	1.166667	42648943	reach_onset	n/a	r_wrist	105.858313	-46.439658	445.256220	0.123000	0.000000	0.600000	1.000000	85297.886000	85297.886000
85336.466667	0.033333	42668233	coarse_label	Blocklist (Data break)	n/a	n/a	n/a	n/a	n/a	n/a	n/a	n/a	n/a	85336.466667
85336.500000	119.500000	42668250	coarse_label		n/a	n/a	n/a	n/a	n/a	n/a	n/a	n/a	n/a	85336.500000
85456.000000	0.200000	42728000	coarse_label	Blocklist (Data break)	n/a	n/a	n/a	n/a	n/a	n/a	n/a	n/a	n/a	85456.000000
85456.200000	124.033333	42728100	coarse_label		n/a	n/a	n/a	n/a	n/a	n/a	n/a	n/a	n/a	85456.200000
85571.106000	0.800000	42785553	reach_onset	n/a	r_wrist	103.501019	-82.757974	407.741567	0.219217	0.554462	0.800000	1.000000	85571.106000	85571.106000
85580.233333	0.133333	42790117	coarse_label	Blocklist (Data break)	n/a	n/a	n/a	n/a	n/a	n/a	n/a	n/a	n/a	85580.233333
85580.366667	116.400000	42790183	coarse_label		n/a	n/a	n/a	n/a	n/a	n/a	n/a	n/a	n/a	85580.366667
85630.962000	0.433333	42815481	reach_onset	n/a	r_wrist	130.082779	-64.414637	536.740260	0.201987	0.000000	0.266667	1.000000	85630.962000	85630.963000
85696.766667	0.100000	42848383	coarse_label	Blocklist (Data break)	n/a	n/a	n/a	n/a	n/a	n/a	n/a	n/a	n/a	85696.766667
85696.866667	119.666667	42848433	coarse_label		n/a	n/a	n/a	n/a	n/a	n/a	n/a	n/a	n/a	85696.866667
85700.580000	0.566667	42850290	reach_onset	n/a	r_wrist	113.055729	-69.561890	438.655795	0.184415	0.000000	0.566667	1.000000	85700.580000	85700.579000
85712.746000	1.666667	42856373	reach_onset	n/a	r_wrist	228.324404	-66.019916	271.376675	0.188506	0.000000	0.366667	1.000000	85712.746000	85712.746000
85816.533333	0.066667	42908267	coarse_label	Blocklist (Data break)	n/a	n/a	n/a	n/a	n/a	n/a	n/a	n/a	n/a	85816.533333
85816.600000	121.066667	42908300	coarse_label		n/a	n/a	n/a	n/a	n/a	n/a	n/a	n/a	n/a	85816.600000
85847.098000	1.833333	42923549	reach_onset	n/a	r_wrist	133.847859	125.479933	148.218812	0.184643	0.296863	1.566667	1.000000	85847.098000	85847.099000
85937.666667	0.066667	42968833	coarse_label	Blocklist (Data break)	n/a	n/a	n/a	n/a	n/a	n/a	n/a	n/a	n/a	85937.666667
85937.733333	124.300000	42968867	coarse_label		n/a	n/a	n/a	n/a	n/a	n/a	n/a	n/a	n/a	85937.733333
86062.033333	0.233333	43031017	coarse_label	Blocklist (Data break)	n/a	n/a	n/a	n/a	n/a	n/a	n/a	n/a	n/a	86062.033333
86062.266667	114.233333	43031133	coarse_label		n/a	n/a	n/a	n/a	n/a	n/a	n/a	n/a	n/a	86062.266667
86176.500000	0.166667	43088250	coarse_label	Blocklist (Data break)	n/a	n/a	n/a	n/a	n/a	n/a	n/a	n/a	n/a	86176.500000
86176.666667	119.700000	43088333	coarse_label		n/a	n/a	n/a	n/a	n/a	n/a	n/a	n/a	n/a	86176.666667
86268.042000	1.566667	43134021	reach_onset	n/a	r_wrist	86.430444	-53.713642	116.681084	0.150123	0.331698	1.100000	1.000000	86268.042000	86268.042000
86296.366667	103.633333	43148183	coarse_label	Blocklist (Data break)	n/a	n/a	n/a	n/a	n/a	n/a	n/a	n/a	n/a	86296.366667
86354.028000	1.633333	43177014	reach_onset	n/a	r_wrist	169.601150	-84.236118	304.165464	0.140338	0.003969	0.733333	1.000000	86354.028000	86354.028000
