onset	duration	sample	trial_type	coarse_label	wrist	reach_magnitude_px	reach_angle_degrees	onset_speed_px_per_sec	speech_ratio	bimanual_ratio	bimanual_overlap	bimanual_class	source_ecog_time	source_time_of_day
0.000000	93.000000	0	coarse_label	Blocklist (Data break)	n/a	n/a	n/a	n/a	n/a	n/a	n/a	n/a	n/a	0.000000
93.000000	123.333333	46500	coarse_label	Sleep/rest	n/a	n/a	n/a	n/a	n/a	n/a	n/a	n/a	n/a	93.000000
216.333333	0.166667	108167	coarse_label	Blocklist (Data break)	n/a	n/a	n/a	n/a	n/a	n/a	n/a	n/a	n/a	216.333333
216.500000	117.266667	108250	coarse_label	Sleep/rest	n/a	n/a	n/a	n/a	n/a	n/a	n/a	n/a	n/a	216.500000
333.766667	0.266667	166883	coarse_label	Blocklist (Data break)	n/a	n/a	n/a	n/a	n/a	n/a	n/a	n/a	n/a	333.766667
334.033333	121.000000	167017	coarse_label	Sleep/rest	n/a	n/a	n/a	n/a	n/a	n/a	n/a	n/a	n/a	334.033333
455.033333	0.100000	227517	coarse_label	Blocklist (Data break)	n/a	n/a	n/a	n/a	n/a	n/a	n/a	n/a	n/a	455.033333
455.133333	119.633333	227567	coarse_label	Sleep/rest	n/a	n/a	n/a	n/a	n/a	n/a	n/a	n/a	n/a	455.133333
574.766667	0.300000	287383	coarse_label	Blocklist (Data break)	n/a	n/a	n/a	n/a	n/a	n/a	n/a	n/a	n/a	574.766667
575.066667	118.500000	287533	coarse_label	Sleep/rest	n/a	n/a	n/a	n/a	n/a	n/a	n/a	n/a	n/a	575.066667
693.566667	0.266667	346783	coarse_label	Blocklist (Data break)	n/a	n/a	n/a	n/a	n/a	n/a	n/a	n/a	n/a	693.566667
693.833333	119.766667	346917	coarse_label	Sleep/rest	n/a	n/a	n/a	n/a	n/a	n/a	n/a	n/a	n/a	693.833333
813.600000	0.133333	406800	coarse_label	Blocklist (Data break)	n/a	n/a	n/a	n/a	n/a	n/a	n/a	n/a	n/a	813.600000
813.733333	119.633333	406867	coarse_label	Sleep/rest	n/a	n/a	n/a	n/a	n/a	n/a	n/a	n/a	n/a	813.733333
933.366667	0.266667	466683	coarse_label	Blocklist (Data break)	n/a	n/a	n/a	n/a	n/a	n/a	n/a	n/a	n/a	933.366667
933.633333	119.766667	466817	coarse_label	Sleep/rest	n/a	n/a	n/a	n/a	n/a	n/a	n/a	n/a	n/a	933.633333
1053.400000	0.133333	526700	coarse_label	Blocklist (Data break)	n/a	n/a	n/a	n/a	n/a	n/a	n/a	n/a	n/a	1053.400000
1053.533333	119.700000	526767	coarse_label	Sleep/rest	n/a	n/a	n/a	n/a	n/a	n/a	n/a	n/a	n/a	1053.533333
1173.233333	0.233333	586617	coarse_label	Blocklist (Data break)	n/a	n/a	n/a	n/a	n/a	n/a	n/a	n/a	n/a	1173.233333
1173.466667	119.633333	586733	coarse_label	Sleep/rest	n/a	n/a	n/a	n/a	n/a	n/a	n/a	n/a	n/a	1173.466667
1293.100000	0.300000	646550	coarse_label	Blocklist (Data break)	n/a	n/a	n/a	n/a	n/a	n/a	n/a	n/a	n/a	1293.100000
1293.400000	123.466667	646700	coarse_label	Sleep/rest	n/a	n/a	n/a	n/a	n/a	n/a	n/a	n/a	n/a	1293.400000
1416.866667	0.166667	708433	coarse_label	Blocklist (Data break)	n/a	n/a	n/a	n/a	n/a	n/a	n/a	n/a	n/a	1416.866667
1417.033333	116.133333	708517	coarse_label	Sleep/rest	n/a	n/a	n/a	n/a	n/a	n/a	n/a	n/a	n/a	1417.033333
1533.166667	0.133333	766583	coarse_label	Blocklist (Data break)	n/a	n/a	n/a	n/a	n/a	n/a	n/a	n/a	n/a	1533.166667
1533.300000	119.733333	766650	coarse_label	Sleep/rest	n/a	n/a	n/a	n/a	n/a	n/a	n/a	n/a	n/a	1533.300000
1653.033333	0.133333	826517	coarse_label	Blocklist (Data break)	n/a	n/a	n/a	n/a	n/a	n/a	n/a	n/a	n/a	1653.033333
1653.166667	123.400000	826583	coarse_label	Sleep/rest	n/a	n/a	n/a	n/a	n/a	n/a	n/a	n/a	n/a	1653.166667
1776.566667	0.133333	888283	coarse_label	Blocklist (Data break)	n/a	n/a	n/a	n/a	n/a	n/a	n/a	n/a	n/a	1776.566667
1776.700000	116.000000	888350	coarse_label	Sleep/rest	n/a	n/a	n/a	n/a	n/a	n/a	n/a	n/a	n/a	1776.700000
1892.700000	0.266667	946350	coarse_label	Blocklist (Data break)	n/a	n/a	n/a	n/a	n/a	n/a	n/a	n/a	n/a	1892.700000
1892.966667	120.933333	946483	coarse_label	Sleep/rest	n/a	n/a	n/a	n/a	n/a	n/a	n/a	n/a	n/a	1892.966667
2013.900000	0.166667	1006950	coarse_label	Blocklist (Data break)	n/a	n/a	n/a	n/a	n/a	n/a	n/a	n/a	n/a	2013.900000
2014.066667	120.933333	1007033	coarse_label	Sleep/rest	n/a	n/a	n/a	n/a	n/a	n/a	n/a	n/a	n/a	2014.066667
2135.000000	0.133333	1067500	coarse_label	Blocklist (Data break)	n/a	n/a	n/a	n/a	n/a	n/a	n/a	n/a	n/a	2135.000000
2135.133333	125.700000	1067567	coarse_label	Sleep/rest	n/a	n/a	n/a	n/a	n/a	n/a	n/a	n/a	n/a	2135.133333
2260.833333	0.166667	1130417	coarse_label	Blocklist (Data break)	n/a	n/a	n/a	n/a	n/a	n/a	n/a	n/a	n/a	2260.833333
2261.000000	112.500000	1130500	coarse_label	Sleep/rest	n/a	n/a	n/a	n/a	n/a	n/a	n/a	n/a	n/a	2261.000000
2373.500000	0.233333	1186750	coarse_label	Blocklist (Data break)	n/a	n/a	n/a	n/a	n/a	n/a	n/a	n/a	n/a	2373.500000
2373.733333	119.600000	1186867	coarse_label	Sleep/rest	n/a	n/a	n/a	n/a	n/a	n/a	n/a	n/a	n/a	2373.733333
2493.333333	0.566667	1246667	coarse_label	Blocklist (Data break)	n/a	n/a	n/a	n/a	n/a	n/a	n/a	n/a	n/a	2493.333333
2493.900000	119.666667	1246950	coarse_label	Sleep/rest	n/a	n/a	n/a	n/a	n/a	n/a	n/a	n/a	n/a	2493.900000
2613.566667	0.200000	1306783	coarse_label	Blocklist (Data break)	n/a	n/a	n/a	n/a	n/a	n/a	n/a	n/a	n/a	2613.566667
2613.766667	119.700000	1306883	coarse_label	Sleep/rest	n/a	n/a	n/a	n/a	n/a	n/a	n/a	n/a	n/a	2613.766667
2733.466667	0.166667	1366733	coarse_label	Blocklist (Data break)	n/a	n/a	n/a	n/a	n/a	n/a	n/a	n/a	n/a	2733.466667
2733.633333	262.133333	1366817	coarse_label	Sleep/rest	n/a	n/a	n/a	n/a	n/a	n/a	n/a	n/a	n/a	2733.633333
2995.766667	0.233333	1497883	coarse_label	Blocklist (Data break)	n/a	n/a	n/a	n/a	n/a	n/a	n/a	n/a	n/a	2995.766667
2996.000000	99.366667	1498000	coarse_label	Sleep/rest	n/a	n/a	n/a	n/a	n/a	n/a	n/a	n/a	n/a	2996.000000
3095.366667	0.233333	1547683	coarse_label	Blocklist (Data break)	n/a	n/a	n/a	n/a	n/a	n/a	n/a	n/a	n/a	3095.366667
3095.600000	117.333333	1547800	coarse_label	Sleep/rest	n/a	n/a	n/a	n/a	n/a	n/a	n/a	n/a	n/a	3095.600000
3212.933333	0.166667	1606467	coarse_label	Blocklist (Data break)	n/a	n/a	n/a	n/a	n/a	n/a	n/a	n/a	n/a	3212.933333
3213.100000	119.666667	1606550	coarse_label	Sleep/rest	n/a	n/a	n/a	n/a	n/a	n/a	n/a	n/a	n/a	3213.100000
3332.766667	0.300000	1666383	coarse_label	Blocklist (Data break)	n/a	n/a	n/a	n/a	n/a	n/a	n/a	n/a	n/a	3332.766667
3333.066667	123.233333	1666533	coarse_label	Sleep/rest	n/a	n/a	n/a	n/a	n/a	n/a	n/a	n/a	n/a	3333.066667
3456.300000	0.266667	1728150	coarse_label	Blocklist (Data break)	n/a	n/a	n/a	n/a	n/a	n/a	n/a	n/a	n/a	3456.300000
3456.566667	116.133333	1728283	coarse_label	Sleep/rest	n/a	n/a	n/a	n/a	n/a	n/a	n/a	n/a	n/a	3456.566667
3572.700000	0.200000	1786350	coarse_label	Blocklist (Data break)	n/a	n/a	n/a	n/a	n/a	n/a	n/a	n/a	n/a	3572.700000
3572.900000	122.100000	1786450	coarse_label	Sleep/rest	n/a	n/a	n/a	n/a	n/a	n/a	n/a	n/a	n/a	3572.900000
3695.000000	0.166667	1847500	coarse_label	Blocklist (Data break)	n/a	n/a	n/a	n/a	n/a	n/a	n/a	n/a	n/a	3695.000000
3695.166667	118.633333	1847583	coarse_label	Sleep/rest	n/a	n/a	n/a	n/a	n/a	n/a	n/a	n/a	n/a	3695.166667
3790.102000	7.006000	1895051	nan_segment	n/a	n/a	n/a	n/a	n/a	n/a	n/a	n/a	n/a	n/a	n/a
3813.800000	0.300000	1906900	coarse_label	Blocklist (Data break)	n/a	n/a	n/a	n/a	n/a	n/a	n/a	n/a	n/a	3813.800000
3814.100000	119.400000	1907050	coarse_label	Sleep/rest	n/a	n/a	n/a	n/a	n/a	n/a	n/a	n/a	n/a	3814.100000
3933.500000	0.233333	1966750	coarse_label	Blocklist (Data break)	n/a	n/a	n/a	n/a	n/a	n/a	n/a	n/a	n/a	3933.500000
3933.733333	120.000000	1966867	coarse_label	Sleep/rest	n/a	n/a	n/a	n/a	n/a	n/a	n/a	n/a	n/a	3933.733333
4053.733333	0.266667	2026867	coarse_label	Blocklist (Data break)	n/a	n/a	n/a	n/a	n/a	n/a	n/a	n/a	n/a	4053.733333
4054.000000	119.800000	2027000	coarse_label	Blocklist (Private time)	n/a	n/a	n/a	n/a	n/a	n/a	n/a	n/a	n/a	4054.000000
4059.264000	12.812000	2029632	nan_segment	n/a	n/a	n/a	n/a	n/a	n/a	n/a	n/a	n/a	n/a	n/a
4072.526000	8.130000	2036263	nan_segment	n/a	n/a	n/a	n/a	n/a	n/a	n/a	n/a	n/a	n/a	n/a
4101.784000	4.856000	2050892	nan_segment	n/a	n/a	n/a	n/a	n/a	n/a	n/a	n/a	n/a	n/a	n/a
4173.800000	0.200000	2086900	coarse_label	Blocklist (Data break)	n/a	n/a	n/a	n/a	n/a	n/a	n/a	n/a	n/a	4173.800000
4174.000000	119.033333	2087000	coarse_label	Blocklist (Private time)	n/a	n/a	n/a	n/a	n/a	n/a	n/a	n/a	n/a	4174.000000
4282.564000	14.504000	2141282	nan_segment	n/a	n/a	n/a	n/a	n/a	n/a	n/a	n/a	n/a	n/a	n/a
4293.033333	0.133333	2146517	coarse_label	Blocklist (Data break)	n/a	n/a	n/a	n/a	n/a	n/a	n/a	n/a	n/a	4293.033333
4293.166667	120.033333	2146583	coarse_label	Blocklist (Camera move/zoom)	n/a	n/a	n/a	n/a	n/a	n/a	n/a	n/a	n/a	4293.166667
4413.200000	0.166667	2206600	coarse_label	Blocklist (Data break)	n/a	n/a	n/a	n/a	n/a	n/a	n/a	n/a	n/a	4413.200000
4413.366667	119.800000	2206683	coarse_label	Sleep/rest	n/a	n/a	n/a	n/a	n/a	n/a	n/a	n/a	n/a	4413.366667
4533.166667	0.233333	2266583	coarse_label	Blocklist (Data break)	n/a	n/a	n/a	n/a	n/a	n/a	n/a	n/a	n/a	4533.166667
4533.400000	119.800000	2266700	coarse_label	Sleep/rest	n/a	n/a	n/a	n/a	n/a	n/a	n/a	n/a	n/a	4533.400000
4653.200000	0.133333	2326600	coarse_label	Blocklist (Data break)	n/a	n/a	n/a	n/a	n/a	n/a	n/a	n/a	n/a	4653.200000
4653.333333	119.833333	2326667	coarse_label	Sleep/rest	n/a	n/a	n/a	n/a	n/a	n/a	n/a	n/a	n/a	4653.333333
4681.260000	5.170000	2340630	nan_segment	n/a	n/a	n/a	n/a	n/a	n/a	n/a	n/a	n/a	n/a	n/a
4773.166667	0.100000	2386583	coarse_label	Blocklist (Data break)	n/a	n/a	n/a	n/a	n/a	n/a	n/a	n/a	n/a	4773.166667
4773.266667	120.066667	2386633	coarse_label	Sleep/rest	n/a	n/a	n/a	n/a	n/a	n/a	n/a	n/a	n/a	4773.266667
4893.333333	0.166667	2446667	coarse_label	Blocklist (Data break)	n/a	n/a	n/a	n/a	n/a	n/a	n/a	n/a	n/a	4893.333333
4893.500000	120.066667	2446750	coarse_label	Sleep/rest	n/a	n/a	n/a	n/a	n/a	n/a	n/a	n/a	n/a	4893.500000
5013.566667	0.233333	2506783	coarse_label	Blocklist (Data break)	n/a	n/a	n/a	n/a	n/a	n/a	n/a	n/a	n/a	5013.566667
5013.800000	118.933333	2506900	coarse_label	Sleep/rest	n/a	n/a	n/a	n/a	n/a	n/a	n/a	n/a	n/a	5013.800000
5132.733333	0.166667	2566367	coarse_label	Blocklist (Data break)	n/a	n/a	n/a	n/a	n/a	n/a	n/a	n/a	n/a	5132.733333
5132.900000	120.200000	2566450	coarse_label	Sleep/rest	n/a	n/a	n/a	n/a	n/a	n/a	n/a	n/a	n/a	5132.900000
5253.100000	0.233333	2626550	coarse_label	Blocklist (Data break)	n/a	n/a	n/a	n/a	n/a	n/a	n/a	n/a	n/a	5253.100000
5253.333333	122.500000	2626667	coarse_label	Sleep/rest	n/a	n/a	n/a	n/a	n/a	n/a	n/a	n/a	n/a	5253.333333
5375.833333	0.266667	2687917	coarse_label	Blocklist (Data break)	n/a	n/a	n/a	n/a	n/a	n/a	n/a	n/a	n/a	5375.833333
5376.100000	116.633333	2688050	coarse_label	Sleep/rest	n/a	n/a	n/a	n/a	n/a	n/a	n/a	n/a	n/a	5376.100000
5450.590000	4.706000	2725295	nan_segment	n/a	n/a	n/a	n/a	n/a	n/a	n/a	n/a	n/a	n/a	n/a
5492.733333	0.200000	2746367	coarse_label	Blocklist (Data break)	n/a	n/a	n/a	n/a	n/a	n/a	n/a	n/a	n/a	5492.733333
5492.933333	120.333333	2746467	coarse_label	Sleep/rest	n/a	n/a	n/a	n/a	n/a	n/a	n/a	n/a	n/a	5492.933333
5585.464000	5.082000	2792732	nan_segment	n/a	n/a	n/a	n/a	n/a	n/a	n/a	n/a	n/a	n/a	n/a
5613.266667	0.200000	2806633	coarse_label	Blocklist (Data break)	n/a	n/a	n/a	n/a	n/a	n/a	n/a	n/a	n/a	5613.266667
5613.466667	119.966667	2806733	coarse_label	Sleep/rest	n/a	n/a	n/a	n/a	n/a	n/a	n/a	n/a	n/a	5613.466667
5733.433333	0.266667	2866717	coarse_label	Blocklist (Data break)	n/a	n/a	n/a	n/a	n/a	n/a	n/a	n/a	n/a	5733.433333
5733.700000	121.700000	2866850	coarse_label	Blocklist (Camera move/zoom)	n/a	n/a	n/a	n/a	n/a	n/a	n/a	n/a	n/a	5733.700000
5778.040000	7.086000	2889020	nan_segment	n/a	n/a	n/a	n/a	n/a	n/a	n/a	n/a	n/a	n/a	n/a
5855.400000	0.166667	2927700	coarse_label	Blocklist (Data break)	n/a	n/a	n/a	n/a	n/a	n/a	n/a	n/a	n/a	5855.400000
5855.566667	117.566667	2927783	coarse_label	Sleep/rest	n/a	n/a	n/a	n/a	n/a	n/a	n/a	n/a	n/a	5855.566667
5973.133333	0.266667	2986567	coarse_label	Blocklist (Data break)	n/a	n/a	n/a	n/a	n/a	n/a	n/a	n/a	n/a	5973.133333
5973.400000	120.166667	2986700	coarse_label	Sleep/rest	n/a	n/a	n/a	n/a	n/a	n/a	n/a	n/a	n/a	5973.400000
6093.566667	0.133333	3046783	coarse_label	Blocklist (Data break)	n/a	n/a	n/a	n/a	n/a	n/a	n/a	n/a	n/a	6093.566667
6093.700000	119.766667	3046850	coarse_label	Sleep/rest	n/a	n/a	n/a	n/a	n/a	n/a	n/a	n/a	n/a	6093.700000
6200.804000	5.516000	3100402	nan_segment	n/a	n/a	n/a	n/a	n/a	n/a	n/a	n/a	n/a	n/a	n/a
6213.466667	0.166667	3106733	coarse_label	Blocklist (Data break)	n/a	n/a	n/a	n/a	n/a	n/a	n/a	n/a	n/a	6213.466667
6213.633333	129.333333	3106817	coarse_label	Computer/phone	n/a	n/a	n/a	n/a	n/a	n/a	n/a	n/a	n/a	6213.633333
6342.966667	0.266667	3171483	coarse_label	Blocklist (Data break)	n/a	n/a	n/a	n/a	n/a	n/a	n/a	n/a	n/a	6342.966667
6343.233333	115.000000	3171617	coarse_label	Computer/phone	n/a	n/a	n/a	n/a	n/a	n/a	n/a	n/a	n/a	6343.233333
6458.233333	0.166667	3229117	coarse_label	Blocklist (Data break)	n/a	n/a	n/a	n/a	n/a	n/a	n/a	n/a	n/a	6458.233333
6458.400000	115.033333	3229200	coarse_label	Computer/phone	n/a	n/a	n/a	n/a	n/a	n/a	n/a	n/a	n/a	6458.400000
6573.433333	0.133333	3286717	coarse_label	Blocklist (Data break)	n/a	n/a	n/a	n/a	n/a	n/a	n/a	n/a	n/a	6573.433333
6573.566667	119.866667	3286783	coarse_label	Computer/phone	n/a	n/a	n/a	n/a	n/a	n/a	n/a	n/a	n/a	6573.566667
6693.433333	0.133333	3346717	coarse_label	Blocklist (Data break)	n/a	n/a	n/a	n/a	n/a	n/a	n/a	n/a	n/a	6693.433333
6693.566667	119.166667	3346783	coarse_label	Computer/phone	n/a	n/a	n/a	n/a	n/a	n/a	n/a	n/a	n/a	6693.566667
6771.766000	7.728000	3385883	nan_segment	n/a	n/a	n/a	n/a	n/a	n/a	n/a	n/a	n/a	n/a	n/a
6781.514000	1.566667	3390757	reach_onset	n/a	r_wrist	177.291561	-108.541888	51.598811	0.090985	0.388860	1.566667	1.000000	6781.514000	6781.514000
6812.733333	0.100000	3406367	coarse_label	Blocklist (Data break)	n/a	n/a	n/a	n/a	n/a	n/a	n/a	n/a	n/a	6812.733333
6812.833333	120.700000	3406417	coarse_label		n/a	n/a	n/a	n/a	n/a	n/a	n/a	n/a	n/a	6812.833333
6933.533333	0.166667	3466767	coarse_label	Blocklist (Data break)	n/a	n/a	n/a	n/a	n/a	n/a	n/a	n/a	n/a	6933.533333
6933.700000	118.900000	3466850	coarse_label		n/a	n/a	n/a	n/a	n/a	n/a	n/a	n/a	n/a	6933.700000
6971.070000	1.266667	3485535	reach_onset	n/a	r_wrist	91.885371	82.353816	52.230467	0.092833	0.211391	1.100000	1.000000	6971.070000	6971.071000
6979.728000	5.206000	3489864	nan_segment	n/a	n/a	n/a	n/a	n/a	n/a	n/a	n/a	n/a	n/a	n/a
7002.304000	1.366667	3501152	reach_onset	n/a	r_wrist	119.594840	87.285890	58.546062	0.092294	0.094265	1.366667	1.000000	7002.304000	7002.304000
7026.070000	1.033333	3513035	reach_onset	n/a	r_wrist	214.249980	-115.060307	45.365639	0.096481	0.070298	0.833333	1.000000	7026.070000	7026.071000
7038.038000	1.300000	3519019	reach_onset	n/a	r_wrist	45.920281	-148.459138	58.878657	0.100491	0.541514	1.200000	1.000000	7038.038000	7038.038000
7052.600000	0.266667	3526300	coarse_label	Blocklist (Data break)	n/a	n/a	n/a	n/a	n/a	n/a	n/a	n/a	n/a	7052.600000
7052.866667	121.200000	3526433	coarse_label		n/a	n/a	n/a	n/a	n/a	n/a	n/a	n/a	n/a	7052.866667
7174.066667	0.100000	3587033	coarse_label	Blocklist (Data break)	n/a	n/a	n/a	n/a	n/a	n/a	n/a	n/a	n/a	7174.066667
7174.166667	118.666667	3587083	coarse_label		n/a	n/a	n/a	n/a	n/a	n/a	n/a	n/a	n/a	7174.166667
7178.544000	0.766667	3589272	reach_onset	n/a	r_wrist	233.833366	122.665205	91.305630	0.199220	0.050382	0.000000	0.000000	7178.544000	7178.545000
7253.712000	1.800000	3626856	reach_onset	n/a	r_wrist	142.744951	-158.859999	81.740195	0.181272	0.545523	1.766667	1.000000	7253.712000	7253.712000
7292.833333	0.100000	3646417	coarse_label	Blocklist (Data break)	n/a	n/a	n/a	n/a	n/a	n/a	n/a	n/a	n/a	7292.833333
7292.933333	121.900000	3646467	coarse_label		n/a	n/a	n/a	n/a	n/a	n/a	n/a	n/a	n/a	7292.933333
7295.964000	0.533333	3647982	reach_onset	n/a	r_wrist	24.019822	-112.978665	47.807372	0.137517	0.730429	0.533333	1.000000	7295.964000	7295.964000
7306.464000	1.300000	3653232	reach_onset	n/a	r_wrist	124.618022	-104.491709	38.736680	0.132075	0.258741	1.300000	1.000000	7306.464000	7306.464000
7346.498000	1.933333	3673249	reach_onset	n/a	r_wrist	182.849224	100.729888	25.984686	0.116535	0.158999	1.500000	1.000000	7346.498000	7346.498000
7412.198000	1.866667	3706099	reach_onset	n/a	r_wrist	383.354021	35.805644	102.896929	0.129102	0.025753	1.466667	1.000000	7412.198000	7412.198000
7414.833333	0.166667	3707417	coarse_label	Blocklist (Data break)	n/a	n/a	n/a	n/a	n/a	n/a	n/a	n/a	n/a	7414.833333
7415.000000	119.166667	3707500	coarse_label		n/a	n/a	n/a	n/a	n/a	n/a	n/a	n/a	n/a	7415.000000
7449.066000	1.300000	3724533	reach_onset	n/a	r_wrist	171.592843	-140.691543	53.522443	0.105847	0.013462	0.000000	0.000000	7449.066000	7449.066000
7455.832000	0.966667	3727916	reach_onset	n/a	r_wrist	52.106846	-44.604536	40.315060	0.102088	0.098875	0.000000	0.000000	7455.832000	7455.833000
7471.598000	11.584000	3735799	nan_segment	n/a	n/a	n/a	n/a	n/a	n/a	n/a	n/a	n/a	n/a	n/a
7501.132000	2.566667	3750566	reach_onset	n/a	r_wrist	149.851668	-152.279706	36.573714	0.084461	0.054293	0.466667	1.000000	7501.132000	7501.133000
7534.166667	0.066667	3767083	coarse_label	Blocklist (Data break)	n/a	n/a	n/a	n/a	n/a	n/a	n/a	n/a	n/a	7534.166667
7534.233333	118.733333	3767117	coarse_label		n/a	n/a	n/a	n/a	n/a	n/a	n/a	n/a	n/a	7534.233333
7573.966000	6.804000	3786983	nan_segment	n/a	n/a	n/a	n/a	n/a	n/a	n/a	n/a	n/a	n/a	n/a
7652.966667	0.200000	3826483	coarse_label	Blocklist (Data break)	n/a	n/a	n/a	n/a	n/a	n/a	n/a	n/a	n/a	7652.966667
7653.166667	122.133333	3826583	coarse_label		n/a	n/a	n/a	n/a	n/a	n/a	n/a	n/a	n/a	7653.166667
7739.494000	4.146000	3869747	nan_segment	n/a	n/a	n/a	n/a	n/a	n/a	n/a	n/a	n/a	n/a	n/a
7775.300000	0.300000	3887650	coarse_label	Blocklist (Data break)	n/a	n/a	n/a	n/a	n/a	n/a	n/a	n/a	n/a	7775.300000
7775.600000	119.600000	3887800	coarse_label		n/a	n/a	n/a	n/a	n/a	n/a	n/a	n/a	n/a	7775.600000
7895.200000	0.300000	3947600	coarse_label	Blocklist (Data break)	n/a	n/a	n/a	n/a	n/a	n/a	n/a	n/a	n/a	7895.200000
7895.500000	122.066667	3947750	coarse_label		n/a	n/a	n/a	n/a	n/a	n/a	n/a	n/a	n/a	7895.500000
8017.566667	0.166667	4008783	coarse_label	Blocklist (Data break)	n/a	n/a	n/a	n/a	n/a	n/a	n/a	n/a	n/a	8017.566667
8017.733333	123.333333	4008867	coarse_label		n/a	n/a	n/a	n/a	n/a	n/a	n/a	n/a	n/a	8017.733333
8141.066667	0.200000	4070533	coarse_label	Blocklist (Data break)	n/a	n/a	n/a	n/a	n/a	n/a	n/a	n/a	n/a	8141.066667
8141.266667	119.900000	4070633	coarse_label		n/a	n/a	n/a	n/a	n/a	n/a	n/a	n/a	n/a	8141.266667
8153.370000	0.833333	4076685	reach_onset	n/a	r_wrist	31.854490	144.526601	41.061862	0.068673	0.000000	0.833333	1.000000	8153.370000	8153.369000
8261.166667	0.200000	4130583	coarse_label	Blocklist (Data break)	n/a	n/a	n/a	n/a	n/a	n/a	n/a	n/a	n/a	8261.166667
8261.366667	132.966667	4130683	coarse_label		n/a	n/a	n/a	n/a	n/a	n/a	n/a	n/a	n/a	8261.366667
8394.333333	0.233333	4197167	coarse_label	Blocklist (Data break)	n/a	n/a	n/a	n/a	n/a	n/a	n/a	n/a	n/a	8394.333333
8394.566667	98.066667	4197283	coarse_label		n/a	n/a	n/a	n/a	n/a	n/a	n/a	n/a	n/a	8394.566667
8492.633333	0.233333	4246317	coarse_label	Blocklist (Data break)	n/a	n/a	n/a	n/a	n/a	n/a	n/a	n/a	n/a	8492.633333
8492.866667	120.966667	4246433	coarse_label		n/a	n/a	n/a	n/a	n/a	n/a	n/a	n/a	n/a	8492.866667
8613.833333	0.133333	4306917	coarse_label	Blocklist (Data break)	n/a	n/a	n/a	n/a	n/a	n/a	n/a	n/a	n/a	8613.833333
8613.966667	130.566667	4306983	coarse_label		n/a	n/a	n/a	n/a	n/a	n/a	n/a	n/a	n/a	8613.966667
8744.533333	0.133333	4372267	coarse_label	Blocklist (Data break)	n/a	n/a	n/a	n/a	n/a	n/a	n/a	n/a	n/a	8744.533333
8744.666667	109.100000	4372333	coarse_label		n/a	n/a	n/a	n/a	n/a	n/a	n/a	n/a	n/a	8744.666667
8810.124000	1.433333	4405062	reach_onset	n/a	r_wrist	27.347619	-153.963550	29.016860	0.065338	0.182155	0.633333	1.000000	8810.124000	8810.125000
8853.766667	0.133333	4426883	coarse_label	Blocklist (Data break)	n/a	n/a	n/a	n/a	n/a	n/a	n/a	n/a	n/a	8853.766667
8853.900000	119.700000	4426950	coarse_label		n/a	n/a	n/a	n/a	n/a	n/a	n/a	n/a	n/a	8853.900000
8973.600000	0.266667	4486800	coarse_label	Blocklist (Data break)	n/a	n/a	n/a	n/a	n/a	n/a	n/a	n/a	n/a	8973.600000
8973.866667	120.833333	4486933	coarse_label		n/a	n/a	n/a	n/a	n/a	n/a	n/a	n/a	n/a	8973.866667
9094.700000	0.300000	4547350	coarse_label	Blocklist (Data break)	n/a	n/a	n/a	n/a	n/a	n/a	n/a	n/a	n/a	9094.700000
9095.000000	119.633333	4547500	coarse_label		n/a	n/a	n/a	n/a	n/a	n/a	n/a	n/a	n/a	9095.000000
9214.633333	0.266667	4607317	coarse_label	Blocklist (Data break)	n/a	n/a	n/a	n/a	n/a	n/a	n/a	n/a	n/a	9214.633333
9214.900000	119.600000	4607450	coarse_label		n/a	n/a	n/a	n/a	n/a	n/a	n/a	n/a	n/a	9214.900000
9334.500000	0.300000	4667250	coarse_label	Blocklist (Data break)	n/a	n/a	n/a	n/a	n/a	n/a	n/a	n/a	n/a	9334.500000
9334.800000	120.966667	4667400	coarse_label		n/a	n/a	n/a	n/a	n/a	n/a	n/a	n/a	n/a	9334.800000
9455.766667	0.100000	4727883	coarse_label	Blocklist (Data break)	n/a	n/a	n/a	n/a	n/a	n/a	n/a	n/a	n/a	9455.766667
9455.866667	117.366667	4727933	coarse_label		n/a	n/a	n/a	n/a	n/a	n/a	n/a	n/a	n/a	9455.866667
9573.233333	0.166667	4786617	coarse_label	Blocklist (Data break)	n/a	n/a	n/a	n/a	n/a	n/a	n/a	n/a	n/a	9573.233333
9573.400000	119.633333	4786700	coarse_label		n/a	n/a	n/a	n/a	n/a	n/a	n/a	n/a	n/a	9573.400000
9693.033333	0.233333	4846517	coarse_label	Blocklist (Data break)	n/a	n/a	n/a	n/a	n/a	n/a	n/a	n/a	n/a	9693.033333
9693.266667	122.266667	4846633	coarse_label	Computer/phone	n/a	n/a	n/a	n/a	n/a	n/a	n/a	n/a	n/a	9693.266667
9789.722000	4.156000	4894861	nan_segment	n/a	n/a	n/a	n/a	n/a	n/a	n/a	n/a	n/a	n/a	n/a
9815.533333	0.133333	4907767	coarse_label	Blocklist (Data break)	n/a	n/a	n/a	n/a	n/a	n/a	n/a	n/a	n/a	9815.533333
9815.666667	119.166667	4907833	coarse_label	Other activity	n/a	n/a	n/a	n/a	n/a	n/a	n/a	n/a	n/a	9815.666667
9830.888000	13.728000	4915444	nan_segment	n/a	n/a	n/a	n/a	n/a	n/a	n/a	n/a	n/a	n/a	n/a
9914.678000	2.266667	4957339	reach_onset	n/a	r_wrist	201.991466	141.965896	96.545460	0.070175	0.000000	2.266667	1.000000	9914.678000	9914.679000
9934.833333	0.233333	4967417	coarse_label	Blocklist (Data break)	n/a	n/a	n/a	n/a	n/a	n/a	n/a	n/a	n/a	9934.833333
9935.066667	118.633333	4967533	coarse_label	Sleep/rest	n/a	n/a	n/a	n/a	n/a	n/a	n/a	n/a	n/a	9935.066667
10053.700000	0.200000	5026850	coarse_label	Blocklist (Data break)	n/a	n/a	n/a	n/a	n/a	n/a	n/a	n/a	n/a	10053.700000
10053.900000	118.566667	5026950	coarse_label	Sleep/rest	n/a	n/a	n/a	n/a	n/a	n/a	n/a	n/a	n/a	10053.900000
10172.466667	0.266667	5086233	coarse_label	Blocklist (Data break)	n/a	n/a	n/a	n/a	n/a	n/a	n/a	n/a	n/a	10172.466667
10172.733333	119.733333	5086367	coarse_label	Sleep/rest	n/a	n/a	n/a	n/a	n/a	n/a	n/a	n/a	n/a	10172.733333
10292.466667	0.300000	5146233	coarse_label	Blocklist (Data break)	n/a	n/a	n/a	n/a	n/a	n/a	n/a	n/a	n/a	10292.466667
10292.766667	119.900000	5146383	coarse_label	Sleep/rest	n/a	n/a	n/a	n/a	n/a	n/a	n/a	n/a	n/a	10292.766667
10412.666667	0.133333	5206333	coarse_label	Blocklist (Data break)	n/a	n/a	n/a	n/a	n/a	n/a	n/a	n/a	n/a	10412.666667
10412.800000	119.966667	5206400	coarse_label	Sleep/rest	n/a	n/a	n/a	n/a	n/a	n/a	n/a	n/a	n/a	10412.800000
10436.052000	4.616000	5218026	nan_segment	n/a	n/a	n/a	n/a	n/a	n/a	n/a	n/a	n/a	n/a	n/a
10532.766667	0.166667	5266383	coarse_label	Blocklist (Data break)	n/a	n/a	n/a	n/a	n/a	n/a	n/a	n/a	n/a	10532.766667
10532.933333	120.066667	5266467	coarse_label	Sleep/rest	n/a	n/a	n/a	n/a	n/a	n/a	n/a	n/a	n/a	10532.933333
10653.000000	0.266667	5326500	coarse_label	Blocklist (Data break)	n/a	n/a	n/a	n/a	n/a	n/a	n/a	n/a	n/a	10653.000000
10653.266667	120.300000	5326633	coarse_label	Sleep/rest	n/a	n/a	n/a	n/a	n/a	n/a	n/a	n/a	n/a	10653.266667
10773.566667	0.100000	5386783	coarse_label	Blocklist (Data break)	n/a	n/a	n/a	n/a	n/a	n/a	n/a	n/a	n/a	10773.566667
10773.666667	134.466667	5386833	coarse_label	Sleep/rest	n/a	n/a	n/a	n/a	n/a	n/a	n/a	n/a	n/a	10773.666667
10908.133333	0.266667	5454067	coarse_label	Blocklist (Data break)	n/a	n/a	n/a	n/a	n/a	n/a	n/a	n/a	n/a	10908.133333
10908.400000	104.333333	5454200	coarse_label	Sleep/rest	n/a	n/a	n/a	n/a	n/a	n/a	n/a	n/a	n/a	10908.400000
11012.733333	0.200000	5506367	coarse_label	Blocklist (Data break)	n/a	n/a	n/a	n/a	n/a	n/a	n/a	n/a	n/a	11012.733333
11012.933333	127.466667	5506467	coarse_label	Blocklist (Camera move/zoom)	n/a	n/a	n/a	n/a	n/a	n/a	n/a	n/a	n/a	11012.933333
11090.934000	4.624000	5545467	nan_segment	n/a	n/a	n/a	n/a	n/a	n/a	n/a	n/a	n/a	n/a	n/a
11140.400000	0.233333	5570200	coarse_label	Blocklist (Data break)	n/a	n/a	n/a	n/a	n/a	n/a	n/a	n/a	n/a	11140.400000
11140.633333	117.500000	5570317	coarse_label	Talk	n/a	n/a	n/a	n/a	n/a	n/a	n/a	n/a	n/a	11140.633333
11177.416000	10.304000	5588708	nan_segment	n/a	n/a	n/a	n/a	n/a	n/a	n/a	n/a	n/a	n/a	n/a
11193.372000	2.000000	5596686	reach_onset	n/a	r_wrist	85.620541	65.421096	34.181572	0.270689	0.000000	1.800000	1.000000	11193.372000	11193.372000
11201.128000	10.536000	5600564	nan_segment	n/a	n/a	n/a	n/a	n/a	n/a	n/a	n/a	n/a	n/a	n/a
11258.133333	0.133333	5629067	coarse_label	Blocklist (Data break)	n/a	n/a	n/a	n/a	n/a	n/a	n/a	n/a	n/a	11258.133333
11258.266667	115.233333	5629133	coarse_label	Talk	n/a	n/a	n/a	n/a	n/a	n/a	n/a	n/a	n/a	11258.266667
11333.946000	4.424000	5666973	nan_segment	n/a	n/a	n/a	n/a	n/a	n/a	n/a	n/a	n/a	n/a	n/a
11373.500000	0.133333	5686750	coarse_label	Blocklist (Data break)	n/a	n/a	n/a	n/a	n/a	n/a	n/a	n/a	n/a	11373.500000
11373.633333	119.700000	5686817	coarse_label	Other activity	n/a	n/a	n/a	n/a	n/a	n/a	n/a	n/a	n/a	11373.633333
11388.644000	14.614000	5694322	nan_segment	n/a	n/a	n/a	n/a	n/a	n/a	n/a	n/a	n/a	n/a	n/a
11413.260000	4.564000	5706630	nan_segment	n/a	n/a	n/a	n/a	n/a	n/a	n/a	n/a	n/a	n/a	n/a
11424.374000	4.126000	5712187	nan_segment	n/a	n/a	n/a	n/a	n/a	n/a	n/a	n/a	n/a	n/a	n/a
11444.384000	4.056000	5722192	nan_segment	n/a	n/a	n/a	n/a	n/a	n/a	n/a	n/a	n/a	n/a	n/a
11450.538000	8.168000	5725269	nan_segment	n/a	n/a	n/a	n/a	n/a	n/a	n/a	n/a	n/a	n/a	n/a
11490.438000	4.150000	5745219	nan_segment	n/a	n/a	n/a	n/a	n/a	n/a	n/a	n/a	n/a	n/a	n/a
11493.333333	0.233333	5746667	coarse_label	Blocklist (Data break)	n/a	n/a	n/a	n/a	n/a	n/a	n/a	n/a	n/a	11493.333333
11493.566667	119.833333	5746783	coarse_label	Sleep/rest	n/a	n/a	n/a	n/a	n/a	n/a	n/a	n/a	n/a	11493.566667
11553.848000	6.338000	5776924	nan_segment	n/a	n/a	n/a	n/a	n/a	n/a	n/a	n/a	n/a	n/a	n/a
11613.400000	0.133333	5806700	coarse_label	Blocklist (Data break)	n/a	n/a	n/a	n/a	n/a	n/a	n/a	n/a	n/a	11613.400000
11613.533333	122.100000	5806767	coarse_label	Talk	n/a	n/a	n/a	n/a	n/a	n/a	n/a	n/a	n/a	11613.533333
11735.633333	0.166667	5867817	coarse_label	Blocklist (Data break)	n/a	n/a	n/a	n/a	n/a	n/a	n/a	n/a	n/a	11735.633333
11735.800000	118.900000	5867900	coarse_label	Sleep/rest	n/a	n/a	n/a	n/a	n/a	n/a	n/a	n/a	n/a	11735.800000
11854.700000	0.133333	5927350	coarse_label	Blocklist (Data break)	n/a	n/a	n/a	n/a	n/a	n/a	n/a	n/a	n/a	11854.700000
11854.833333	118.833333	5927417	coarse_label	Sleep/rest	n/a	n/a	n/a	n/a	n/a	n/a	n/a	n/a	n/a	11854.833333
11973.666667	0.100000	5986833	coarse_label	Blocklist (Data break)	n/a	n/a	n/a	n/a	n/a	n/a	n/a	n/a	n/a	11973.666667
11973.766667	118.833333	5986883	coarse_label	Sleep/rest	n/a	n/a	n/a	n/a	n/a	n/a	n/a	n/a	n/a	11973.766667
12092.600000	0.133333	6046300	coarse_label	Blocklist (Data break)	n/a	n/a	n/a	n/a	n/a	n/a	n/a	n/a	n/a	12092.600000
12092.733333	120.066667	6046367	coarse_label	Sleep/rest	n/a	n/a	n/a	n/a	n/a	n/a	n/a	n/a	n/a	12092.733333
12212.800000	0.300000	6106400	coarse_label	Blocklist (Data break)	n/a	n/a	n/a	n/a	n/a	n/a	n/a	n/a	n/a	12212.800000
12213.100000	120.266667	6106550	coarse_label	Sleep/rest	n/a	n/a	n/a	n/a	n/a	n/a	n/a	n/a	n/a	12213.100000
12333.366667	0.100000	6166683	coarse_label	Blocklist (Data break)	n/a	n/a	n/a	n/a	n/a	n/a	n/a	n/a	n/a	12333.366667
12333.466667	120.233333	6166733	coarse_label	Sleep/rest	n/a	n/a	n/a	n/a	n/a	n/a	n/a	n/a	n/a	12333.466667
12453.700000	0.133333	6226850	coarse_label	Blocklist (Data break)	n/a	n/a	n/a	n/a	n/a	n/a	n/a	n/a	n/a	12453.700000
12453.833333	119.000000	6226917	coarse_label	Sleep/rest	n/a	n/a	n/a	n/a	n/a	n/a	n/a	n/a	n/a	12453.833333
12572.833333	0.133333	6286417	coarse_label	Blocklist (Data break)	n/a	n/a	n/a	n/a	n/a	n/a	n/a	n/a	n/a	12572.833333
12572.966667	120.066667	6286483	coarse_label	Sleep/rest	n/a	n/a	n/a	n/a	n/a	n/a	n/a	n/a	n/a	12572.966667
12693.033333	0.200000	6346517	coarse_label	Blocklist (Data break)	n/a	n/a	n/a	n/a	n/a	n/a	n/a	n/a	n/a	12693.033333
12693.233333	121.500000	6346617	coarse_label	Sleep/rest	n/a	n/a	n/a	n/a	n/a	n/a	n/a	n/a	n/a	12693.233333
12814.733333	0.100000	6407367	coarse_label	Blocklist (Data break)	n/a	n/a	n/a	n/a	n/a	n/a	n/a	n/a	n/a	12814.733333
12814.833333	120.466667	6407417	coarse_label	Sleep/rest	n/a	n/a	n/a	n/a	n/a	n/a	n/a	n/a	n/a	12814.833333
12935.300000	0.100000	6467650	coarse_label	Blocklist (Data break)	n/a	n/a	n/a	n/a	n/a	n/a	n/a	n/a	n/a	12935.300000
12935.400000	118.900000	6467700	coarse_label	Sleep/rest	n/a	n/a	n/a	n/a	n/a	n/a	n/a	n/a	n/a	12935.400000
13054.300000	0.133333	6527150	coarse_label	Blocklist (Data break)	n/a	n/a	n/a	n/a	n/a	n/a	n/a	n/a	n/a	13054.300000
13054.433333	121.300000	6527217	coarse_label	Sleep/rest	n/a	n/a	n/a	n/a	n/a	n/a	n/a	n/a	n/a	13054.433333
13175.733333	0.166667	6587867	coarse_label	Blocklist (Data break)	n/a	n/a	n/a	n/a	n/a	n/a	n/a	n/a	n/a	13175.733333
13175.900000	117.266667	6587950	coarse_label	Sleep/rest	n/a	n/a	n/a	n/a	n/a	n/a	n/a	n/a	n/a	13175.900000
13293.166667	0.233333	6646583	coarse_label	Blocklist (Data break)	n/a	n/a	n/a	n/a	n/a	n/a	n/a	n/a	n/a	13293.166667
13293.400000	119.400000	6646700	coarse_label	Sleep/rest	n/a	n/a	n/a	n/a	n/a	n/a	n/a	n/a	n/a	13293.400000
13412.800000	0.133333	6706400	coarse_label	Blocklist (Data break)	n/a	n/a	n/a	n/a	n/a	n/a	n/a	n/a	n/a	13412.800000
13412.933333	122.866667	6706467	coarse_label	Sleep/rest	n/a	n/a	n/a	n/a	n/a	n/a	n/a	n/a	n/a	13412.933333
13535.800000	0.266667	6767900	coarse_label	Blocklist (Data break)	n/a	n/a	n/a	n/a	n/a	n/a	n/a	n/a	n/a	13535.800000
13536.066667	116.966667	6768033	coarse_label	Sleep/rest	n/a	n/a	n/a	n/a	n/a	n/a	n/a	n/a	n/a	13536.066667
13653.033333	0.200000	6826517	coarse_label	Blocklist (Data break)	n/a	n/a	n/a	n/a	n/a	n/a	n/a	n/a	n/a	13653.033333
13653.233333	119.333333	6826617	coarse_label	Sleep/rest	n/a	n/a	n/a	n/a	n/a	n/a	n/a	n/a	n/a	13653.233333
13772.566667	0.166667	6886283	coarse_label	Blocklist (Data break)	n/a	n/a	n/a	n/a	n/a	n/a	n/a	n/a	n/a	13772.566667
13772.733333	121.600000	6886367	coarse_label	Sleep/rest	n/a	n/a	n/a	n/a	n/a	n/a	n/a	n/a	n/a	13772.733333
13894.333333	0.300000	6947167	coarse_label	Blocklist (Data break)	n/a	n/a	n/a	n/a	n/a	n/a	n/a	n/a	n/a	13894.333333
13894.633333	119.333333	6947317	coarse_label	Sleep/rest	n/a	n/a	n/a	n/a	n/a	n/a	n/a	n/a	n/a	13894.633333
14013.966667	0.166667	7006983	coarse_label	Blocklist (Data break)	n/a	n/a	n/a	n/a	n/a	n/a	n/a	n/a	n/a	14013.966667
14014.133333	120.566667	7007067	coarse_label	Sleep/rest	n/a	n/a	n/a	n/a	n/a	n/a	n/a	n/a	n/a	14014.133333
14134.700000	0.166667	7067350	coarse_label	Blocklist (Data break)	n/a	n/a	n/a	n/a	n/a	n/a	n/a	n/a	n/a	14134.700000
14134.866667	118.100000	7067433	coarse_label	Sleep/rest	n/a	n/a	n/a	n/a	n/a	n/a	n/a	n/a	n/a	14134.866667
14252.966667	0.200000	7126483	coarse_label	Blocklist (Data break)	n/a	n/a	n/a	n/a	n/a	n/a	n/a	n/a	n/a	14252.966667
14253.166667	119.400000	7126583	coarse_label	Sleep/rest	n/a	n/a	n/a	n/a	n/a	n/a	n/a	n/a	n/a	14253.166667
14372.566667	0.133333	7186283	coarse_label	Blocklist (Data break)	n/a	n/a	n/a	n/a	n/a	n/a	n/a	n/a	n/a	14372.566667
14372.700000	120.500000	7186350	coarse_label	Sleep/rest	n/a	n/a	n/a	n/a	n/a	n/a	n/a	n/a	n/a	14372.700000
14493.200000	0.200000	7246600	coarse_label	Blocklist (Data break)	n/a	n/a	n/a	n/a	n/a	n/a	n/a	n/a	n/a	14493.200000
14493.400000	119.233333	7246700	coarse_label	Sleep/rest	n/a	n/a	n/a	n/a	n/a	n/a	n/a	n/a	n/a	14493.400000
14612.633333	0.300000	7306317	coarse_label	Blocklist (Data break)	n/a	n/a	n/a	n/a	n/a	n/a	n/a	n/a	n/a	14612.633333
14612.933333	120.400000	7306467	coarse_label	Sleep/rest	n/a	n/a	n/a	n/a	n/a	n/a	n/a	n/a	n/a	14612.933333
14733.333333	0.266667	7366667	coarse_label	Blocklist (Data break)	n/a	n/a	n/a	n/a	n/a	n/a	n/a	n/a	n/a	14733.333333
14733.600000	119.200000	7366800	coarse_label	Sleep/rest	n/a	n/a	n/a	n/a	n/a	n/a	n/a	n/a	n/a	14733.600000
14852.800000	0.300000	7426400	coarse_label	Blocklist (Data break)	n/a	n/a	n/a	n/a	n/a	n/a	n/a	n/a	n/a	14852.800000
14853.100000	120.400000	7426550	coarse_label	Sleep/rest	n/a	n/a	n/a	n/a	n/a	n/a	n/a	n/a	n/a	14853.100000
14973.500000	0.266667	7486750	coarse_label	Blocklist (Data break)	n/a	n/a	n/a	n/a	n/a	n/a	n/a	n/a	n/a	14973.500000
14973.766667	119.200000	7486883	coarse_label	Sleep/rest	n/a	n/a	n/a	n/a	n/a	n/a	n/a	n/a	n/a	14973.766667
15092.966667	0.300000	7546483	coarse_label	Blocklist (Data break)	n/a	n/a	n/a	n/a	n/a	n/a	n/a	n/a	n/a	15092.966667
15093.266667	119.333333	7546633	coarse_label	Sleep/rest	n/a	n/a	n/a	n/a	n/a	n/a	n/a	n/a	n/a	15093.266667
15212.600000	0.133333	7606300	coarse_label	Blocklist (Data break)	n/a	n/a	n/a	n/a	n/a	n/a	n/a	n/a	n/a	15212.600000
15212.733333	121.700000	7606367	coarse_label	Sleep/rest	n/a	n/a	n/a	n/a	n/a	n/a	n/a	n/a	n/a	15212.733333
15334.433333	0.166667	7667217	coarse_label	Blocklist (Data break)	n/a	n/a	n/a	n/a	n/a	n/a	n/a	n/a	n/a	15334.433333
15334.600000	118.200000	7667300	coarse_label	Sleep/rest	n/a	n/a	n/a	n/a	n/a	n/a	n/a	n/a	n/a	15334.600000
15452.800000	0.066667	7726400	coarse_label	Blocklist (Data break)	n/a	n/a	n/a	n/a	n/a	n/a	n/a	n/a	n/a	15452.800000
15452.866667	121.700000	7726433	coarse_label	Sleep/rest	n/a	n/a	n/a	n/a	n/a	n/a	n/a	n/a	n/a	15452.866667
15574.566667	0.200000	7787283	coarse_label	Blocklist (Data break)	n/a	n/a	n/a	n/a	n/a	n/a	n/a	n/a	n/a	15574.566667
15574.766667	118.033333	7787383	coarse_label	Sleep/rest	n/a	n/a	n/a	n/a	n/a	n/a	n/a	n/a	n/a	15574.766667
15658.964000	8.354000	7829482	nan_segment	n/a	n/a	n/a	n/a	n/a	n/a	n/a	n/a	n/a	n/a	n/a
15692.800000	0.266667	7846400	coarse_label	Blocklist (Data break)	n/a	n/a	n/a	n/a	n/a	n/a	n/a	n/a	n/a	15692.800000
15693.066667	121.700000	7846533	coarse_label	Sleep/rest	n/a	n/a	n/a	n/a	n/a	n/a	n/a	n/a	n/a	15693.066667
15814.766667	0.200000	7907383	coarse_label	Blocklist (Data break)	n/a	n/a	n/a	n/a	n/a	n/a	n/a	n/a	n/a	15814.766667
15814.966667	118.333333	7907483	coarse_label	Sleep/rest	n/a	n/a	n/a	n/a	n/a	n/a	n/a	n/a	n/a	15814.966667
15933.300000	0.166667	7966650	coarse_label	Blocklist (Data break)	n/a	n/a	n/a	n/a	n/a	n/a	n/a	n/a	n/a	15933.300000
15933.466667	119.233333	7966733	coarse_label	Sleep/rest	n/a	n/a	n/a	n/a	n/a	n/a	n/a	n/a	n/a	15933.466667
16052.700000	0.233333	8026350	coarse_label	Blocklist (Data break)	n/a	n/a	n/a	n/a	n/a	n/a	n/a	n/a	n/a	16052.700000
16052.933333	120.500000	8026467	coarse_label	Sleep/rest	n/a	n/a	n/a	n/a	n/a	n/a	n/a	n/a	n/a	16052.933333
16173.433333	0.100000	8086717	coarse_label	Blocklist (Data break)	n/a	n/a	n/a	n/a	n/a	n/a	n/a	n/a	n/a	16173.433333
16173.533333	119.533333	8086767	coarse_label	Sleep/rest	n/a	n/a	n/a	n/a	n/a	n/a	n/a	n/a	n/a	16173.533333
16293.066667	0.300000	8146533	coarse_label	Blocklist (Data break)	n/a	n/a	n/a	n/a	n/a	n/a	n/a	n/a	n/a	16293.066667
16293.366667	123.266667	8146683	coarse_label	Sleep/rest	n/a	n/a	n/a	n/a	n/a	n/a	n/a	n/a	n/a	16293.366667
16416.633333	0.133333	8208317	coarse_label	Blocklist (Data break)	n/a	n/a	n/a	n/a	n/a	n/a	n/a	n/a	n/a	16416.633333
16416.766667	116.100000	8208383	coarse_label	Sleep/rest	n/a	n/a	n/a	n/a	n/a	n/a	n/a	n/a	n/a	16416.766667
16532.866667	0.166667	8266433	coarse_label	Blocklist (Data break)	n/a	n/a	n/a	n/a	n/a	n/a	n/a	n/a	n/a	16532.866667
16533.033333	120.933333	8266517	coarse_label	Sleep/rest	n/a	n/a	n/a	n/a	n/a	n/a	n/a	n/a	n/a	16533.033333
16653.966667	0.133333	8326983	coarse_label	Blocklist (Data break)	n/a	n/a	n/a	n/a	n/a	n/a	n/a	n/a	n/a	16653.966667
16654.100000	126.866667	8327050	coarse_label	Sleep/rest	n/a	n/a	n/a	n/a	n/a	n/a	n/a	n/a	n/a	16654.100000
16780.966667	0.133333	8390483	coarse_label	Blocklist (Data break)	n/a	n/a	n/a	n/a	n/a	n/a	n/a	n/a	n/a	16780.966667
16781.100000	111.200000	8390550	coarse_label	Sleep/rest	n/a	n/a	n/a	n/a	n/a	n/a	n/a	n/a	n/a	16781.100000
16892.300000	0.233333	8446150	coarse_label	Blocklist (Data break)	n/a	n/a	n/a	n/a	n/a	n/a	n/a	n/a	n/a	16892.300000
16892.533333	120.833333	8446267	coarse_label	Sleep/rest	n/a	n/a	n/a	n/a	n/a	n/a	n/a	n/a	n/a	16892.533333
17013.366667	0.233333	8506683	coarse_label	Blocklist (Data break)	n/a	n/a	n/a	n/a	n/a	n/a	n/a	n/a	n/a	17013.366667
17013.600000	126.800000	8506800	coarse_label	Sleep/rest	n/a	n/a	n/a	n/a	n/a	n/a	n/a	n/a	n/a	17013.600000
17140.400000	0.200000	8570200	coarse_label	Blocklist (Data break)	n/a	n/a	n/a	n/a	n/a	n/a	n/a	n/a	n/a	17140.400000
17140.600000	112.466667	8570300	coarse_label	Sleep/rest	n/a	n/a	n/a	n/a	n/a	n/a	n/a	n/a	n/a	17140.600000
17253.066667	0.200000	8626533	coarse_label	Blocklist (Data break)	n/a	n/a	n/a	n/a	n/a	n/a	n/a	n/a	n/a	17253.066667
17253.266667	119.700000	8626633	coarse_label	Sleep/rest	n/a	n/a	n/a	n/a	n/a	n/a	n/a	n/a	n/a	17253.266667
17372.966667	0.133333	8686483	coarse_label	Blocklist (Data break)	n/a	n/a	n/a	n/a	n/a	n/a	n/a	n/a	n/a	17372.966667
17373.100000	124.400000	8686550	coarse_label	Sleep/rest	n/a	n/a	n/a	n/a	n/a	n/a	n/a	n/a	n/a	17373.100000
17497.500000	0.266667	8748750	coarse_label	Blocklist (Data break)	n/a	n/a	n/a	n/a	n/a	n/a	n/a	n/a	n/a	17497.500000
17497.766667	114.766667	8748883	coarse_label	Sleep/rest	n/a	n/a	n/a	n/a	n/a	n/a	n/a	n/a	n/a	17497.766667
17612.533333	0.266667	8806267	coarse_label	Blocklist (Data break)	n/a	n/a	n/a	n/a	n/a	n/a	n/a	n/a	n/a	17612.533333
17612.800000	119.700000	8806400	coarse_label	Sleep/rest	n/a	n/a	n/a	n/a	n/a	n/a	n/a	n/a	n/a	17612.800000
17732.500000	0.133333	8866250	coarse_label	Blocklist (Data break)	n/a	n/a	n/a	n/a	n/a	n/a	n/a	n/a	n/a	17732.500000
17732.633333	120.766667	8866317	coarse_label	Sleep/rest	n/a	n/a	n/a	n/a	n/a	n/a	n/a	n/a	n/a	17732.633333
17853.400000	0.266667	8926700	coarse_label	Blocklist (Data break)	n/a	n/a	n/a	n/a	n/a	n/a	n/a	n/a	n/a	17853.400000
17853.666667	119.633333	8926833	coarse_label	Sleep/rest	n/a	n/a	n/a	n/a	n/a	n/a	n/a	n/a	n/a	17853.666667
17973.300000	0.200000	8986650	coarse_label	Blocklist (Data break)	n/a	n/a	n/a	n/a	n/a	n/a	n/a	n/a	n/a	17973.300000
17973.500000	119.666667	8986750	coarse_label	Sleep/rest	n/a	n/a	n/a	n/a	n/a	n/a	n/a	n/a	n/a	17973.500000
18093.166667	0.100000	9046583	coarse_label	Blocklist (Data break)	n/a	n/a	n/a	n/a	n/a	n/a	n/a	n/a	n/a	18093.166667
18093.266667	120.800000	9046633	coarse_label	Sleep/rest	n/a	n/a	n/a	n/a	n/a	n/a	n/a	n/a	n/a	18093.266667
18214.066667	0.300000	9107033	coarse_label	Blocklist (Data break)	n/a	n/a	n/a	n/a	n/a	n/a	n/a	n/a	n/a	18214.066667
18214.366667	118.100000	9107183	coarse_label	Sleep/rest	n/a	n/a	n/a	n/a	n/a	n/a	n/a	n/a	n/a	18214.366667
18332.466667	0.100000	9166233	coarse_label	Blocklist (Data break)	n/a	n/a	n/a	n/a	n/a	n/a	n/a	n/a	n/a	18332.466667
18332.566667	120.466667	9166283	coarse_label	Sleep/rest	n/a	n/a	n/a	n/a	n/a	n/a	n/a	n/a	n/a	18332.566667
18453.033333	0.200000	9226517	coarse_label	Blocklist (Data break)	n/a	n/a	n/a	n/a	n/a	n/a	n/a	n/a	n/a	18453.033333
18453.233333	119.933333	9226617	coarse_label	Sleep/rest	n/a	n/a	n/a	n/a	n/a	n/a	n/a	n/a	n/a	18453.233333
18573.166667	0.233333	9286583	coarse_label	Blocklist (Data break)	n/a	n/a	n/a	n/a	n/a	n/a	n/a	n/a	n/a	18573.166667
18573.400000	120.100000	9286700	coarse_label	Sleep/rest	n/a	n/a	n/a	n/a	n/a	n/a	n/a	n/a	n/a	18573.400000
18693.500000	0.100000	9346750	coarse_label	Blocklist (Data break)	n/a	n/a	n/a	n/a	n/a	n/a	n/a	n/a	n/a	18693.500000
18693.600000	142.733333	9346800	coarse_label	Sleep/rest	n/a	n/a	n/a	n/a	n/a	n/a	n/a	n/a	n/a	18693.600000
18836.333333	0.266667	9418167	coarse_label	Blocklist (Data break)	n/a	n/a	n/a	n/a	n/a	n/a	n/a	n/a	n/a	18836.333333
18836.600000	95.866667	9418300	coarse_label	Sleep/rest	n/a	n/a	n/a	n/a	n/a	n/a	n/a	n/a	n/a	18836.600000
18932.466667	0.266667	9466233	coarse_label	Blocklist (Data break)	n/a	n/a	n/a	n/a	n/a	n/a	n/a	n/a	n/a	18932.466667
18932.733333	119.933333	9466367	coarse_label	Sleep/rest	n/a	n/a	n/a	n/a	n/a	n/a	n/a	n/a	n/a	18932.733333
19052.666667	0.233333	9526333	coarse_label	Blocklist (Data break)	n/a	n/a	n/a	n/a	n/a	n/a	n/a	n/a	n/a	19052.666667
19052.900000	119.966667	9526450	coarse_label	Sleep/rest	n/a	n/a	n/a	n/a	n/a	n/a	n/a	n/a	n/a	19052.900000
19172.866667	0.133333	9586433	coarse_label	Blocklist (Data break)	n/a	n/a	n/a	n/a	n/a	n/a	n/a	n/a	n/a	19172.866667
19173.000000	126.033333	9586500	coarse_label	Sleep/rest	n/a	n/a	n/a	n/a	n/a	n/a	n/a	n/a	n/a	19173.000000
19299.033333	0.200000	9649517	coarse_label	Blocklist (Data break)	n/a	n/a	n/a	n/a	n/a	n/a	n/a	n/a	n/a	19299.033333
19299.233333	123.600000	9649617	coarse_label	Sleep/rest	n/a	n/a	n/a	n/a	n/a	n/a	n/a	n/a	n/a	19299.233333
19422.833333	0.133333	9711417	coarse_label	Blocklist (Data break)	n/a	n/a	n/a	n/a	n/a	n/a	n/a	n/a	n/a	19422.833333
19422.966667	112.733333	9711483	coarse_label	Sleep/rest	n/a	n/a	n/a	n/a	n/a	n/a	n/a	n/a	n/a	19422.966667
19535.700000	0.266667	9767850	coarse_label	Blocklist (Data break)	n/a	n/a	n/a	n/a	n/a	n/a	n/a	n/a	n/a	19535.700000
19535.966667	117.600000	9767983	coarse_label	Sleep/rest	n/a	n/a	n/a	n/a	n/a	n/a	n/a	n/a	n/a	19535.966667
19653.566667	0.133333	9826783	coarse_label	Blocklist (Data break)	n/a	n/a	n/a	n/a	n/a	n/a	n/a	n/a	n/a	19653.566667
19653.700000	118.733333	9826850	coarse_label	Sleep/rest	n/a	n/a	n/a	n/a	n/a	n/a	n/a	n/a	n/a	19653.700000
19772.433333	0.266667	9886217	coarse_label	Blocklist (Data break)	n/a	n/a	n/a	n/a	n/a	n/a	n/a	n/a	n/a	19772.433333
19772.700000	122.400000	9886350	coarse_label	Sleep/rest	n/a	n/a	n/a	n/a	n/a	n/a	n/a	n/a	n/a	19772.700000
19895.100000	0.133333	9947550	coarse_label	Blocklist (Data break)	n/a	n/a	n/a	n/a	n/a	n/a	n/a	n/a	n/a	19895.100000
19895.233333	118.733333	9947617	coarse_label	Sleep/rest	n/a	n/a	n/a	n/a	n/a	n/a	n/a	n/a	n/a	19895.233333
20013.966667	0.233333	10006983	coarse_label	Blocklist (Data break)	n/a	n/a	n/a	n/a	n/a	n/a	n/a	n/a	n/a	20013.966667
20014.200000	118.766667	10007100	coarse_label	Sleep/rest	n/a	n/a	n/a	n/a	n/a	n/a	n/a	n/a	n/a	20014.200000
20132.966667	0.233333	10066483	coarse_label	Blocklist (Data break)	n/a	n/a	n/a	n/a	n/a	n/a	n/a	n/a	n/a	20132.966667
20133.200000	121.166667	10066600	coarse_label	Sleep/rest	n/a	n/a	n/a	n/a	n/a	n/a	n/a	n/a	n/a	20133.200000
20254.366667	0.166667	10127183	coarse_label	Blocklist (Data break)	n/a	n/a	n/a	n/a	n/a	n/a	n/a	n/a	n/a	20254.366667
20254.533333	118.700000	10127267	coarse_label	Sleep/rest	n/a	n/a	n/a	n/a	n/a	n/a	n/a	n/a	n/a	20254.533333
20373.233333	0.266667	10186617	coarse_label	Blocklist (Data break)	n/a	n/a	n/a	n/a	n/a	n/a	n/a	n/a	n/a	20373.233333
20373.500000	120.000000	10186750	coarse_label	Sleep/rest	n/a	n/a	n/a	n/a	n/a	n/a	n/a	n/a	n/a	20373.500000
20493.500000	0.166667	10246750	coarse_label	Blocklist (Data break)	n/a	n/a	n/a	n/a	n/a	n/a	n/a	n/a	n/a	20493.500000
20493.666667	120.033333	10246833	coarse_label	Sleep/rest	n/a	n/a	n/a	n/a	n/a	n/a	n/a	n/a	n/a	20493.666667
20613.700000	0.100000	10306850	coarse_label	Blocklist (Data break)	n/a	n/a	n/a	n/a	n/a	n/a	n/a	n/a	n/a	20613.700000
20613.800000	118.700000	10306900	coarse_label	Sleep/rest	n/a	n/a	n/a	n/a	n/a	n/a	n/a	n/a	n/a	20613.800000
20732.500000	0.333333	10366250	coarse_label	Blocklist (Data break)	n/a	n/a	n/a	n/a	n/a	n/a	n/a	n/a	n/a	20732.500000
20732.833333	119.933333	10366417	coarse_label	Sleep/rest	n/a	n/a	n/a	n/a	n/a	n/a	n/a	n/a	n/a	20732.833333
20852.766667	0.233333	10426383	coarse_label	Blocklist (Data break)	n/a	n/a	n/a	n/a	n/a	n/a	n/a	n/a	n/a	20852.766667
20853.000000	119.866667	10426500	coarse_label	Sleep/rest	n/a	n/a	n/a	n/a	n/a	n/a	n/a	n/a	n/a	20853.000000
20972.866667	0.300000	10486433	coarse_label	Blocklist (Data break)	n/a	n/a	n/a	n/a	n/a	n/a	n/a	n/a	n/a	20972.866667
20973.166667	119.966667	10486583	coarse_label	Sleep/rest	n/a	n/a	n/a	n/a	n/a	n/a	n/a	n/a	n/a	20973.166667
21093.133333	0.233333	10546567	coarse_label	Blocklist (Data break)	n/a	n/a	n/a	n/a	n/a	n/a	n/a	n/a	n/a	21093.133333
21093.366667	119.900000	10546683	coarse_label	Sleep/rest	n/a	n/a	n/a	n/a	n/a	n/a	n/a	n/a	n/a	21093.366667
21213.266667	0.266667	10606633	coarse_label	Blocklist (Data break)	n/a	n/a	n/a	n/a	n/a	n/a	n/a	n/a	n/a	21213.266667
21213.533333	118.866667	10606767	coarse_label	Sleep/rest	n/a	n/a	n/a	n/a	n/a	n/a	n/a	n/a	n/a	21213.533333
21332.400000	0.100000	10666200	coarse_label	Blocklist (Data break)	n/a	n/a	n/a	n/a	n/a	n/a	n/a	n/a	n/a	21332.400000
21332.500000	121.166667	10666250	coarse_label	Sleep/rest	n/a	n/a	n/a	n/a	n/a	n/a	n/a	n/a	n/a	21332.500000
21453.666667	0.266667	10726833	coarse_label	Blocklist (Data break)	n/a	n/a	n/a	n/a	n/a	n/a	n/a	n/a	n/a	21453.666667
21453.933333	118.766667	10726967	coarse_label	Sleep/rest	n/a	n/a	n/a	n/a	n/a	n/a	n/a	n/a	n/a	21453.933333
21572.700000	0.166667	10786350	coarse_label	Blocklist (Data break)	n/a	n/a	n/a	n/a	n/a	n/a	n/a	n/a	n/a	21572.700000
21572.866667	120.000000	10786433	coarse_label	Sleep/rest	n/a	n/a	n/a	n/a	n/a	n/a	n/a	n/a	n/a	21572.866667
21692.866667	0.166667	10846433	coarse_label	Blocklist (Data break)	n/a	n/a	n/a	n/a	n/a	n/a	n/a	n/a	n/a	21692.866667
21693.033333	119.900000	10846517	coarse_label	Sleep/rest	n/a	n/a	n/a	n/a	n/a	n/a	n/a	n/a	n/a	21693.033333
21812.933333	0.266667	10906467	coarse_label	Blocklist (Data break)	n/a	n/a	n/a	n/a	n/a	n/a	n/a	n/a	n/a	21812.933333
21813.200000	119.900000	10906600	coarse_label	Sleep/rest	n/a	n/a	n/a	n/a	n/a	n/a	n/a	n/a	n/a	21813.200000
21933.100000	0.300000	10966550	coarse_label	Blocklist (Data break)	n/a	n/a	n/a	n/a	n/a	n/a	n/a	n/a	n/a	21933.100000
21933.400000	120.000000	10966700	coarse_label	Sleep/rest	n/a	n/a	n/a	n/a	n/a	n/a	n/a	n/a	n/a	21933.400000
22053.400000	0.200000	11026700	coarse_label	Blocklist (Data break)	n/a	n/a	n/a	n/a	n/a	n/a	n/a	n/a	n/a	22053.400000
22053.600000	121.133333	11026800	coarse_label	Sleep/rest	n/a	n/a	n/a	n/a	n/a	n/a	n/a	n/a	n/a	22053.600000
22174.733333	0.266667	11087367	coarse_label	Blocklist (Data break)	n/a	n/a	n/a	n/a	n/a	n/a	n/a	n/a	n/a	22174.733333
22175.000000	117.600000	11087500	coarse_label	Sleep/rest	n/a	n/a	n/a	n/a	n/a	n/a	n/a	n/a	n/a	22175.000000
22292.600000	0.166667	11146300	coarse_label	Blocklist (Data break)	n/a	n/a	n/a	n/a	n/a	n/a	n/a	n/a	n/a	22292.600000
22292.766667	120.000000	11146383	coarse_label	Sleep/rest	n/a	n/a	n/a	n/a	n/a	n/a	n/a	n/a	n/a	22292.766667
22412.766667	0.166667	11206383	coarse_label	Blocklist (Data break)	n/a	n/a	n/a	n/a	n/a	n/a	n/a	n/a	n/a	22412.766667
22412.933333	120.066667	11206467	coarse_label	Sleep/rest	n/a	n/a	n/a	n/a	n/a	n/a	n/a	n/a	n/a	22412.933333
22533.000000	0.133333	11266500	coarse_label	Blocklist (Data break)	n/a	n/a	n/a	n/a	n/a	n/a	n/a	n/a	n/a	22533.000000
22533.133333	120.000000	11266567	coarse_label	Sleep/rest	n/a	n/a	n/a	n/a	n/a	n/a	n/a	n/a	n/a	22533.133333
22653.133333	0.166667	11326567	coarse_label	Blocklist (Data break)	n/a	n/a	n/a	n/a	n/a	n/a	n/a	n/a	n/a	22653.133333
22653.300000	120.000000	11326650	coarse_label	Sleep/rest	n/a	n/a	n/a	n/a	n/a	n/a	n/a	n/a	n/a	22653.300000
22773.300000	0.200000	11386650	coarse_label	Blocklist (Data break)	n/a	n/a	n/a	n/a	n/a	n/a	n/a	n/a	n/a	22773.300000
22773.500000	118.700000	11386750	coarse_label	Sleep/rest	n/a	n/a	n/a	n/a	n/a	n/a	n/a	n/a	n/a	22773.500000
22892.200000	0.300000	11446100	coarse_label	Blocklist (Data break)	n/a	n/a	n/a	n/a	n/a	n/a	n/a	n/a	n/a	22892.200000
22892.500000	120.066667	11446250	coarse_label	Sleep/rest	n/a	n/a	n/a	n/a	n/a	n/a	n/a	n/a	n/a	22892.500000
23012.566667	0.100000	11506283	coarse_label	Blocklist (Data break)	n/a	n/a	n/a	n/a	n/a	n/a	n/a	n/a	n/a	23012.566667
23012.666667	120.033333	11506333	coarse_label	Sleep/rest	n/a	n/a	n/a	n/a	n/a	n/a	n/a	n/a	n/a	23012.666667
23132.700000	0.133333	11566350	coarse_label	Blocklist (Data break)	n/a	n/a	n/a	n/a	n/a	n/a	n/a	n/a	n/a	23132.700000
23132.833333	119.833333	11566417	coarse_label	Sleep/rest	n/a	n/a	n/a	n/a	n/a	n/a	n/a	n/a	n/a	23132.833333
23252.666667	0.300000	11626333	coarse_label	Blocklist (Data break)	n/a	n/a	n/a	n/a	n/a	n/a	n/a	n/a	n/a	23252.666667
23252.966667	119.833333	11626483	coarse_label	Sleep/rest	n/a	n/a	n/a	n/a	n/a	n/a	n/a	n/a	n/a	23252.966667
23372.800000	0.133333	11686400	coarse_label	Blocklist (Data break)	n/a	n/a	n/a	n/a	n/a	n/a	n/a	n/a	n/a	23372.800000
23372.933333	119.733333	11686467	coarse_label	Sleep/rest	n/a	n/a	n/a	n/a	n/a	n/a	n/a	n/a	n/a	23372.933333
23492.666667	0.266667	11746333	coarse_label	Blocklist (Data break)	n/a	n/a	n/a	n/a	n/a	n/a	n/a	n/a	n/a	23492.666667
23492.933333	119.833333	11746467	coarse_label	Sleep/rest	n/a	n/a	n/a	n/a	n/a	n/a	n/a	n/a	n/a	23492.933333
23612.766667	0.166667	11806383	coarse_label	Blocklist (Data break)	n/a	n/a	n/a	n/a	n/a	n/a	n/a	n/a	n/a	23612.766667
23612.933333	120.966667	11806467	coarse_label	Sleep/rest	n/a	n/a	n/a	n/a	n/a	n/a	n/a	n/a	n/a	23612.933333
23733.900000	0.266667	11866950	coarse_label	Blocklist (Data break)	n/a	n/a	n/a	n/a	n/a	n/a	n/a	n/a	n/a	23733.900000
23734.166667	118.666667	11867083	coarse_label	Sleep/rest	n/a	n/a	n/a	n/a	n/a	n/a	n/a	n/a	n/a	23734.166667
23852.833333	0.100000	11926417	coarse_label	Blocklist (Data break)	n/a	n/a	n/a	n/a	n/a	n/a	n/a	n/a	n/a	23852.833333
23852.933333	119.866667	11926467	coarse_label	Sleep/rest	n/a	n/a	n/a	n/a	n/a	n/a	n/a	n/a	n/a	23852.933333
23972.800000	0.133333	11986400	coarse_label	Blocklist (Data break)	n/a	n/a	n/a	n/a	n/a	n/a	n/a	n/a	n/a	23972.800000
23972.933333	120.900000	11986467	coarse_label	Sleep/rest	n/a	n/a	n/a	n/a	n/a	n/a	n/a	n/a	n/a	23972.933333
24093.833333	0.266667	12046917	coarse_label	Blocklist (Data break)	n/a	n/a	n/a	n/a	n/a	n/a	n/a	n/a	n/a	24093.833333
24094.100000	118.600000	12047050	coarse_label	Sleep/rest	n/a	n/a	n/a	n/a	n/a	n/a	n/a	n/a	n/a	24094.100000
24212.700000	0.233333	12106350	coarse_label	Blocklist (Data break)	n/a	n/a	n/a	n/a	n/a	n/a	n/a	n/a	n/a	24212.700000
24212.933333	119.766667	12106467	coarse_label	Sleep/rest	n/a	n/a	n/a	n/a	n/a	n/a	n/a	n/a	n/a	24212.933333
24224.852000	4.260000	12112426	nan_segment	n/a	n/a	n/a	n/a	n/a	n/a	n/a	n/a	n/a	n/a	n/a
24332.700000	0.266667	12166350	coarse_label	Blocklist (Data break)	n/a	n/a	n/a	n/a	n/a	n/a	n/a	n/a	n/a	24332.700000
24332.966667	119.800000	12166483	coarse_label	Sleep/rest	n/a	n/a	n/a	n/a	n/a	n/a	n/a	n/a	n/a	24332.966667
24452.766667	0.233333	12226383	coarse_label	Blocklist (Data break)	n/a	n/a	n/a	n/a	n/a	n/a	n/a	n/a	n/a	24452.766667
24453.000000	120.066667	12226500	coarse_label	Blocklist (Private time)	n/a	n/a	n/a	n/a	n/a	n/a	n/a	n/a	n/a	24453.000000
24513.600000	5.918000	12256800	nan_segment	n/a	n/a	n/a	n/a	n/a	n/a	n/a	n/a	n/a	n/a	n/a
24573.066667	0.266667	12286533	coarse_label	Blocklist (Data break)	n/a	n/a	n/a	n/a	n/a	n/a	n/a	n/a	n/a	24573.066667
24573.333333	119.566667	12286667	coarse_label	Blocklist (Private time)	n/a	n/a	n/a	n/a	n/a	n/a	n/a	n/a	n/a	24573.333333
24692.900000	0.100000	12346450	coarse_label	Blocklist (Data break)	n/a	n/a	n/a	n/a	n/a	n/a	n/a	n/a	n/a	24692.900000
24693.000000	119.566667	12346500	coarse_label	Blocklist (Private time)	n/a	n/a	n/a	n/a	n/a	n/a	n/a	n/a	n/a	24693.000000
24812.566667	0.266667	12406283	coarse_label	Blocklist (Data break)	n/a	n/a	n/a	n/a	n/a	n/a	n/a	n/a	n/a	24812.566667
24812.833333	119.933333	12406417	coarse_label	Sleep/rest	n/a	n/a	n/a	n/a	n/a	n/a	n/a	n/a	n/a	24812.833333
24885.938000	5.866000	12442969	nan_segment	n/a	n/a	n/a	n/a	n/a	n/a	n/a	n/a	n/a	n/a	n/a
24894.964000	5.328000	12447482	nan_segment	n/a	n/a	n/a	n/a	n/a	n/a	n/a	n/a	n/a	n/a	n/a
24932.766667	0.266667	12466383	coarse_label	Blocklist (Data break)	n/a	n/a	n/a	n/a	n/a	n/a	n/a	n/a	n/a	24932.766667
24933.033333	120.233333	12466517	coarse_label	Sleep/rest	n/a	n/a	n/a	n/a	n/a	n/a	n/a	n/a	n/a	24933.033333
24969.850000	12.722000	12484925	nan_segment	n/a	n/a	n/a	n/a	n/a	n/a	n/a	n/a	n/a	n/a	n/a
25053.266667	0.133333	12526633	coarse_label	Blocklist (Data break)	n/a	n/a	n/a	n/a	n/a	n/a	n/a	n/a	n/a	25053.266667
25053.400000	118.900000	12526700	coarse_label	Sleep/rest	n/a	n/a	n/a	n/a	n/a	n/a	n/a	n/a	n/a	25053.400000
25112.604000	7.804000	12556302	nan_segment	n/a	n/a	n/a	n/a	n/a	n/a	n/a	n/a	n/a	n/a	n/a
25124.130000	5.514000	12562065	nan_segment	n/a	n/a	n/a	n/a	n/a	n/a	n/a	n/a	n/a	n/a	n/a
25172.300000	0.266667	12586150	coarse_label	Blocklist (Data break)	n/a	n/a	n/a	n/a	n/a	n/a	n/a	n/a	n/a	25172.300000
25172.566667	120.100000	12586283	coarse_label	Sleep/rest	n/a	n/a	n/a	n/a	n/a	n/a	n/a	n/a	n/a	25172.566667
25271.898000	4.558000	12635949	nan_segment	n/a	n/a	n/a	n/a	n/a	n/a	n/a	n/a	n/a	n/a	n/a
25292.666667	0.233333	12646333	coarse_label	Blocklist (Data break)	n/a	n/a	n/a	n/a	n/a	n/a	n/a	n/a	n/a	25292.666667
25292.900000	123.833333	12646450	coarse_label	Computer/phone	n/a	n/a	n/a	n/a	n/a	n/a	n/a	n/a	n/a	25292.900000
25381.396000	5.198000	12690698	nan_segment	n/a	n/a	n/a	n/a	n/a	n/a	n/a	n/a	n/a	n/a	n/a
25416.733333	0.200000	12708367	coarse_label	Blocklist (Data break)	n/a	n/a	n/a	n/a	n/a	n/a	n/a	n/a	n/a	25416.733333
25416.933333	115.366667	12708467	coarse_label	Computer/phone	n/a	n/a	n/a	n/a	n/a	n/a	n/a	n/a	n/a	25416.933333
25532.300000	0.200000	12766150	coarse_label	Blocklist (Data break)	n/a	n/a	n/a	n/a	n/a	n/a	n/a	n/a	n/a	25532.300000
25532.500000	120.333333	12766250	coarse_label		n/a	n/a	n/a	n/a	n/a	n/a	n/a	n/a	n/a	25532.500000
25591.248000	5.004000	12795624	nan_segment	n/a	n/a	n/a	n/a	n/a	n/a	n/a	n/a	n/a	n/a	n/a
25633.770000	8.752000	12816885	nan_segment	n/a	n/a	n/a	n/a	n/a	n/a	n/a	n/a	n/a	n/a	n/a
25646.348000	1.566667	12823174	reach_onset	n/a	r_wrist	138.260364	-94.692951	142.996357	0.393227	0.000000	1.533333	1.000000	25646.348000	25646.348000
25652.833333	0.233333	12826417	coarse_label	Blocklist (Data break)	n/a	n/a	n/a	n/a	n/a	n/a	n/a	n/a	n/a	25652.833333
25653.066667	126.133333	12826533	coarse_label		n/a	n/a	n/a	n/a	n/a	n/a	n/a	n/a	n/a	25653.066667
25674.522000	4.158000	12837261	nan_segment	n/a	n/a	n/a	n/a	n/a	n/a	n/a	n/a	n/a	n/a	n/a
25687.586000	5.720000	12843793	nan_segment	n/a	n/a	n/a	n/a	n/a	n/a	n/a	n/a	n/a	n/a	n/a
25694.744000	4.102000	12847372	nan_segment	n/a	n/a	n/a	n/a	n/a	n/a	n/a	n/a	n/a	n/a	n/a
25705.978000	0.666667	12852989	reach_onset	n/a	r_wrist	21.395344	-134.905088	35.177162	0.242579	0.006212	0.533333	1.000000	25705.978000	25705.979000
25779.200000	0.233333	12889600	coarse_label	Blocklist (Data break)	n/a	n/a	n/a	n/a	n/a	n/a	n/a	n/a	n/a	25779.200000
25779.433333	112.833333	12889717	coarse_label		n/a	n/a	n/a	n/a	n/a	n/a	n/a	n/a	n/a	25779.433333
25892.266667	0.233333	12946133	coarse_label	Blocklist (Data break)	n/a	n/a	n/a	n/a	n/a	n/a	n/a	n/a	n/a	25892.266667
25892.500000	120.133333	12946250	coarse_label		n/a	n/a	n/a	n/a	n/a	n/a	n/a	n/a	n/a	25892.500000
25959.554000	4.292000	12979777	nan_segment	n/a	n/a	n/a	n/a	n/a	n/a	n/a	n/a	n/a	n/a	n/a
26012.633333	0.200000	13006317	coarse_label	Blocklist (Data break)	n/a	n/a	n/a	n/a	n/a	n/a	n/a	n/a	n/a	26012.633333
26012.833333	120.133333	13006417	coarse_label		n/a	n/a	n/a	n/a	n/a	n/a	n/a	n/a	n/a	26012.833333
26132.966667	0.133333	13066483	coarse_label	Blocklist (Data break)	n/a	n/a	n/a	n/a	n/a	n/a	n/a	n/a	n/a	26132.966667
26133.100000	119.866667	13066550	coarse_label		n/a	n/a	n/a	n/a	n/a	n/a	n/a	n/a	n/a	26133.100000
26232.098000	0.866667	13116049	reach_onset	n/a	r_wrist	106.633565	125.320914	78.631459	0.158437	0.520050	0.866667	1.000000	26232.098000	26232.098000
26252.966667	0.266667	13126483	coarse_label	Blocklist (Data break)	n/a	n/a	n/a	n/a	n/a	n/a	n/a	n/a	n/a	26252.966667
26253.233333	119.200000	13126617	coarse_label	Blocklist (Private time)	n/a	n/a	n/a	n/a	n/a	n/a	n/a	n/a	n/a	26253.233333
26300.854000	6.628000	13150427	nan_segment	n/a	n/a	n/a	n/a	n/a	n/a	n/a	n/a	n/a	n/a	n/a
26355.534000	5.174000	13177767	nan_segment	n/a	n/a	n/a	n/a	n/a	n/a	n/a	n/a	n/a	n/a	n/a
26365.096000	12.540000	13182548	nan_segment	n/a	n/a	n/a	n/a	n/a	n/a	n/a	n/a	n/a	n/a	n/a
26372.433333	0.233333	13186217	coarse_label	Blocklist (Data break)	n/a	n/a	n/a	n/a	n/a	n/a	n/a	n/a	n/a	26372.433333
26372.666667	122.466667	13186333	coarse_label	Blocklist (Private time)	n/a	n/a	n/a	n/a	n/a	n/a	n/a	n/a	n/a	26372.666667
26400.202000	4.176000	13200101	nan_segment	n/a	n/a	n/a	n/a	n/a	n/a	n/a	n/a	n/a	n/a	n/a
26456.568000	7.950000	13228284	nan_segment	n/a	n/a	n/a	n/a	n/a	n/a	n/a	n/a	n/a	n/a	n/a
26469.128000	9.868000	13234564	nan_segment	n/a	n/a	n/a	n/a	n/a	n/a	n/a	n/a	n/a	n/a	n/a
26479.368000	6.986000	13239684	nan_segment	n/a	n/a	n/a	n/a	n/a	n/a	n/a	n/a	n/a	n/a	n/a
26495.133333	0.200000	13247567	coarse_label	Blocklist (Data break)	n/a	n/a	n/a	n/a	n/a	n/a	n/a	n/a	n/a	26495.133333
26495.333333	117.500000	13247667	coarse_label	Blocklist (Private time)	n/a	n/a	n/a	n/a	n/a	n/a	n/a	n/a	n/a	26495.333333
26602.540000	6.426000	13301270	nan_segment	n/a	n/a	n/a	n/a	n/a	n/a	n/a	n/a	n/a	n/a	n/a
26609.824000	5.796000	13304912	nan_segment	n/a	n/a	n/a	n/a	n/a	n/a	n/a	n/a	n/a	n/a	n/a
26612.833333	0.133333	13306417	coarse_label	Blocklist (Data break)	n/a	n/a	n/a	n/a	n/a	n/a	n/a	n/a	n/a	26612.833333
26612.966667	120.300000	13306483	coarse_label	Talk	n/a	n/a	n/a	n/a	n/a	n/a	n/a	n/a	n/a	26612.966667
26616.360000	15.476000	13308180	nan_segment	n/a	n/a	n/a	n/a	n/a	n/a	n/a	n/a	n/a	n/a	n/a
26618.060000	1.066667	13309030	reach_onset	n/a	r_wrist	28.761168	174.255882	33.492629	0.376970	0.083465	0.000000	0.000000	26618.060000	26618.061000
26647.690000	10.850000	13323845	nan_segment	n/a	n/a	n/a	n/a	n/a	n/a	n/a	n/a	n/a	n/a	n/a
26676.014000	10.144000	13338007	nan_segment	n/a	n/a	n/a	n/a	n/a	n/a	n/a	n/a	n/a	n/a	n/a
26726.362000	4.266000	13363181	nan_segment	n/a	n/a	n/a	n/a	n/a	n/a	n/a	n/a	n/a	n/a	n/a
26733.266667	0.133333	13366633	coarse_label	Blocklist (Data break)	n/a	n/a	n/a	n/a	n/a	n/a	n/a	n/a	n/a	26733.266667
26733.400000	119.400000	13366700	coarse_label		n/a	n/a	n/a	n/a	n/a	n/a	n/a	n/a	n/a	26733.400000
26755.116000	0.633333	13377558	reach_onset	n/a	r_wrist	23.056541	82.346793	38.179238	0.303019	0.130725	0.000000	1.000000	26755.116000	26755.115000
26801.518000	4.254000	13400759	nan_segment	n/a	n/a	n/a	n/a	n/a	n/a	n/a	n/a	n/a	n/a	n/a
26852.800000	0.233333	13426400	coarse_label	Blocklist (Data break)	n/a	n/a	n/a	n/a	n/a	n/a	n/a	n/a	n/a	26852.800000
26853.033333	119.733333	13426517	coarse_label		n/a	n/a	n/a	n/a	n/a	n/a	n/a	n/a	n/a	26853.033333
26859.482000	1.033333	13429741	reach_onset	n/a	r_wrist	164.968152	174.433954	183.465208	0.270301	0.597056	0.700000	1.000000	26859.482000	26859.483000
26972.766667	0.133333	13486383	coarse_label	Blocklist (Data break)	n/a	n/a	n/a	n/a	n/a	n/a	n/a	n/a	n/a	26972.766667
26972.900000	120.366667	13486450	coarse_label		n/a	n/a	n/a	n/a	n/a	n/a	n/a	n/a	n/a	26972.900000
27052.426000	4.416000	13526213	nan_segment	n/a	n/a	n/a	n/a	n/a	n/a	n/a	n/a	n/a	n/a	n/a
27093.266667	0.166667	13546633	coarse_label	Blocklist (Data break)	n/a	n/a	n/a	n/a	n/a	n/a	n/a	n/a	n/a	27093.266667
27093.433333	126.066667	13546717	coarse_label		n/a	n/a	n/a	n/a	n/a	n/a	n/a	n/a	n/a	27093.433333
27156.226000	5.004000	13578113	nan_segment	n/a	n/a	n/a	n/a	n/a	n/a	n/a	n/a	n/a	n/a	n/a
27219.500000	0.133333	13609750	coarse_label	Blocklist (Data break)	n/a	n/a	n/a	n/a	n/a	n/a	n/a	n/a	n/a	27219.500000
27219.633333	112.633333	13609817	coarse_label		n/a	n/a	n/a	n/a	n/a	n/a	n/a	n/a	n/a	27219.633333
27332.266667	0.066667	13666133	coarse_label	Blocklist (Data break)	n/a	n/a	n/a	n/a	n/a	n/a	n/a	n/a	n/a	27332.266667
27332.333333	121.000000	13666167	coarse_label		n/a	n/a	n/a	n/a	n/a	n/a	n/a	n/a	n/a	27332.333333
27453.333333	0.166667	13726667	coarse_label	Blocklist (Data break)	n/a	n/a	n/a	n/a	n/a	n/a	n/a	n/a	n/a	27453.333333
27453.500000	120.766667	13726750	coarse_label		n/a	n/a	n/a	n/a	n/a	n/a	n/a	n/a	n/a	27453.500000
27475.046000	4.638000	13737523	nan_segment	n/a	n/a	n/a	n/a	n/a	n/a	n/a	n/a	n/a	n/a	n/a
27481.814000	6.062000	13740907	nan_segment	n/a	n/a	n/a	n/a	n/a	n/a	n/a	n/a	n/a	n/a	n/a
27500.504000	5.344000	13750252	nan_segment	n/a	n/a	n/a	n/a	n/a	n/a	n/a	n/a	n/a	n/a	n/a
27510.204000	4.600000	13755102	nan_segment	n/a	n/a	n/a	n/a	n/a	n/a	n/a	n/a	n/a	n/a	n/a
27544.366000	6.212000	13772183	nan_segment	n/a	n/a	n/a	n/a	n/a	n/a	n/a	n/a	n/a	n/a	n/a
27560.118000	4.554000	13780059	nan_segment	n/a	n/a	n/a	n/a	n/a	n/a	n/a	n/a	n/a	n/a	n/a
27574.266667	0.200000	13787133	coarse_label	Blocklist (Data break)	n/a	n/a	n/a	n/a	n/a	n/a	n/a	n/a	n/a	27574.266667
27574.466667	117.800000	13787233	coarse_label	Talk, Computer/phone	n/a	n/a	n/a	n/a	n/a	n/a	n/a	n/a	n/a	27574.466667
27574.648000	7.548000	13787324	nan_segment	n/a	n/a	n/a	n/a	n/a	n/a	n/a	n/a	n/a	n/a	n/a
27602.244000	6.570000	13801122	nan_segment	n/a	n/a	n/a	n/a	n/a	n/a	n/a	n/a	n/a	n/a	n/a
27610.440000	5.192000	13805220	nan_segment	n/a	n/a	n/a	n/a	n/a	n/a	n/a	n/a	n/a	n/a	n/a
27620.372000	2.533333	13810186	reach_onset	n/a	r_wrist	141.371827	78.540403	44.460651	0.317594	0.258637	2.533333	1.000000	27620.372000	27620.372000
27628.538000	1.000000	13814269	reach_onset	n/a	r_wrist	34.864098	-156.299631	45.860553	0.331564	0.000000	0.833333	1.000000	27628.538000	27628.539000
27692.266667	0.233333	13846133	coarse_label	Blocklist (Data break)	n/a	n/a	n/a	n/a	n/a	n/a	n/a	n/a	n/a	27692.266667
27692.500000	121.166667	13846250	coarse_label	Talk, Computer/phone	n/a	n/a	n/a	n/a	n/a	n/a	n/a	n/a	n/a	27692.500000
27751.822000	9.080000	13875911	nan_segment	n/a	n/a	n/a	n/a	n/a	n/a	n/a	n/a	n/a	n/a	n/a
27788.658000	4.504000	13894329	nan_segment	n/a	n/a	n/a	n/a	n/a	n/a	n/a	n/a	n/a	n/a	n/a
27813.666667	0.166667	13906833	coarse_label	Blocklist (Data break)	n/a	n/a	n/a	n/a	n/a	n/a	n/a	n/a	n/a	27813.666667
27813.833333	120.133333	13906917	coarse_label		n/a	n/a	n/a	n/a	n/a	n/a	n/a	n/a	n/a	27813.833333
27933.966667	0.133333	13966983	coarse_label	Blocklist (Data break)	n/a	n/a	n/a	n/a	n/a	n/a	n/a	n/a	n/a	27933.966667
27934.100000	120.133333	13967050	coarse_label		n/a	n/a	n/a	n/a	n/a	n/a	n/a	n/a	n/a	27934.100000
27996.200000	6.684000	13998100	nan_segment	n/a	n/a	n/a	n/a	n/a	n/a	n/a	n/a	n/a	n/a	n/a
28033.392000	7.324000	14016696	nan_segment	n/a	n/a	n/a	n/a	n/a	n/a	n/a	n/a	n/a	n/a	n/a
28035.150000	1.000000	14017575	reach_onset	n/a	r_wrist	20.974623	4.286441	30.560632	0.265153	0.235041	1.000000	1.000000	28035.150000	28035.150000
28053.412000	4.642000	14026706	nan_segment	n/a	n/a	n/a	n/a	n/a	n/a	n/a	n/a	n/a	n/a	n/a
28054.233333	0.300000	14027117	coarse_label	Blocklist (Data break)	n/a	n/a	n/a	n/a	n/a	n/a	n/a	n/a	n/a	28054.233333
28054.533333	117.666667	14027267	coarse_label		n/a	n/a	n/a	n/a	n/a	n/a	n/a	n/a	n/a	28054.533333
28072.146000	5.044000	14036073	nan_segment	n/a	n/a	n/a	n/a	n/a	n/a	n/a	n/a	n/a	n/a	n/a
28151.136000	0.666667	14075568	reach_onset	n/a	r_wrist	23.269768	-150.560690	64.164461	0.211284	0.332493	0.366667	1.000000	28151.136000	28151.136000
28159.560000	6.052000	14079780	nan_segment	n/a	n/a	n/a	n/a	n/a	n/a	n/a	n/a	n/a	n/a	n/a
28172.200000	0.166667	14086100	coarse_label	Blocklist (Data break)	n/a	n/a	n/a	n/a	n/a	n/a	n/a	n/a	n/a	28172.200000
28172.366667	122.366667	14086183	coarse_label		n/a	n/a	n/a	n/a	n/a	n/a	n/a	n/a	n/a	28172.366667
28193.182000	6.554000	14096591	nan_segment	n/a	n/a	n/a	n/a	n/a	n/a	n/a	n/a	n/a	n/a	n/a
28205.116000	7.706000	14102558	nan_segment	n/a	n/a	n/a	n/a	n/a	n/a	n/a	n/a	n/a	n/a	n/a
28214.144000	8.434000	14107072	nan_segment	n/a	n/a	n/a	n/a	n/a	n/a	n/a	n/a	n/a	n/a	n/a
28225.564000	4.134000	14112782	nan_segment	n/a	n/a	n/a	n/a	n/a	n/a	n/a	n/a	n/a	n/a	n/a
28294.733333	0.200000	14147367	coarse_label	Blocklist (Data break)	n/a	n/a	n/a	n/a	n/a	n/a	n/a	n/a	n/a	28294.733333
28294.933333	117.466667	14147467	coarse_label		n/a	n/a	n/a	n/a	n/a	n/a	n/a	n/a	n/a	28294.933333
28322.576000	1.566667	14161288	reach_onset	n/a	r_wrist	195.770958	45.576634	144.057380	0.076983	0.397763	1.333333	1.000000	28322.576000	28322.577000
28412.400000	0.266667	14206200	coarse_label	Blocklist (Data break)	n/a	n/a	n/a	n/a	n/a	n/a	n/a	n/a	n/a	28412.400000
28412.666667	120.833333	14206333	coarse_label		n/a	n/a	n/a	n/a	n/a	n/a	n/a	n/a	n/a	28412.666667
28533.500000	0.166667	14266750	coarse_label	Blocklist (Data break)	n/a	n/a	n/a	n/a	n/a	n/a	n/a	n/a	n/a	28533.500000
28533.666667	119.066667	14266833	coarse_label		n/a	n/a	n/a	n/a	n/a	n/a	n/a	n/a	n/a	28533.666667
28652.733333	0.100000	14326367	coarse_label	Blocklist (Data break)	n/a	n/a	n/a	n/a	n/a	n/a	n/a	n/a	n/a	28652.733333
28652.833333	120.233333	14326417	coarse_label		n/a	n/a	n/a	n/a	n/a	n/a	n/a	n/a	n/a	28652.833333
28764.352000	1.433333	14382176	reach_onset	n/a	r_wrist	88.895511	123.150352	84.221035	0.108433	0.142127	0.500000	1.000000	28764.352000	28764.352000
28773.066667	0.133333	14386533	coarse_label	Blocklist (Data break)	n/a	n/a	n/a	n/a	n/a	n/a	n/a	n/a	n/a	28773.066667
28773.200000	121.233333	14386600	coarse_label		n/a	n/a	n/a	n/a	n/a	n/a	n/a	n/a	n/a	28773.200000
28796.872000	1.533333	14398436	reach_onset	n/a	r_wrist	155.394161	-77.606112	78.780920	0.151024	0.406941	0.500000	1.000000	28796.872000	28796.873000
28876.772000	1.333333	14438386	reach_onset	n/a	r_wrist	73.809850	-155.371219	112.568920	0.376827	0.011543	0.000000	0.000000	28876.772000	28876.773000
28894.433333	0.266667	14447217	coarse_label	Blocklist (Data break)	n/a	n/a	n/a	n/a	n/a	n/a	n/a	n/a	n/a	28894.433333
28894.700000	118.200000	14447350	coarse_label		n/a	n/a	n/a	n/a	n/a	n/a	n/a	n/a	n/a	28894.700000
28979.560000	1.166667	14489780	reach_onset	n/a	r_wrist	78.777871	81.610732	82.664445	0.520390	0.036614	0.000000	0.000000	28979.560000	28979.561000
28981.094000	5.196000	14490547	nan_segment	n/a	n/a	n/a	n/a	n/a	n/a	n/a	n/a	n/a	n/a	n/a
28990.578000	8.508000	14495289	nan_segment	n/a	n/a	n/a	n/a	n/a	n/a	n/a	n/a	n/a	n/a	n/a
29005.602000	6.200000	14502801	nan_segment	n/a	n/a	n/a	n/a	n/a	n/a	n/a	n/a	n/a	n/a	n/a
29006.094000	1.200000	14503047	reach_onset	n/a	r_wrist	167.334304	-83.702365	73.752820	0.542369	0.234295	0.033333	1.000000	29006.094000	29006.094000
29012.900000	0.266667	14506450	coarse_label	Blocklist (Data break)	n/a	n/a	n/a	n/a	n/a	n/a	n/a	n/a	n/a	29012.900000
29013.166667	120.100000	14506583	coarse_label		n/a	n/a	n/a	n/a	n/a	n/a	n/a	n/a	n/a	29013.166667
29074.246000	1.000000	14537123	reach_onset	n/a	r_wrist	47.738586	-100.210333	37.345389	0.594246	0.029856	0.000000	0.000000	29074.246000	29074.247000
29103.746000	0.966667	14551873	reach_onset	n/a	r_wrist	205.338257	29.349582	48.903809	0.560602	0.028092	0.000000	0.000000	29103.746000	29103.747000
29133.266667	0.200000	14566633	coarse_label	Blocklist (Data break)	n/a	n/a	n/a	n/a	n/a	n/a	n/a	n/a	n/a	29133.266667
29133.466667	119.166667	14566733	coarse_label		n/a	n/a	n/a	n/a	n/a	n/a	n/a	n/a	n/a	29133.466667
29252.633333	0.133333	14626317	coarse_label	Blocklist (Data break)	n/a	n/a	n/a	n/a	n/a	n/a	n/a	n/a	n/a	29252.633333
29252.766667	120.366667	14626383	coarse_label		n/a	n/a	n/a	n/a	n/a	n/a	n/a	n/a	n/a	29252.766667
29306.150000	7.814000	14653075	nan_segment	n/a	n/a	n/a	n/a	n/a	n/a	n/a	n/a	n/a	n/a	n/a
29339.974000	4.234000	14669987	nan_segment	n/a	n/a	n/a	n/a	n/a	n/a	n/a	n/a	n/a	n/a	n/a
29373.133333	120.233333	14686567	coarse_label	Blocklist (Data break)	n/a	n/a	n/a	n/a	n/a	n/a	n/a	n/a	n/a	29373.133333
29412.052000	11.964000	14706026	nan_segment	n/a	n/a	n/a	n/a	n/a	n/a	n/a	n/a	n/a	n/a	n/a
29445.050000	5.272000	14722525	nan_segment	n/a	n/a	n/a	n/a	n/a	n/a	n/a	n/a	n/a	n/a	n/a
29450.436000	4.718000	14725218	nan_segment	n/a	n/a	n/a	n/a	n/a	n/a	n/a	n/a	n/a	n/a	n/a
29492.212000	16.968000	14746106	nan_segment	n/a	n/a	n/a	n/a	n/a	n/a	n/a	n/a	n/a	n/a	n/a
29493.366667	103.700000	14746683	coarse_label		n/a	n/a	n/a	n/a	n/a	n/a	n/a	n/a	n/a	29493.366667
29552.942000	0.633333	14776471	reach_onset	n/a	r_wrist	60.840627	-167.965650	99.100182	0.276141	0.088638	0.200000	1.000000	29552.942000	29552.943000
29595.368000	40.348000	14797684	nan_segment	n/a	n/a	n/a	n/a	n/a	n/a	n/a	n/a	n/a	n/a	n/a
29597.066667	36.300000	14798533	coarse_label	Blocklist (Data break)	n/a	n/a	n/a	n/a	n/a	n/a	n/a	n/a	n/a	29597.066667
29633.366667	32.766667	14816683	coarse_label	Talk	n/a	n/a	n/a	n/a	n/a	n/a	n/a	n/a	n/a	29633.366667
29664.418000	113.070000	14832209	nan_segment	n/a	n/a	n/a	n/a	n/a	n/a	n/a	n/a	n/a	n/a	n/a
29666.133333	107.633333	14833067	coarse_label	Blocklist (Data break)	n/a	n/a	n/a	n/a	n/a	n/a	n/a	n/a	n/a	29666.133333
29773.766667	120.633333	14886883	coarse_label	Talk	n/a	n/a	n/a	n/a	n/a	n/a	n/a	n/a	n/a	29773.766667
29776.244000	1.100000	14888122	reach_onset	n/a	r_wrist	114.514894	-106.869650	148.996052	0.088922	0.312129	1.100000	1.000000	29776.244000	29776.245000
29781.260000	15.048000	14890630	nan_segment	n/a	n/a	n/a	n/a	n/a	n/a	n/a	n/a	n/a	n/a	n/a
29786.612000	1.200000	14893306	reach_onset	n/a	r_wrist	33.070766	43.827368	27.659819	0.105270	0.033908	0.000000	0.000000	29786.612000	29786.612000
29847.564000	38.226000	14923782	nan_segment	n/a	n/a	n/a	n/a	n/a	n/a	n/a	n/a	n/a	n/a	n/a
29885.886000	13.036000	14942943	nan_segment	n/a	n/a	n/a	n/a	n/a	n/a	n/a	n/a	n/a	n/a	n/a
29894.400000	0.033333	14947200	coarse_label	Blocklist (Data break)	n/a	n/a	n/a	n/a	n/a	n/a	n/a	n/a	n/a	29894.400000
29894.433333	120.800000	14947217	coarse_label	Blocklist (Tether/bandage)	n/a	n/a	n/a	n/a	n/a	n/a	n/a	n/a	n/a	29894.433333
29901.462000	37.654000	14950731	nan_segment	n/a	n/a	n/a	n/a	n/a	n/a	n/a	n/a	n/a	n/a	n/a
29939.392000	4.342000	14969696	nan_segment	n/a	n/a	n/a	n/a	n/a	n/a	n/a	n/a	n/a	n/a	n/a
29946.320000	4.994000	14973160	nan_segment	n/a	n/a	n/a	n/a	n/a	n/a	n/a	n/a	n/a	n/a	n/a
29956.266000	4.238000	14978133	nan_segment	n/a	n/a	n/a	n/a	n/a	n/a	n/a	n/a	n/a	n/a	n/a
29989.888000	5.554000	14994944	nan_segment	n/a	n/a	n/a	n/a	n/a	n/a	n/a	n/a	n/a	n/a	n/a
30005.012000	13.710000	15002506	nan_segment	n/a	n/a	n/a	n/a	n/a	n/a	n/a	n/a	n/a	n/a	n/a
30015.233333	0.133333	15007617	coarse_label	Blocklist (Data break)	n/a	n/a	n/a	n/a	n/a	n/a	n/a	n/a	n/a	30015.233333
30015.366667	117.466667	15007683	coarse_label	Blocklist (Tether/bandage)	n/a	n/a	n/a	n/a	n/a	n/a	n/a	n/a	n/a	30015.366667
30021.050000	54.450000	15010525	nan_segment	n/a	n/a	n/a	n/a	n/a	n/a	n/a	n/a	n/a	n/a	n/a
30082.046000	6.488000	15041023	nan_segment	n/a	n/a	n/a	n/a	n/a	n/a	n/a	n/a	n/a	n/a	n/a
30090.002000	9.274000	15045001	nan_segment	n/a	n/a	n/a	n/a	n/a	n/a	n/a	n/a	n/a	n/a	n/a
30115.210000	14.328000	15057605	nan_segment	n/a	n/a	n/a	n/a	n/a	n/a	n/a	n/a	n/a	n/a	n/a
30132.436000	9.234000	15066218	nan_segment	n/a	n/a	n/a	n/a	n/a	n/a	n/a	n/a	n/a	n/a	n/a
30132.833333	0.133333	15066417	coarse_label	Blocklist (Data break)	n/a	n/a	n/a	n/a	n/a	n/a	n/a	n/a	n/a	30132.833333
30132.966667	121.800000	15066483	coarse_label	Computer/phone	n/a	n/a	n/a	n/a	n/a	n/a	n/a	n/a	n/a	30132.966667
30160.214000	0.966667	15080107	reach_onset	n/a	r_wrist	66.311919	-89.339413	64.963440	0.316507	0.638467	0.966667	1.000000	30160.214000	30160.215000
30169.952000	8.850000	15084976	nan_segment	n/a	n/a	n/a	n/a	n/a	n/a	n/a	n/a	n/a	n/a	n/a
30189.150000	4.752000	15094575	nan_segment	n/a	n/a	n/a	n/a	n/a	n/a	n/a	n/a	n/a	n/a	n/a
30195.910000	5.092000	15097955	nan_segment	n/a	n/a	n/a	n/a	n/a	n/a	n/a	n/a	n/a	n/a	n/a
30203.712000	8.264000	15101856	nan_segment	n/a	n/a	n/a	n/a	n/a	n/a	n/a	n/a	n/a	n/a	n/a
30205.080000	2.433333	15102540	reach_onset	n/a	r_wrist	74.698382	-67.808692	34.329513	0.283055	0.326340	1.633333	1.000000	30205.080000	30205.081000
30254.766667	0.166667	15127383	coarse_label	Blocklist (Data break)	n/a	n/a	n/a	n/a	n/a	n/a	n/a	n/a	n/a	30254.766667
30254.933333	117.633333	15127467	coarse_label		n/a	n/a	n/a	n/a	n/a	n/a	n/a	n/a	n/a	30254.933333
30269.818000	5.004000	15134909	nan_segment	n/a	n/a	n/a	n/a	n/a	n/a	n/a	n/a	n/a	n/a	n/a
30292.508000	4.800000	15146254	nan_segment	n/a	n/a	n/a	n/a	n/a	n/a	n/a	n/a	n/a	n/a	n/a
30308.036000	5.272000	15154018	nan_segment	n/a	n/a	n/a	n/a	n/a	n/a	n/a	n/a	n/a	n/a	n/a
30330.728000	5.588000	15165364	nan_segment	n/a	n/a	n/a	n/a	n/a	n/a	n/a	n/a	n/a	n/a	n/a
30337.650000	4.360000	15168825	nan_segment	n/a	n/a	n/a	n/a	n/a	n/a	n/a	n/a	n/a	n/a	n/a
30338.970000	0.900000	15169485	reach_onset	n/a	r_wrist	28.198032	63.780777	28.777223	0.338952	0.060774	0.033333	1.000000	30338.970000	30338.970000
30372.566667	0.266667	15186283	coarse_label	Blocklist (Data break)	n/a	n/a	n/a	n/a	n/a	n/a	n/a	n/a	n/a	30372.566667
30372.833333	121.266667	15186417	coarse_label		n/a	n/a	n/a	n/a	n/a	n/a	n/a	n/a	n/a	30372.833333
30412.474000	11.348000	15206237	nan_segment	n/a	n/a	n/a	n/a	n/a	n/a	n/a	n/a	n/a	n/a	n/a
30470.526000	12.210000	15235263	nan_segment	n/a	n/a	n/a	n/a	n/a	n/a	n/a	n/a	n/a	n/a	n/a
30472.254000	1.066667	15236127	reach_onset	n/a	r_wrist	19.387990	65.533650	26.699428	0.303433	0.489499	1.066667	1.000000	30472.254000	30472.254000
30493.660000	4.864000	15246830	nan_segment	n/a	n/a	n/a	n/a	n/a	n/a	n/a	n/a	n/a	n/a	n/a
30494.100000	0.033333	15247050	coarse_label	Blocklist (Data break)	n/a	n/a	n/a	n/a	n/a	n/a	n/a	n/a	n/a	30494.100000
30494.133333	118.566667	15247067	coarse_label		n/a	n/a	n/a	n/a	n/a	n/a	n/a	n/a	n/a	30494.133333
30612.700000	0.200000	15306350	coarse_label	Blocklist (Data break)	n/a	n/a	n/a	n/a	n/a	n/a	n/a	n/a	n/a	30612.700000
30612.900000	119.633333	15306450	coarse_label		n/a	n/a	n/a	n/a	n/a	n/a	n/a	n/a	n/a	30612.900000
30640.006000	6.278000	15320003	nan_segment	n/a	n/a	n/a	n/a	n/a	n/a	n/a	n/a	n/a	n/a	n/a
30731.754000	5.508000	15365877	nan_segment	n/a	n/a	n/a	n/a	n/a	n/a	n/a	n/a	n/a	n/a	n/a
30732.533333	0.100000	15366267	coarse_label	Blocklist (Data break)	n/a	n/a	n/a	n/a	n/a	n/a	n/a	n/a	n/a	30732.533333
30732.633333	119.933333	15366317	coarse_label		n/a	n/a	n/a	n/a	n/a	n/a	n/a	n/a	n/a	30732.633333
30750.676000	7.416000	15375338	nan_segment	n/a	n/a	n/a	n/a	n/a	n/a	n/a	n/a	n/a	n/a	n/a
30752.030000	1.066667	15376015	reach_onset	n/a	r_wrist	73.507203	102.421970	39.461385	0.211780	0.718797	0.933333	1.000000	30752.030000	30752.031000
30765.706000	6.488000	15382853	nan_segment	n/a	n/a	n/a	n/a	n/a	n/a	n/a	n/a	n/a	n/a	n/a
30852.566667	0.200000	15426283	coarse_label	Blocklist (Data break)	n/a	n/a	n/a	n/a	n/a	n/a	n/a	n/a	n/a	30852.566667
30852.766667	120.400000	15426383	coarse_label	Computer/phone, Talk	n/a	n/a	n/a	n/a	n/a	n/a	n/a	n/a	n/a	30852.766667
30890.918000	1.000000	15445459	reach_onset	n/a	r_wrist	91.883391	128.144867	57.493113	0.394090	0.704621	1.000000	1.000000	30890.918000	30890.918000
30892.822000	12.672000	15446411	nan_segment	n/a	n/a	n/a	n/a	n/a	n/a	n/a	n/a	n/a	n/a	n/a
30928.084000	1.033333	15464042	reach_onset	n/a	r_wrist	98.694256	-134.029236	86.061077	0.531560	0.144933	0.566667	1.000000	30928.084000	30928.084000
30946.850000	1.566667	15473425	reach_onset	n/a	r_wrist	144.824300	62.412264	29.085455	0.569313	0.076423	0.300000	1.000000	30946.850000	30946.851000
30956.284000	0.366667	15478142	reach_onset	n/a	r_wrist	292.551389	66.425275	637.178505	0.576228	0.000000	0.366667	1.000000	30956.284000	30956.284000
30973.166667	0.200000	15486583	coarse_label	Blocklist (Data break)	n/a	n/a	n/a	n/a	n/a	n/a	n/a	n/a	n/a	30973.166667
30973.366667	119.266667	15486683	coarse_label		n/a	n/a	n/a	n/a	n/a	n/a	n/a	n/a	n/a	30973.366667
31072.140000	3.998000	15536070	nan_segment	n/a	n/a	n/a	n/a	n/a	n/a	n/a	n/a	n/a	n/a	n/a
31092.633333	0.166667	15546317	coarse_label	Blocklist (Data break)	n/a	n/a	n/a	n/a	n/a	n/a	n/a	n/a	n/a	31092.633333
31092.800000	123.566667	15546400	coarse_label		n/a	n/a	n/a	n/a	n/a	n/a	n/a	n/a	n/a	31092.800000
31115.180000	4.002000	15557590	nan_segment	n/a	n/a	n/a	n/a	n/a	n/a	n/a	n/a	n/a	n/a	n/a
31124.090000	1.433333	15562045	reach_onset	n/a	r_wrist	162.260347	-96.069813	70.009902	0.454236	0.103633	0.733333	1.000000	31124.090000	31124.090000
31216.366667	0.200000	15608183	coarse_label	Blocklist (Data break)	n/a	n/a	n/a	n/a	n/a	n/a	n/a	n/a	n/a	31216.366667
31216.566667	116.933333	15608283	coarse_label		n/a	n/a	n/a	n/a	n/a	n/a	n/a	n/a	n/a	31216.566667
31333.500000	0.066667	15666750	coarse_label	Blocklist (Data break)	n/a	n/a	n/a	n/a	n/a	n/a	n/a	n/a	n/a	31333.500000
31333.566667	119.166667	15666783	coarse_label		n/a	n/a	n/a	n/a	n/a	n/a	n/a	n/a	n/a	31333.566667
31395.002000	0.700000	15697501	reach_onset	n/a	r_wrist	60.701656	-17.251594	78.669526	0.219128	0.019757	0.000000	0.000000	31395.002000	31395.002000
31452.733333	0.200000	15726367	coarse_label	Blocklist (Data break)	n/a	n/a	n/a	n/a	n/a	n/a	n/a	n/a	n/a	31452.733333
31452.933333	120.400000	15726467	coarse_label		n/a	n/a	n/a	n/a	n/a	n/a	n/a	n/a	n/a	31452.933333
31501.744000	8.970000	15750872	nan_segment	n/a	n/a	n/a	n/a	n/a	n/a	n/a	n/a	n/a	n/a	n/a
31573.333333	0.166667	15786667	coarse_label	Blocklist (Data break)	n/a	n/a	n/a	n/a	n/a	n/a	n/a	n/a	n/a	31573.333333
31573.500000	119.700000	15786750	coarse_label		n/a	n/a	n/a	n/a	n/a	n/a	n/a	n/a	n/a	31573.500000
31634.874000	5.288000	15817437	nan_segment	n/a	n/a	n/a	n/a	n/a	n/a	n/a	n/a	n/a	n/a	n/a
31658.362000	7.596000	15829181	nan_segment	n/a	n/a	n/a	n/a	n/a	n/a	n/a	n/a	n/a	n/a	n/a
31681.540000	1.033333	15840770	reach_onset	n/a	r_wrist	68.209638	52.666834	42.695958	0.232375	0.177112	0.633333	1.000000	31681.540000	31681.541000
31693.200000	0.166667	15846600	coarse_label	Blocklist (Data break)	n/a	n/a	n/a	n/a	n/a	n/a	n/a	n/a	n/a	31693.200000
31693.366667	120.333333	15846683	coarse_label	Computer/phone	n/a	n/a	n/a	n/a	n/a	n/a	n/a	n/a	n/a	31693.366667
31724.046000	3.998000	15862023	nan_segment	n/a	n/a	n/a	n/a	n/a	n/a	n/a	n/a	n/a	n/a	n/a
31778.672000	9.904000	15889336	nan_segment	n/a	n/a	n/a	n/a	n/a	n/a	n/a	n/a	n/a	n/a	n/a
31793.634000	6.984000	15896817	nan_segment	n/a	n/a	n/a	n/a	n/a	n/a	n/a	n/a	n/a	n/a	n/a
31813.700000	0.100000	15906850	coarse_label	Blocklist (Data break)	n/a	n/a	n/a	n/a	n/a	n/a	n/a	n/a	n/a	31813.700000
31813.800000	119.800000	15906900	coarse_label	Sleep/rest	n/a	n/a	n/a	n/a	n/a	n/a	n/a	n/a	n/a	31813.800000
31933.600000	0.100000	15966800	coarse_label	Blocklist (Data break)	n/a	n/a	n/a	n/a	n/a	n/a	n/a	n/a	n/a	31933.600000
31933.700000	121.166667	15966850	coarse_label	Sleep/rest	n/a	n/a	n/a	n/a	n/a	n/a	n/a	n/a	n/a	31933.700000
32038.522000	4.076000	16019261	nan_segment	n/a	n/a	n/a	n/a	n/a	n/a	n/a	n/a	n/a	n/a	n/a
32054.866667	0.033333	16027433	coarse_label	Blocklist (Data break)	n/a	n/a	n/a	n/a	n/a	n/a	n/a	n/a	n/a	32054.866667
32054.900000	122.000000	16027450	coarse_label	Sleep/rest	n/a	n/a	n/a	n/a	n/a	n/a	n/a	n/a	n/a	32054.900000
32176.900000	0.166667	16088450	coarse_label	Blocklist (Data break)	n/a	n/a	n/a	n/a	n/a	n/a	n/a	n/a	n/a	32176.900000
32177.066667	115.600000	16088533	coarse_label	Sleep/rest	n/a	n/a	n/a	n/a	n/a	n/a	n/a	n/a	n/a	32177.066667
32245.426000	5.586000	16122713	nan_segment	n/a	n/a	n/a	n/a	n/a	n/a	n/a	n/a	n/a	n/a	n/a
32292.666667	0.033333	16146333	coarse_label	Blocklist (Data break)	n/a	n/a	n/a	n/a	n/a	n/a	n/a	n/a	n/a	32292.666667
32292.700000	120.466667	16146350	coarse_label	Sleep/rest	n/a	n/a	n/a	n/a	n/a	n/a	n/a	n/a	n/a	32292.700000
32413.166667	0.066667	16206583	coarse_label	Blocklist (Data break)	n/a	n/a	n/a	n/a	n/a	n/a	n/a	n/a	n/a	32413.166667
32413.233333	120.300000	16206617	coarse_label	Sleep/rest	n/a	n/a	n/a	n/a	n/a	n/a	n/a	n/a	n/a	32413.233333
32533.533333	0.033333	16266767	coarse_label	Blocklist (Data break)	n/a	n/a	n/a	n/a	n/a	n/a	n/a	n/a	n/a	32533.533333
32533.566667	119.900000	16266783	coarse_label	Sleep/rest	n/a	n/a	n/a	n/a	n/a	n/a	n/a	n/a	n/a	32533.566667
32653.466667	0.066667	16326733	coarse_label	Blocklist (Data break)	n/a	n/a	n/a	n/a	n/a	n/a	n/a	n/a	n/a	32653.466667
32653.533333	119.733333	16326767	coarse_label	Sleep/rest	n/a	n/a	n/a	n/a	n/a	n/a	n/a	n/a	n/a	32653.533333
32748.346000	4.444000	16374173	nan_segment	n/a	n/a	n/a	n/a	n/a	n/a	n/a	n/a	n/a	n/a	n/a
32759.484000	7.280000	16379742	nan_segment	n/a	n/a	n/a	n/a	n/a	n/a	n/a	n/a	n/a	n/a	n/a
32773.266667	0.100000	16386633	coarse_label	Blocklist (Data break)	n/a	n/a	n/a	n/a	n/a	n/a	n/a	n/a	n/a	32773.266667
32773.366667	119.566667	16386683	coarse_label	Sleep/rest	n/a	n/a	n/a	n/a	n/a	n/a	n/a	n/a	n/a	32773.366667
32892.933333	0.266667	16446467	coarse_label	Blocklist (Data break)	n/a	n/a	n/a	n/a	n/a	n/a	n/a	n/a	n/a	32892.933333
32893.200000	121.333333	16446600	coarse_label	Sleep/rest	n/a	n/a	n/a	n/a	n/a	n/a	n/a	n/a	n/a	32893.200000
32906.976000	9.712000	16453488	nan_segment	n/a	n/a	n/a	n/a	n/a	n/a	n/a	n/a	n/a	n/a	n/a
32949.288000	5.482000	16474644	nan_segment	n/a	n/a	n/a	n/a	n/a	n/a	n/a	n/a	n/a	n/a	n/a
33014.533333	0.100000	16507267	coarse_label	Blocklist (Data break)	n/a	n/a	n/a	n/a	n/a	n/a	n/a	n/a	n/a	33014.533333
33014.633333	120.733333	16507317	coarse_label	Sleep/rest	n/a	n/a	n/a	n/a	n/a	n/a	n/a	n/a	n/a	33014.633333
33135.366667	0.233333	16567683	coarse_label	Blocklist (Data break)	n/a	n/a	n/a	n/a	n/a	n/a	n/a	n/a	n/a	33135.366667
33135.600000	117.533333	16567800	coarse_label	Sleep/rest	n/a	n/a	n/a	n/a	n/a	n/a	n/a	n/a	n/a	33135.600000
33253.133333	0.100000	16626567	coarse_label	Blocklist (Data break)	n/a	n/a	n/a	n/a	n/a	n/a	n/a	n/a	n/a	33253.133333
33253.233333	119.866667	16626617	coarse_label	Sleep/rest	n/a	n/a	n/a	n/a	n/a	n/a	n/a	n/a	n/a	33253.233333
33373.100000	0.066667	16686550	coarse_label	Blocklist (Data break)	n/a	n/a	n/a	n/a	n/a	n/a	n/a	n/a	n/a	33373.100000
33373.166667	119.866667	16686583	coarse_label	Sleep/rest	n/a	n/a	n/a	n/a	n/a	n/a	n/a	n/a	n/a	33373.166667
33493.033333	0.066667	16746517	coarse_label	Blocklist (Data break)	n/a	n/a	n/a	n/a	n/a	n/a	n/a	n/a	n/a	33493.033333
33493.100000	119.800000	16746550	coarse_label	Sleep/rest	n/a	n/a	n/a	n/a	n/a	n/a	n/a	n/a	n/a	33493.100000
33612.900000	0.233333	16806450	coarse_label	Blocklist (Data break)	n/a	n/a	n/a	n/a	n/a	n/a	n/a	n/a	n/a	33612.900000
33613.133333	120.433333	16806567	coarse_label	Sleep/rest	n/a	n/a	n/a	n/a	n/a	n/a	n/a	n/a	n/a	33613.133333
33733.566667	0.066667	16866783	coarse_label	Blocklist (Data break)	n/a	n/a	n/a	n/a	n/a	n/a	n/a	n/a	n/a	33733.566667
33733.633333	122.433333	16866817	coarse_label	Blocklist (Tether/bandage)	n/a	n/a	n/a	n/a	n/a	n/a	n/a	n/a	n/a	33733.633333
33744.498000	7.728000	16872249	nan_segment	n/a	n/a	n/a	n/a	n/a	n/a	n/a	n/a	n/a	n/a	n/a
33754.328000	7.838000	16877164	nan_segment	n/a	n/a	n/a	n/a	n/a	n/a	n/a	n/a	n/a	n/a	n/a
33783.938000	4.826000	16891969	nan_segment	n/a	n/a	n/a	n/a	n/a	n/a	n/a	n/a	n/a	n/a	n/a
33840.130000	6.960000	16920065	nan_segment	n/a	n/a	n/a	n/a	n/a	n/a	n/a	n/a	n/a	n/a	n/a
33847.534000	7.708000	16923767	nan_segment	n/a	n/a	n/a	n/a	n/a	n/a	n/a	n/a	n/a	n/a	n/a
33856.066667	0.133333	16928033	coarse_label	Blocklist (Data break)	n/a	n/a	n/a	n/a	n/a	n/a	n/a	n/a	n/a	33856.066667
33856.200000	116.300000	16928100	coarse_label	Blocklist (Tether/bandage)	n/a	n/a	n/a	n/a	n/a	n/a	n/a	n/a	n/a	33856.200000
33868.306000	5.086000	16934153	nan_segment	n/a	n/a	n/a	n/a	n/a	n/a	n/a	n/a	n/a	n/a	n/a
33884.884000	14.732000	16942442	nan_segment	n/a	n/a	n/a	n/a	n/a	n/a	n/a	n/a	n/a	n/a	n/a
33901.714000	12.994000	16950857	nan_segment	n/a	n/a	n/a	n/a	n/a	n/a	n/a	n/a	n/a	n/a	n/a
33916.896000	11.052000	16958448	nan_segment	n/a	n/a	n/a	n/a	n/a	n/a	n/a	n/a	n/a	n/a	n/a
33943.880000	12.132000	16971940	nan_segment	n/a	n/a	n/a	n/a	n/a	n/a	n/a	n/a	n/a	n/a	n/a
33968.218000	4.062000	16984109	nan_segment	n/a	n/a	n/a	n/a	n/a	n/a	n/a	n/a	n/a	n/a	n/a
33972.500000	0.133333	16986250	coarse_label	Blocklist (Data break)	n/a	n/a	n/a	n/a	n/a	n/a	n/a	n/a	n/a	33972.500000
33972.633333	121.100000	16986317	coarse_label	Blocklist (Tether/bandage)	n/a	n/a	n/a	n/a	n/a	n/a	n/a	n/a	n/a	33972.633333
33979.232000	4.722000	16989616	nan_segment	n/a	n/a	n/a	n/a	n/a	n/a	n/a	n/a	n/a	n/a	n/a
33997.658000	4.026000	16998829	nan_segment	n/a	n/a	n/a	n/a	n/a	n/a	n/a	n/a	n/a	n/a	n/a
34004.618000	4.614000	17002309	nan_segment	n/a	n/a	n/a	n/a	n/a	n/a	n/a	n/a	n/a	n/a	n/a
34053.966000	5.552000	17026983	nan_segment	n/a	n/a	n/a	n/a	n/a	n/a	n/a	n/a	n/a	n/a	n/a
34064.106000	9.748000	17032053	nan_segment	n/a	n/a	n/a	n/a	n/a	n/a	n/a	n/a	n/a	n/a	n/a
34093.733333	0.133333	17046867	coarse_label	Blocklist (Data break)	n/a	n/a	n/a	n/a	n/a	n/a	n/a	n/a	n/a	34093.733333
34093.866667	119.200000	17046933	coarse_label	Blocklist (Tether/bandage)	n/a	n/a	n/a	n/a	n/a	n/a	n/a	n/a	n/a	34093.866667
34188.224000	4.356000	17094112	nan_segment	n/a	n/a	n/a	n/a	n/a	n/a	n/a	n/a	n/a	n/a	n/a
34213.066667	0.166667	17106533	coarse_label	Blocklist (Data break)	n/a	n/a	n/a	n/a	n/a	n/a	n/a	n/a	n/a	34213.066667
34213.233333	120.233333	17106617	coarse_label	Blocklist (Tether/bandage)	n/a	n/a	n/a	n/a	n/a	n/a	n/a	n/a	n/a	34213.233333
34333.466667	0.066667	17166733	coarse_label	Blocklist (Data break)	n/a	n/a	n/a	n/a	n/a	n/a	n/a	n/a	n/a	34333.466667
34333.533333	119.566667	17166767	coarse_label	Blocklist (Tether/bandage)	n/a	n/a	n/a	n/a	n/a	n/a	n/a	n/a	n/a	34333.533333
34453.100000	0.066667	17226550	coarse_label	Blocklist (Data break)	n/a	n/a	n/a	n/a	n/a	n/a	n/a	n/a	n/a	34453.100000
34453.166667	120.566667	17226583	coarse_label	Blocklist (Tether/bandage)	n/a	n/a	n/a	n/a	n/a	n/a	n/a	n/a	n/a	34453.166667
34504.944000	11.340000	17252472	nan_segment	n/a	n/a	n/a	n/a	n/a	n/a	n/a	n/a	n/a	n/a	n/a
34573.733333	0.066667	17286867	coarse_label	Blocklist (Data break)	n/a	n/a	n/a	n/a	n/a	n/a	n/a	n/a	n/a	34573.733333
34573.800000	118.966667	17286900	coarse_label	Blocklist (Tether/bandage)	n/a	n/a	n/a	n/a	n/a	n/a	n/a	n/a	n/a	34573.800000
34692.766667	0.133333	17346383	coarse_label	Blocklist (Data break)	n/a	n/a	n/a	n/a	n/a	n/a	n/a	n/a	n/a	34692.766667
34692.900000	123.433333	17346450	coarse_label	Blocklist (Tether/bandage)	n/a	n/a	n/a	n/a	n/a	n/a	n/a	n/a	n/a	34692.900000
34816.333333	0.133333	17408167	coarse_label	Blocklist (Data break)	n/a	n/a	n/a	n/a	n/a	n/a	n/a	n/a	n/a	34816.333333
34816.466667	117.000000	17408233	coarse_label	Blocklist (Tether/bandage)	n/a	n/a	n/a	n/a	n/a	n/a	n/a	n/a	n/a	34816.466667
34933.466667	0.366667	17466733	coarse_label	Blocklist (Data break)	n/a	n/a	n/a	n/a	n/a	n/a	n/a	n/a	n/a	34933.466667
34933.833333	120.266667	17466917	coarse_label	Blocklist (Tether/bandage)	n/a	n/a	n/a	n/a	n/a	n/a	n/a	n/a	n/a	34933.833333
35054.100000	0.066667	17527050	coarse_label	Blocklist (Data break)	n/a	n/a	n/a	n/a	n/a	n/a	n/a	n/a	n/a	35054.100000
35054.166667	240.433333	17527083	coarse_label	Blocklist (Tether/bandage)	n/a	n/a	n/a	n/a	n/a	n/a	n/a	n/a	n/a	35054.166667
35294.600000	0.066667	17647300	coarse_label	Blocklist (Data break)	n/a	n/a	n/a	n/a	n/a	n/a	n/a	n/a	n/a	35294.600000
35294.666667	122.000000	17647333	coarse_label	Blocklist (Tether/bandage)	n/a	n/a	n/a	n/a	n/a	n/a	n/a	n/a	n/a	35294.666667
35416.666667	0.166667	17708333	coarse_label	Blocklist (Data break)	n/a	n/a	n/a	n/a	n/a	n/a	n/a	n/a	n/a	35416.666667
35416.833333	116.666667	17708417	coarse_label	Blocklist (Tether/bandage)	n/a	n/a	n/a	n/a	n/a	n/a	n/a	n/a	n/a	35416.833333
35533.500000	0.133333	17766750	coarse_label	Blocklist (Data break)	n/a	n/a	n/a	n/a	n/a	n/a	n/a	n/a	n/a	35533.500000
35533.633333	122.766667	17766817	coarse_label	Blocklist (Tether/bandage)	n/a	n/a	n/a	n/a	n/a	n/a	n/a	n/a	n/a	35533.633333
35656.400000	0.066667	17828200	coarse_label	Blocklist (Data break)	n/a	n/a	n/a	n/a	n/a	n/a	n/a	n/a	n/a	35656.400000
35656.466667	118.766667	17828233	coarse_label	Blocklist (Tether/bandage)	n/a	n/a	n/a	n/a	n/a	n/a	n/a	n/a	n/a	35656.466667
35775.233333	0.133333	17887617	coarse_label	Blocklist (Data break)	n/a	n/a	n/a	n/a	n/a	n/a	n/a	n/a	n/a	35775.233333
35775.366667	117.666667	17887683	coarse_label	Blocklist (Tether/bandage)	n/a	n/a	n/a	n/a	n/a	n/a	n/a	n/a	n/a	35775.366667
35893.033333	0.100000	17946517	coarse_label	Blocklist (Data break)	n/a	n/a	n/a	n/a	n/a	n/a	n/a	n/a	n/a	35893.033333
35893.133333	119.900000	17946567	coarse_label	Blocklist (Tether/bandage)	n/a	n/a	n/a	n/a	n/a	n/a	n/a	n/a	n/a	35893.133333
36013.033333	0.166667	18006517	coarse_label	Blocklist (Data break)	n/a	n/a	n/a	n/a	n/a	n/a	n/a	n/a	n/a	36013.033333
36013.200000	122.800000	18006600	coarse_label	Blocklist (Tether/bandage)	n/a	n/a	n/a	n/a	n/a	n/a	n/a	n/a	n/a	36013.200000
36136.000000	0.166667	18068000	coarse_label	Blocklist (Data break)	n/a	n/a	n/a	n/a	n/a	n/a	n/a	n/a	n/a	36136.000000
36136.166667	117.633333	18068083	coarse_label	Blocklist (Tether/bandage)	n/a	n/a	n/a	n/a	n/a	n/a	n/a	n/a	n/a	36136.166667
36253.800000	0.066667	18126900	coarse_label	Blocklist (Data break)	n/a	n/a	n/a	n/a	n/a	n/a	n/a	n/a	n/a	36253.800000
36253.866667	119.533333	18126933	coarse_label	Blocklist (Tether/bandage)	n/a	n/a	n/a	n/a	n/a	n/a	n/a	n/a	n/a	36253.866667
36373.400000	0.066667	18186700	coarse_label	Blocklist (Data break)	n/a	n/a	n/a	n/a	n/a	n/a	n/a	n/a	n/a	36373.400000
36373.466667	120.200000	18186733	coarse_label	Blocklist (Tether/bandage)	n/a	n/a	n/a	n/a	n/a	n/a	n/a	n/a	n/a	36373.466667
36493.666667	0.066667	18246833	coarse_label	Blocklist (Data break)	n/a	n/a	n/a	n/a	n/a	n/a	n/a	n/a	n/a	36493.666667
36493.733333	120.633333	18246867	coarse_label	Blocklist (Tether/bandage)	n/a	n/a	n/a	n/a	n/a	n/a	n/a	n/a	n/a	36493.733333
36614.366667	0.166667	18307183	coarse_label	Blocklist (Data break)	n/a	n/a	n/a	n/a	n/a	n/a	n/a	n/a	n/a	36614.366667
36614.533333	118.700000	18307267	coarse_label	Blocklist (Tether/bandage)	n/a	n/a	n/a	n/a	n/a	n/a	n/a	n/a	n/a	36614.533333
36733.233333	0.266667	18366617	coarse_label	Blocklist (Data break)	n/a	n/a	n/a	n/a	n/a	n/a	n/a	n/a	n/a	36733.233333
36733.500000	119.033333	18366750	coarse_label	Blocklist (Tether/bandage)	n/a	n/a	n/a	n/a	n/a	n/a	n/a	n/a	n/a	36733.500000
36852.533333	0.066667	18426267	coarse_label	Blocklist (Data break)	n/a	n/a	n/a	n/a	n/a	n/a	n/a	n/a	n/a	36852.533333
36852.600000	120.366667	18426300	coarse_label	Blocklist (Tether/bandage)	n/a	n/a	n/a	n/a	n/a	n/a	n/a	n/a	n/a	36852.600000
36972.966667	0.166667	18486483	coarse_label	Blocklist (Data break)	n/a	n/a	n/a	n/a	n/a	n/a	n/a	n/a	n/a	36972.966667
36973.133333	119.400000	18486567	coarse_label	Blocklist (Tether/bandage)	n/a	n/a	n/a	n/a	n/a	n/a	n/a	n/a	n/a	36973.133333
37092.533333	0.266667	18546267	coarse_label	Blocklist (Data break)	n/a	n/a	n/a	n/a	n/a	n/a	n/a	n/a	n/a	37092.533333
37092.800000	120.833333	18546400	coarse_label	Blocklist (Tether/bandage)	n/a	n/a	n/a	n/a	n/a	n/a	n/a	n/a	n/a	37092.800000
37213.633333	0.200000	18606817	coarse_label	Blocklist (Data break)	n/a	n/a	n/a	n/a	n/a	n/a	n/a	n/a	n/a	37213.633333
37213.833333	118.966667	18606917	coarse_label	Blocklist (Tether/bandage)	n/a	n/a	n/a	n/a	n/a	n/a	n/a	n/a	n/a	37213.833333
37332.800000	0.266667	18666400	coarse_label	Blocklist (Data break)	n/a	n/a	n/a	n/a	n/a	n/a	n/a	n/a	n/a	37332.800000
37333.066667	121.233333	18666533	coarse_label	Blocklist (Tether/bandage)	n/a	n/a	n/a	n/a	n/a	n/a	n/a	n/a	n/a	37333.066667
37454.300000	0.233333	18727150	coarse_label	Blocklist (Data break)	n/a	n/a	n/a	n/a	n/a	n/a	n/a	n/a	n/a	37454.300000
37454.533333	118.233333	18727267	coarse_label	Blocklist (Tether/bandage)	n/a	n/a	n/a	n/a	n/a	n/a	n/a	n/a	n/a	37454.533333
37515.164000	4.000000	18757582	nan_segment	n/a	n/a	n/a	n/a	n/a	n/a	n/a	n/a	n/a	n/a	n/a
37570.488000	4.002000	18785244	nan_segment	n/a	n/a	n/a	n/a	n/a	n/a	n/a	n/a	n/a	n/a	n/a
37572.766667	0.233333	18786383	coarse_label	Blocklist (Data break)	n/a	n/a	n/a	n/a	n/a	n/a	n/a	n/a	n/a	37572.766667
37573.000000	119.533333	18786500	coarse_label	Talk	n/a	n/a	n/a	n/a	n/a	n/a	n/a	n/a	n/a	37573.000000
37692.533333	0.033333	18846267	coarse_label	Blocklist (Data break)	n/a	n/a	n/a	n/a	n/a	n/a	n/a	n/a	n/a	37692.533333
37692.566667	119.833333	18846283	coarse_label	Other activity	n/a	n/a	n/a	n/a	n/a	n/a	n/a	n/a	n/a	37692.566667
37812.400000	0.100000	18906200	coarse_label	Blocklist (Data break)	n/a	n/a	n/a	n/a	n/a	n/a	n/a	n/a	n/a	37812.400000
37812.500000	121.433333	18906250	coarse_label		n/a	n/a	n/a	n/a	n/a	n/a	n/a	n/a	n/a	37812.500000
37859.466000	0.600000	18929733	reach_onset	n/a	r_wrist	15.123636	-132.393045	33.796290	0.516188	0.484445	0.600000	1.000000	37859.466000	37859.467000
37933.933333	0.100000	18966967	coarse_label	Blocklist (Data break)	n/a	n/a	n/a	n/a	n/a	n/a	n/a	n/a	n/a	37933.933333
37934.033333	118.633333	18967017	coarse_label		n/a	n/a	n/a	n/a	n/a	n/a	n/a	n/a	n/a	37934.033333
38052.666667	0.166667	19026333	coarse_label	Blocklist (Data break)	n/a	n/a	n/a	n/a	n/a	n/a	n/a	n/a	n/a	38052.666667
38052.833333	120.400000	19026417	coarse_label		n/a	n/a	n/a	n/a	n/a	n/a	n/a	n/a	n/a	38052.833333
38149.308000	1.100000	19074654	reach_onset	n/a	r_wrist	32.095753	75.998912	55.121369	0.395957	0.757978	0.433333	1.000000	38149.308000	38149.309000
38157.676000	0.466667	19078838	reach_onset	n/a	r_wrist	342.755054	81.267650	755.418465	0.371734	0.008634	0.000000	0.000000	38157.676000	38157.676000
38173.233333	0.200000	19086617	coarse_label	Blocklist (Data break)	n/a	n/a	n/a	n/a	n/a	n/a	n/a	n/a	n/a	38173.233333
38173.433333	119.100000	19086717	coarse_label		n/a	n/a	n/a	n/a	n/a	n/a	n/a	n/a	n/a	38173.433333
38292.533333	0.066667	19146267	coarse_label	Blocklist (Data break)	n/a	n/a	n/a	n/a	n/a	n/a	n/a	n/a	n/a	38292.533333
38292.600000	122.100000	19146300	coarse_label		n/a	n/a	n/a	n/a	n/a	n/a	n/a	n/a	n/a	38292.600000
38366.046000	1.466667	19183023	reach_onset	n/a	r_wrist	65.573072	-45.035391	223.812010	0.310364	0.474964	1.133333	1.000000	38366.046000	38366.047000
38414.700000	0.166667	19207350	coarse_label	Blocklist (Data break)	n/a	n/a	n/a	n/a	n/a	n/a	n/a	n/a	n/a	38414.700000
38414.866667	119.066667	19207433	coarse_label		n/a	n/a	n/a	n/a	n/a	n/a	n/a	n/a	n/a	38414.866667
38533.933333	0.033333	19266967	coarse_label	Blocklist (Data break)	n/a	n/a	n/a	n/a	n/a	n/a	n/a	n/a	n/a	38533.933333
38533.966667	120.366667	19266983	coarse_label	Computer/phone, Talk	n/a	n/a	n/a	n/a	n/a	n/a	n/a	n/a	n/a	38533.966667
38631.430000	1.166667	19315715	reach_onset	n/a	r_wrist	116.926774	121.982829	56.168075	0.338013	0.124075	0.066667	1.000000	38631.430000	38631.431000
38654.333333	0.166667	19327167	coarse_label	Blocklist (Data break)	n/a	n/a	n/a	n/a	n/a	n/a	n/a	n/a	n/a	38654.333333
38654.500000	118.900000	19327250	coarse_label		n/a	n/a	n/a	n/a	n/a	n/a	n/a	n/a	n/a	38654.500000
38666.018000	1.833333	19333009	reach_onset	n/a	r_wrist	108.301610	122.820467	232.920486	0.295230	0.499071	1.633333	1.000000	38666.018000	38666.017000
38773.400000	0.100000	19386700	coarse_label	Blocklist (Data break)	n/a	n/a	n/a	n/a	n/a	n/a	n/a	n/a	n/a	38773.400000
38773.500000	119.466667	19386750	coarse_label		n/a	n/a	n/a	n/a	n/a	n/a	n/a	n/a	n/a	38773.500000
38892.966667	0.100000	19446483	coarse_label	Blocklist (Data break)	n/a	n/a	n/a	n/a	n/a	n/a	n/a	n/a	n/a	38892.966667
38893.066667	120.100000	19446533	coarse_label		n/a	n/a	n/a	n/a	n/a	n/a	n/a	n/a	n/a	38893.066667
39013.166667	0.100000	19506583	coarse_label	Blocklist (Data break)	n/a	n/a	n/a	n/a	n/a	n/a	n/a	n/a	n/a	39013.166667
39013.266667	119.400000	19506633	coarse_label	Other activity	n/a	n/a	n/a	n/a	n/a	n/a	n/a	n/a	n/a	39013.266667
39035.842000	0.566667	19517921	reach_onset	n/a	r_wrist	24.408665	74.459673	47.289418	0.366116	0.196634	0.166667	1.000000	39035.842000	39035.843000
39132.666667	0.200000	19566333	coarse_label	Blocklist (Data break)	n/a	n/a	n/a	n/a	n/a	n/a	n/a	n/a	n/a	39132.666667
39132.866667	119.800000	19566433	coarse_label		n/a	n/a	n/a	n/a	n/a	n/a	n/a	n/a	n/a	39132.866667
39252.666667	0.066667	19626333	coarse_label	Blocklist (Data break)	n/a	n/a	n/a	n/a	n/a	n/a	n/a	n/a	n/a	39252.666667
39252.733333	127.933333	19626367	coarse_label		n/a	n/a	n/a	n/a	n/a	n/a	n/a	n/a	n/a	39252.733333
39380.666667	0.066667	19690333	coarse_label	Blocklist (Data break)	n/a	n/a	n/a	n/a	n/a	n/a	n/a	n/a	n/a	39380.666667
39380.733333	111.733333	19690367	coarse_label		n/a	n/a	n/a	n/a	n/a	n/a	n/a	n/a	n/a	39380.733333
39384.138000	0.766667	19692069	reach_onset	n/a	r_wrist	15.030968	42.166153	27.458205	0.150618	0.132031	0.000000	0.000000	39384.138000	39384.138000
39492.466667	0.133333	19746233	coarse_label	Blocklist (Data break)	n/a	n/a	n/a	n/a	n/a	n/a	n/a	n/a	n/a	39492.466667
39492.600000	119.833333	19746300	coarse_label		n/a	n/a	n/a	n/a	n/a	n/a	n/a	n/a	n/a	39492.600000
39612.433333	0.133333	19806217	coarse_label	Blocklist (Data break)	n/a	n/a	n/a	n/a	n/a	n/a	n/a	n/a	n/a	39612.433333
39612.566667	119.733333	19806283	coarse_label		n/a	n/a	n/a	n/a	n/a	n/a	n/a	n/a	n/a	39612.566667
39732.300000	0.266667	19866150	coarse_label	Blocklist (Data break)	n/a	n/a	n/a	n/a	n/a	n/a	n/a	n/a	n/a	39732.300000
39732.566667	120.666667	19866283	coarse_label		n/a	n/a	n/a	n/a	n/a	n/a	n/a	n/a	n/a	39732.566667
39795.274000	1.033333	19897637	reach_onset	n/a	r_wrist	87.216790	-75.006219	47.637557	0.184316	0.481548	1.033333	1.000000	39795.274000	39795.274000
39853.233333	0.100000	19926617	coarse_label	Blocklist (Data break)	n/a	n/a	n/a	n/a	n/a	n/a	n/a	n/a	n/a	39853.233333
39853.333333	119.500000	19926667	coarse_label		n/a	n/a	n/a	n/a	n/a	n/a	n/a	n/a	n/a	39853.333333
39972.833333	0.133333	19986417	coarse_label	Blocklist (Data break)	n/a	n/a	n/a	n/a	n/a	n/a	n/a	n/a	n/a	39972.833333
39972.966667	133.900000	19986483	coarse_label		n/a	n/a	n/a	n/a	n/a	n/a	n/a	n/a	n/a	39972.966667
40106.866667	0.033333	20053433	coarse_label	Blocklist (Data break)	n/a	n/a	n/a	n/a	n/a	n/a	n/a	n/a	n/a	40106.866667
40106.900000	105.866667	20053450	coarse_label		n/a	n/a	n/a	n/a	n/a	n/a	n/a	n/a	n/a	40106.900000
40212.766667	0.066667	20106383	coarse_label	Blocklist (Data break)	n/a	n/a	n/a	n/a	n/a	n/a	n/a	n/a	n/a	40212.766667
40212.833333	120.633333	20106417	coarse_label	Blocklist (Camera move/zoom)	n/a	n/a	n/a	n/a	n/a	n/a	n/a	n/a	n/a	40212.833333
40333.466667	0.100000	20166733	coarse_label	Blocklist (Data break)	n/a	n/a	n/a	n/a	n/a	n/a	n/a	n/a	n/a	40333.466667
40333.566667	118.966667	20166783	coarse_label	TV	n/a	n/a	n/a	n/a	n/a	n/a	n/a	n/a	n/a	40333.566667
40452.533333	0.033333	20226267	coarse_label	Blocklist (Data break)	n/a	n/a	n/a	n/a	n/a	n/a	n/a	n/a	n/a	40452.533333
40452.566667	120.333333	20226283	coarse_label	TV	n/a	n/a	n/a	n/a	n/a	n/a	n/a	n/a	n/a	40452.566667
40572.900000	0.033333	20286450	coarse_label	Blocklist (Data break)	n/a	n/a	n/a	n/a	n/a	n/a	n/a	n/a	n/a	40572.900000
40572.933333	122.233333	20286467	coarse_label	Blocklist (Experiment)	n/a	n/a	n/a	n/a	n/a	n/a	n/a	n/a	n/a	40572.933333
40695.166667	0.066667	20347583	coarse_label	Blocklist (Data break)	n/a	n/a	n/a	n/a	n/a	n/a	n/a	n/a	n/a	40695.166667
40695.233333	117.800000	20347617	coarse_label	Blocklist (Experiment)	n/a	n/a	n/a	n/a	n/a	n/a	n/a	n/a	n/a	40695.233333
40813.033333	0.233333	20406517	coarse_label	Blocklist (Data break)	n/a	n/a	n/a	n/a	n/a	n/a	n/a	n/a	n/a	40813.033333
40813.266667	119.633333	20406633	coarse_label	Blocklist (Experiment)	n/a	n/a	n/a	n/a	n/a	n/a	n/a	n/a	n/a	40813.266667
40932.900000	0.100000	20466450	coarse_label	Blocklist (Data break)	n/a	n/a	n/a	n/a	n/a	n/a	n/a	n/a	n/a	40932.900000
40933.000000	120.233333	20466500	coarse_label	Blocklist (Experiment)	n/a	n/a	n/a	n/a	n/a	n/a	n/a	n/a	n/a	40933.000000
41053.233333	0.033333	20526617	coarse_label	Blocklist (Data break)	n/a	n/a	n/a	n/a	n/a	n/a	n/a	n/a	n/a	41053.233333
41053.266667	119.366667	20526633	coarse_label	Blocklist (Experiment)	n/a	n/a	n/a	n/a	n/a	n/a	n/a	n/a	n/a	41053.266667
41172.633333	0.066667	20586317	coarse_label	Blocklist (Data break)	n/a	n/a	n/a	n/a	n/a	n/a	n/a	n/a	n/a	41172.633333
41172.700000	120.766667	20586350	coarse_label	Blocklist (Experiment)	n/a	n/a	n/a	n/a	n/a	n/a	n/a	n/a	n/a	41172.700000
41293.466667	0.066667	20646733	coarse_label	Blocklist (Data break)	n/a	n/a	n/a	n/a	n/a	n/a	n/a	n/a	n/a	41293.466667
41293.533333	119.466667	20646767	coarse_label	Blocklist (Experiment)	n/a	n/a	n/a	n/a	n/a	n/a	n/a	n/a	n/a	41293.533333
41413.000000	0.033333	20706500	coarse_label	Blocklist (Data break)	n/a	n/a	n/a	n/a	n/a	n/a	n/a	n/a	n/a	41413.000000
41413.033333	120.066667	20706517	coarse_label	Blocklist (Experiment)	n/a	n/a	n/a	n/a	n/a	n/a	n/a	n/a	n/a	41413.033333
41533.100000	0.166667	20766550	coarse_label	Blocklist (Data break)	n/a	n/a	n/a	n/a	n/a	n/a	n/a	n/a	n/a	41533.100000
41533.266667	119.033333	20766633	coarse_label	Blocklist (Experiment)	n/a	n/a	n/a	n/a	n/a	n/a	n/a	n/a	n/a	41533.266667
41652.300000	0.066667	20826150	coarse_label	Blocklist (Data break)	n/a	n/a	n/a	n/a	n/a	n/a	n/a	n/a	n/a	41652.300000
41652.366667	120.600000	20826183	coarse_label	Blocklist (Experiment)	n/a	n/a	n/a	n/a	n/a	n/a	n/a	n/a	n/a	41652.366667
41732.522000	15.548000	20866261	nan_segment	n/a	n/a	n/a	n/a	n/a	n/a	n/a	n/a	n/a	n/a	n/a
41750.892000	12.116000	20875446	nan_segment	n/a	n/a	n/a	n/a	n/a	n/a	n/a	n/a	n/a	n/a	n/a
41772.966667	0.200000	20886483	coarse_label	Blocklist (Data break)	n/a	n/a	n/a	n/a	n/a	n/a	n/a	n/a	n/a	41772.966667
41773.166667	122.000000	20886583	coarse_label	Blocklist (Experiment)	n/a	n/a	n/a	n/a	n/a	n/a	n/a	n/a	n/a	41773.166667
41788.034000	8.168000	20894017	nan_segment	n/a	n/a	n/a	n/a	n/a	n/a	n/a	n/a	n/a	n/a	n/a
41804.774000	4.002000	20902387	nan_segment	n/a	n/a	n/a	n/a	n/a	n/a	n/a	n/a	n/a	n/a	n/a
41819.448000	5.906000	20909724	nan_segment	n/a	n/a	n/a	n/a	n/a	n/a	n/a	n/a	n/a	n/a	n/a
41839.760000	11.528000	20919880	nan_segment	n/a	n/a	n/a	n/a	n/a	n/a	n/a	n/a	n/a	n/a	n/a
41895.166667	0.166667	20947583	coarse_label	Blocklist (Data break)	n/a	n/a	n/a	n/a	n/a	n/a	n/a	n/a	n/a	41895.166667
41895.333333	117.466667	20947667	coarse_label	Blocklist (Experiment)	n/a	n/a	n/a	n/a	n/a	n/a	n/a	n/a	n/a	41895.333333
41910.824000	15.950000	20955412	nan_segment	n/a	n/a	n/a	n/a	n/a	n/a	n/a	n/a	n/a	n/a	n/a
41932.412000	8.404000	20966206	nan_segment	n/a	n/a	n/a	n/a	n/a	n/a	n/a	n/a	n/a	n/a	n/a
42012.800000	0.200000	21006400	coarse_label	Blocklist (Data break)	n/a	n/a	n/a	n/a	n/a	n/a	n/a	n/a	n/a	42012.800000
42013.000000	120.133333	21006500	coarse_label	Blocklist (Experiment)	n/a	n/a	n/a	n/a	n/a	n/a	n/a	n/a	n/a	42013.000000
42049.980000	18.340000	21024990	nan_segment	n/a	n/a	n/a	n/a	n/a	n/a	n/a	n/a	n/a	n/a	n/a
42133.133333	0.033333	21066567	coarse_label	Blocklist (Data break)	n/a	n/a	n/a	n/a	n/a	n/a	n/a	n/a	n/a	42133.133333
42133.166667	119.800000	21066583	coarse_label	Blocklist (Experiment)	n/a	n/a	n/a	n/a	n/a	n/a	n/a	n/a	n/a	42133.166667
42148.388000	18.886000	21074194	nan_segment	n/a	n/a	n/a	n/a	n/a	n/a	n/a	n/a	n/a	n/a	n/a
42252.966667	0.133333	21126483	coarse_label	Blocklist (Data break)	n/a	n/a	n/a	n/a	n/a	n/a	n/a	n/a	n/a	42252.966667
42253.100000	119.266667	21126550	coarse_label	Blocklist (Experiment)	n/a	n/a	n/a	n/a	n/a	n/a	n/a	n/a	n/a	42253.100000
42372.366667	0.100000	21186183	coarse_label	Blocklist (Data break)	n/a	n/a	n/a	n/a	n/a	n/a	n/a	n/a	n/a	42372.366667
42372.466667	120.866667	21186233	coarse_label	Blocklist (Experiment)	n/a	n/a	n/a	n/a	n/a	n/a	n/a	n/a	n/a	42372.466667
42493.333333	0.033333	21246667	coarse_label	Blocklist (Data break)	n/a	n/a	n/a	n/a	n/a	n/a	n/a	n/a	n/a	42493.333333
42493.366667	119.833333	21246683	coarse_label	Blocklist (Experiment)	n/a	n/a	n/a	n/a	n/a	n/a	n/a	n/a	n/a	42493.366667
42613.200000	0.133333	21306600	coarse_label	Blocklist (Data break)	n/a	n/a	n/a	n/a	n/a	n/a	n/a	n/a	n/a	42613.200000
42613.333333	130.866667	21306667	coarse_label	Blocklist (Experiment)	n/a	n/a	n/a	n/a	n/a	n/a	n/a	n/a	n/a	42613.333333
42744.200000	0.166667	21372100	coarse_label	Blocklist (Data break)	n/a	n/a	n/a	n/a	n/a	n/a	n/a	n/a	n/a	42744.200000
42744.366667	108.700000	21372183	coarse_label	Blocklist (Experiment)	n/a	n/a	n/a	n/a	n/a	n/a	n/a	n/a	n/a	42744.366667
42816.948000	4.000000	21408474	nan_segment	n/a	n/a	n/a	n/a	n/a	n/a	n/a	n/a	n/a	n/a	n/a
42853.066667	0.066667	21426533	coarse_label	Blocklist (Data break)	n/a	n/a	n/a	n/a	n/a	n/a	n/a	n/a	n/a	42853.066667
42853.133333	121.566667	21426567	coarse_label	Blocklist (Experiment)	n/a	n/a	n/a	n/a	n/a	n/a	n/a	n/a	n/a	42853.133333
42974.700000	0.166667	21487350	coarse_label	Blocklist (Data break)	n/a	n/a	n/a	n/a	n/a	n/a	n/a	n/a	n/a	42974.700000
42974.866667	117.466667	21487433	coarse_label	Blocklist (Experiment)	n/a	n/a	n/a	n/a	n/a	n/a	n/a	n/a	n/a	42974.866667
43092.333333	0.066667	21546167	coarse_label	Blocklist (Data break)	n/a	n/a	n/a	n/a	n/a	n/a	n/a	n/a	n/a	43092.333333
43092.400000	120.666667	21546200	coarse_label	Blocklist (Experiment)	n/a	n/a	n/a	n/a	n/a	n/a	n/a	n/a	n/a	43092.400000
43213.066667	0.133333	21606533	coarse_label	Blocklist (Data break)	n/a	n/a	n/a	n/a	n/a	n/a	n/a	n/a	n/a	43213.066667
43213.200000	119.400000	21606600	coarse_label	Blocklist (Experiment)	n/a	n/a	n/a	n/a	n/a	n/a	n/a	n/a	n/a	43213.200000
43332.600000	0.100000	21666300	coarse_label	Blocklist (Data break)	n/a	n/a	n/a	n/a	n/a	n/a	n/a	n/a	n/a	43332.600000
43332.700000	120.366667	21666350	coarse_label	Blocklist (Experiment)	n/a	n/a	n/a	n/a	n/a	n/a	n/a	n/a	n/a	43332.700000
43387.128000	21.036000	21693564	nan_segment	n/a	n/a	n/a	n/a	n/a	n/a	n/a	n/a	n/a	n/a	n/a
43453.066667	0.133333	21726533	coarse_label	Blocklist (Data break)	n/a	n/a	n/a	n/a	n/a	n/a	n/a	n/a	n/a	43453.066667
43453.200000	119.600000	21726600	coarse_label	Blocklist (Experiment)	n/a	n/a	n/a	n/a	n/a	n/a	n/a	n/a	n/a	43453.200000
43557.788000	3.998000	21778894	nan_segment	n/a	n/a	n/a	n/a	n/a	n/a	n/a	n/a	n/a	n/a	n/a
43572.800000	0.033333	21786400	coarse_label	Blocklist (Data break)	n/a	n/a	n/a	n/a	n/a	n/a	n/a	n/a	n/a	43572.800000
43572.833333	119.500000	21786417	coarse_label	Blocklist (Experiment)	n/a	n/a	n/a	n/a	n/a	n/a	n/a	n/a	n/a	43572.833333
43692.333333	0.266667	21846167	coarse_label	Blocklist (Data break)	n/a	n/a	n/a	n/a	n/a	n/a	n/a	n/a	n/a	43692.333333
43692.600000	119.966667	21846300	coarse_label	Blocklist (Experiment)	n/a	n/a	n/a	n/a	n/a	n/a	n/a	n/a	n/a	43692.600000
43812.566667	0.066667	21906283	coarse_label	Blocklist (Data break)	n/a	n/a	n/a	n/a	n/a	n/a	n/a	n/a	n/a	43812.566667
43812.633333	120.533333	21906317	coarse_label	Blocklist (Experiment)	n/a	n/a	n/a	n/a	n/a	n/a	n/a	n/a	n/a	43812.633333
43933.166667	0.133333	21966583	coarse_label	Blocklist (Data break)	n/a	n/a	n/a	n/a	n/a	n/a	n/a	n/a	n/a	43933.166667
43933.300000	119.933333	21966650	coarse_label	Blocklist (Experiment)	n/a	n/a	n/a	n/a	n/a	n/a	n/a	n/a	n/a	43933.300000
44053.233333	0.033333	22026617	coarse_label	Blocklist (Data break)	n/a	n/a	n/a	n/a	n/a	n/a	n/a	n/a	n/a	44053.233333
44053.266667	119.800000	22026633	coarse_label	Blocklist (Experiment)	n/a	n/a	n/a	n/a	n/a	n/a	n/a	n/a	n/a	44053.266667
44173.066667	0.100000	22086533	coarse_label	Blocklist (Data break)	n/a	n/a	n/a	n/a	n/a	n/a	n/a	n/a	n/a	44173.066667
44173.166667	121.466667	22086583	coarse_label	Blocklist (Experiment)	n/a	n/a	n/a	n/a	n/a	n/a	n/a	n/a	n/a	44173.166667
44294.633333	0.066667	22147317	coarse_label	Blocklist (Data break)	n/a	n/a	n/a	n/a	n/a	n/a	n/a	n/a	n/a	44294.633333
44294.700000	118.533333	22147350	coarse_label	Blocklist (Experiment)	n/a	n/a	n/a	n/a	n/a	n/a	n/a	n/a	n/a	44294.700000
44413.233333	0.166667	22206617	coarse_label	Blocklist (Data break)	n/a	n/a	n/a	n/a	n/a	n/a	n/a	n/a	n/a	44413.233333
44413.400000	119.500000	22206700	coarse_label	Blocklist (Experiment)	n/a	n/a	n/a	n/a	n/a	n/a	n/a	n/a	n/a	44413.400000
44532.900000	0.033333	22266450	coarse_label	Blocklist (Data break)	n/a	n/a	n/a	n/a	n/a	n/a	n/a	n/a	n/a	44532.900000
44532.933333	119.333333	22266467	coarse_label	Blocklist (Experiment)	n/a	n/a	n/a	n/a	n/a	n/a	n/a	n/a	n/a	44532.933333
44652.266667	0.066667	22326133	coarse_label	Blocklist (Data break)	n/a	n/a	n/a	n/a	n/a	n/a	n/a	n/a	n/a	44652.266667
44652.333333	119.800000	22326167	coarse_label	Blocklist (Experiment)	n/a	n/a	n/a	n/a	n/a	n/a	n/a	n/a	n/a	44652.333333
44772.133333	0.166667	22386067	coarse_label	Blocklist (Data break)	n/a	n/a	n/a	n/a	n/a	n/a	n/a	n/a	n/a	44772.133333
44772.300000	120.400000	22386150	coarse_label	Blocklist (Experiment)	n/a	n/a	n/a	n/a	n/a	n/a	n/a	n/a	n/a	44772.300000
44892.700000	0.233333	22446350	coarse_label	Blocklist (Data break)	n/a	n/a	n/a	n/a	n/a	n/a	n/a	n/a	n/a	44892.700000
44892.933333	119.900000	22446467	coarse_label	Blocklist (Experiment)	n/a	n/a	n/a	n/a	n/a	n/a	n/a	n/a	n/a	44892.933333
45012.833333	0.100000	22506417	coarse_label	Blocklist (Data break)	n/a	n/a	n/a	n/a	n/a	n/a	n/a	n/a	n/a	45012.833333
45012.933333	120.000000	22506467	coarse_label	Blocklist (Experiment)	n/a	n/a	n/a	n/a	n/a	n/a	n/a	n/a	n/a	45012.933333
45124.500000	19.974000	22562250	nan_segment	n/a	n/a	n/a	n/a	n/a	n/a	n/a	n/a	n/a	n/a	n/a
45132.933333	0.066667	22566467	coarse_label	Blocklist (Data break)	n/a	n/a	n/a	n/a	n/a	n/a	n/a	n/a	n/a	45132.933333
45133.000000	119.666667	22566500	coarse_label	Blocklist (Experiment)	n/a	n/a	n/a	n/a	n/a	n/a	n/a	n/a	n/a	45133.000000
45252.666667	0.033333	22626333	coarse_label	Blocklist (Data break)	n/a	n/a	n/a	n/a	n/a	n/a	n/a	n/a	n/a	45252.666667
45252.700000	119.633333	22626350	coarse_label	Blocklist (Experiment)	n/a	n/a	n/a	n/a	n/a	n/a	n/a	n/a	n/a	45252.700000
45372.333333	0.066667	22686167	coarse_label	Blocklist (Data break)	n/a	n/a	n/a	n/a	n/a	n/a	n/a	n/a	n/a	45372.333333
45372.400000	120.533333	22686200	coarse_label	Blocklist (Experiment)	n/a	n/a	n/a	n/a	n/a	n/a	n/a	n/a	n/a	45372.400000
45477.024000	9.606000	22738512	nan_segment	n/a	n/a	n/a	n/a	n/a	n/a	n/a	n/a	n/a	n/a	n/a
45492.933333	0.033333	22746467	coarse_label	Blocklist (Data break)	n/a	n/a	n/a	n/a	n/a	n/a	n/a	n/a	n/a	45492.933333
45492.966667	120.200000	22746483	coarse_label	Blocklist (Experiment)	n/a	n/a	n/a	n/a	n/a	n/a	n/a	n/a	n/a	45492.966667
45613.166667	0.133333	22806583	coarse_label	Blocklist (Data break)	n/a	n/a	n/a	n/a	n/a	n/a	n/a	n/a	n/a	45613.166667
45613.300000	130.900000	22806650	coarse_label	Blocklist (Experiment)	n/a	n/a	n/a	n/a	n/a	n/a	n/a	n/a	n/a	45613.300000
45744.200000	0.033333	22872100	coarse_label	Blocklist (Data break)	n/a	n/a	n/a	n/a	n/a	n/a	n/a	n/a	n/a	45744.200000
45744.233333	110.300000	22872117	coarse_label	Blocklist (Experiment)	n/a	n/a	n/a	n/a	n/a	n/a	n/a	n/a	n/a	45744.233333
45854.533333	0.166667	22927267	coarse_label	Blocklist (Data break)	n/a	n/a	n/a	n/a	n/a	n/a	n/a	n/a	n/a	45854.533333
45854.700000	118.100000	22927350	coarse_label	Blocklist (Experiment)	n/a	n/a	n/a	n/a	n/a	n/a	n/a	n/a	n/a	45854.700000
45972.800000	0.133333	22986400	coarse_label	Blocklist (Data break)	n/a	n/a	n/a	n/a	n/a	n/a	n/a	n/a	n/a	45972.800000
45972.933333	119.866667	22986467	coarse_label	Blocklist (Experiment)	n/a	n/a	n/a	n/a	n/a	n/a	n/a	n/a	n/a	45972.933333
46092.800000	0.100000	23046400	coarse_label	Blocklist (Data break)	n/a	n/a	n/a	n/a	n/a	n/a	n/a	n/a	n/a	46092.800000
46092.900000	122.066667	23046450	coarse_label	Blocklist (Experiment)	n/a	n/a	n/a	n/a	n/a	n/a	n/a	n/a	n/a	46092.900000
46214.966667	0.066667	23107483	coarse_label	Blocklist (Data break)	n/a	n/a	n/a	n/a	n/a	n/a	n/a	n/a	n/a	46214.966667
46215.033333	120.066667	23107517	coarse_label	Blocklist (Experiment)	n/a	n/a	n/a	n/a	n/a	n/a	n/a	n/a	n/a	46215.033333
46335.100000	0.066667	23167550	coarse_label	Blocklist (Data break)	n/a	n/a	n/a	n/a	n/a	n/a	n/a	n/a	n/a	46335.100000
46335.166667	117.900000	23167583	coarse_label	Blocklist (Experiment)	n/a	n/a	n/a	n/a	n/a	n/a	n/a	n/a	n/a	46335.166667
46453.066667	0.100000	23226533	coarse_label	Blocklist (Data break)	n/a	n/a	n/a	n/a	n/a	n/a	n/a	n/a	n/a	46453.066667
46453.166667	119.133333	23226583	coarse_label	Blocklist (Experiment)	n/a	n/a	n/a	n/a	n/a	n/a	n/a	n/a	n/a	46453.166667
46572.300000	0.066667	23286150	coarse_label	Blocklist (Data break)	n/a	n/a	n/a	n/a	n/a	n/a	n/a	n/a	n/a	46572.300000
46572.366667	120.133333	23286183	coarse_label	Blocklist (Experiment)	n/a	n/a	n/a	n/a	n/a	n/a	n/a	n/a	n/a	46572.366667
46692.500000	0.033333	23346250	coarse_label	Blocklist (Data break)	n/a	n/a	n/a	n/a	n/a	n/a	n/a	n/a	n/a	46692.500000
46692.533333	121.000000	23346267	coarse_label	Blocklist (Experiment)	n/a	n/a	n/a	n/a	n/a	n/a	n/a	n/a	n/a	46692.533333
46813.533333	0.100000	23406767	coarse_label	Blocklist (Data break)	n/a	n/a	n/a	n/a	n/a	n/a	n/a	n/a	n/a	46813.533333
46813.633333	119.300000	23406817	coarse_label	Blocklist (Experiment)	n/a	n/a	n/a	n/a	n/a	n/a	n/a	n/a	n/a	46813.633333
46932.933333	0.066667	23466467	coarse_label	Blocklist (Data break)	n/a	n/a	n/a	n/a	n/a	n/a	n/a	n/a	n/a	46932.933333
46933.000000	128.400000	23466500	coarse_label	Blocklist (Experiment)	n/a	n/a	n/a	n/a	n/a	n/a	n/a	n/a	n/a	46933.000000
47061.400000	0.133333	23530700	coarse_label	Blocklist (Data break)	n/a	n/a	n/a	n/a	n/a	n/a	n/a	n/a	n/a	47061.400000
47061.533333	113.966667	23530767	coarse_label	Blocklist (Experiment)	n/a	n/a	n/a	n/a	n/a	n/a	n/a	n/a	n/a	47061.533333
47082.622000	15.104000	23541311	nan_segment	n/a	n/a	n/a	n/a	n/a	n/a	n/a	n/a	n/a	n/a	n/a
47132.608000	15.106000	23566304	nan_segment	n/a	n/a	n/a	n/a	n/a	n/a	n/a	n/a	n/a	n/a	n/a
47175.500000	0.233333	23587750	coarse_label	Blocklist (Data break)	n/a	n/a	n/a	n/a	n/a	n/a	n/a	n/a	n/a	47175.500000
47175.733333	118.600000	23587867	coarse_label	Blocklist (Experiment)	n/a	n/a	n/a	n/a	n/a	n/a	n/a	n/a	n/a	47175.733333
47294.333333	0.033333	23647167	coarse_label	Blocklist (Data break)	n/a	n/a	n/a	n/a	n/a	n/a	n/a	n/a	n/a	47294.333333
47294.366667	119.333333	23647183	coarse_label	Blocklist (Experiment)	n/a	n/a	n/a	n/a	n/a	n/a	n/a	n/a	n/a	47294.366667
47321.396000	15.104000	23660698	nan_segment	n/a	n/a	n/a	n/a	n/a	n/a	n/a	n/a	n/a	n/a	n/a
47374.564000	15.102000	23687282	nan_segment	n/a	n/a	n/a	n/a	n/a	n/a	n/a	n/a	n/a	n/a	n/a
47413.700000	0.066667	23706850	coarse_label	Blocklist (Data break)	n/a	n/a	n/a	n/a	n/a	n/a	n/a	n/a	n/a	47413.700000
47413.766667	119.466667	23706883	coarse_label	Blocklist (Experiment)	n/a	n/a	n/a	n/a	n/a	n/a	n/a	n/a	n/a	47413.766667
47533.233333	0.033333	23766617	coarse_label	Blocklist (Data break)	n/a	n/a	n/a	n/a	n/a	n/a	n/a	n/a	n/a	47533.233333
47533.266667	120.466667	23766633	coarse_label	Blocklist (Experiment)	n/a	n/a	n/a	n/a	n/a	n/a	n/a	n/a	n/a	47533.266667
47653.733333	0.066667	23826867	coarse_label	Blocklist (Data break)	n/a	n/a	n/a	n/a	n/a	n/a	n/a	n/a	n/a	47653.733333
47653.800000	118.333333	23826900	coarse_label	Blocklist (Experiment)	n/a	n/a	n/a	n/a	n/a	n/a	n/a	n/a	n/a	47653.800000
47772.133333	0.133333	23886067	coarse_label	Blocklist (Data break)	n/a	n/a	n/a	n/a	n/a	n/a	n/a	n/a	n/a	47772.133333
47772.266667	120.533333	23886133	coarse_label	Blocklist (Experiment)	n/a	n/a	n/a	n/a	n/a	n/a	n/a	n/a	n/a	47772.266667
47892.800000	0.233333	23946400	coarse_label	Blocklist (Data break)	n/a	n/a	n/a	n/a	n/a	n/a	n/a	n/a	n/a	47892.800000
47893.033333	119.966667	23946517	coarse_label	Blocklist (Experiment)	n/a	n/a	n/a	n/a	n/a	n/a	n/a	n/a	n/a	47893.033333
48013.000000	0.100000	24006500	coarse_label	Blocklist (Data break)	n/a	n/a	n/a	n/a	n/a	n/a	n/a	n/a	n/a	48013.000000
48013.100000	119.166667	24006550	coarse_label	Blocklist (Experiment)	n/a	n/a	n/a	n/a	n/a	n/a	n/a	n/a	n/a	48013.100000
48132.266667	0.133333	24066133	coarse_label	Blocklist (Data break)	n/a	n/a	n/a	n/a	n/a	n/a	n/a	n/a	n/a	48132.266667
48132.400000	120.566667	24066200	coarse_label	Talk, Computer/phone	n/a	n/a	n/a	n/a	n/a	n/a	n/a	n/a	n/a	48132.400000
48192.108000	1.466667	24096054	reach_onset	n/a	r_wrist	64.399782	-53.943953	52.260204	0.316708	0.544502	1.200000	1.000000	48192.108000	48192.109000
48216.142000	1.000000	24108071	reach_onset	n/a	r_wrist	27.706741	-76.372171	26.585616	0.242659	0.379462	0.866667	1.000000	48216.142000	48216.143000
48252.966667	0.066667	24126483	coarse_label	Blocklist (Data break)	n/a	n/a	n/a	n/a	n/a	n/a	n/a	n/a	n/a	48252.966667
48253.033333	121.166667	24126517	coarse_label	Talk, Computer/phone	n/a	n/a	n/a	n/a	n/a	n/a	n/a	n/a	n/a	48253.033333
48374.200000	0.133333	24187100	coarse_label	Blocklist (Data break)	n/a	n/a	n/a	n/a	n/a	n/a	n/a	n/a	n/a	48374.200000
48374.333333	118.766667	24187167	coarse_label	Talk, Computer/phone	n/a	n/a	n/a	n/a	n/a	n/a	n/a	n/a	n/a	48374.333333
48398.368000	0.733333	24199184	reach_onset	n/a	r_wrist	76.234759	-22.306525	89.934447	0.159895	0.248732	0.133333	1.000000	48398.368000	48398.369000
48493.100000	0.166667	24246550	coarse_label	Blocklist (Data break)	n/a	n/a	n/a	n/a	n/a	n/a	n/a	n/a	n/a	48493.100000
48493.266667	120.366667	24246633	coarse_label		n/a	n/a	n/a	n/a	n/a	n/a	n/a	n/a	n/a	48493.266667
48613.633333	0.166667	24306817	coarse_label	Blocklist (Data break)	n/a	n/a	n/a	n/a	n/a	n/a	n/a	n/a	n/a	48613.633333
48613.800000	119.733333	24306900	coarse_label		n/a	n/a	n/a	n/a	n/a	n/a	n/a	n/a	n/a	48613.800000
48733.533333	0.033333	24366767	coarse_label	Blocklist (Data break)	n/a	n/a	n/a	n/a	n/a	n/a	n/a	n/a	n/a	48733.533333
48733.566667	118.733333	24366783	coarse_label		n/a	n/a	n/a	n/a	n/a	n/a	n/a	n/a	n/a	48733.566667
48841.062000	1.900000	24420531	reach_onset	n/a	r_wrist	182.787755	86.456136	65.446288	0.084647	0.470083	1.633333	1.000000	48841.062000	48841.062000
48852.300000	0.233333	24426150	coarse_label	Blocklist (Data break)	n/a	n/a	n/a	n/a	n/a	n/a	n/a	n/a	n/a	48852.300000
48852.533333	122.600000	24426267	coarse_label	Blocklist (Camera move/zoom)	n/a	n/a	n/a	n/a	n/a	n/a	n/a	n/a	n/a	48852.533333
48975.133333	0.100000	24487567	coarse_label	Blocklist (Data break)	n/a	n/a	n/a	n/a	n/a	n/a	n/a	n/a	n/a	48975.133333
48975.233333	117.500000	24487617	coarse_label		n/a	n/a	n/a	n/a	n/a	n/a	n/a	n/a	n/a	48975.233333
49092.733333	0.200000	24546367	coarse_label	Blocklist (Data break)	n/a	n/a	n/a	n/a	n/a	n/a	n/a	n/a	n/a	49092.733333
49092.933333	122.866667	24546467	coarse_label		n/a	n/a	n/a	n/a	n/a	n/a	n/a	n/a	n/a	49092.933333
49215.800000	0.033333	24607900	coarse_label	Blocklist (Data break)	n/a	n/a	n/a	n/a	n/a	n/a	n/a	n/a	n/a	49215.800000
49215.833333	241.033333	24607917	coarse_label		n/a	n/a	n/a	n/a	n/a	n/a	n/a	n/a	n/a	49215.833333
49417.598000	1.000000	24708799	reach_onset	n/a	r_wrist	71.400975	102.513096	40.874055	0.159785	0.000000	0.900000	1.000000	49417.598000	49417.599000
49456.866667	0.066667	24728433	coarse_label	Blocklist (Data break)	n/a	n/a	n/a	n/a	n/a	n/a	n/a	n/a	n/a	49456.866667
49456.933333	115.633333	24728467	coarse_label		n/a	n/a	n/a	n/a	n/a	n/a	n/a	n/a	n/a	49456.933333
49489.322000	1.200000	24744661	reach_onset	n/a	r_wrist	89.211406	129.812584	66.972948	0.117165	0.668583	0.933333	1.000000	49489.322000	49489.323000
49559.190000	1.066667	24779595	reach_onset	n/a	r_wrist	135.868624	-106.335811	103.194313	0.117862	0.061145	0.433333	1.000000	49559.190000	49559.190000
49572.566667	0.266667	24786283	coarse_label	Blocklist (Data break)	n/a	n/a	n/a	n/a	n/a	n/a	n/a	n/a	n/a	49572.566667
49572.833333	119.566667	24786417	coarse_label	Blocklist (Private time)	n/a	n/a	n/a	n/a	n/a	n/a	n/a	n/a	n/a	49572.833333
49692.400000	0.133333	24846200	coarse_label	Blocklist (Data break)	n/a	n/a	n/a	n/a	n/a	n/a	n/a	n/a	n/a	49692.400000
49692.533333	120.233333	24846267	coarse_label	Blocklist (Private time)	n/a	n/a	n/a	n/a	n/a	n/a	n/a	n/a	n/a	49692.533333
49812.766667	0.133333	24906383	coarse_label	Blocklist (Data break)	n/a	n/a	n/a	n/a	n/a	n/a	n/a	n/a	n/a	49812.766667
49812.900000	119.700000	24906450	coarse_label	Talk, Computer/phone	n/a	n/a	n/a	n/a	n/a	n/a	n/a	n/a	n/a	49812.900000
49932.600000	0.166667	24966300	coarse_label	Blocklist (Data break)	n/a	n/a	n/a	n/a	n/a	n/a	n/a	n/a	n/a	49932.600000
49932.766667	121.400000	24966383	coarse_label		n/a	n/a	n/a	n/a	n/a	n/a	n/a	n/a	n/a	49932.766667
50054.166667	0.100000	25027083	coarse_label	Blocklist (Data break)	n/a	n/a	n/a	n/a	n/a	n/a	n/a	n/a	n/a	50054.166667
50054.266667	118.600000	25027133	coarse_label		n/a	n/a	n/a	n/a	n/a	n/a	n/a	n/a	n/a	50054.266667
50166.314000	0.600000	25083157	reach_onset	n/a	r_wrist	19.188930	37.122811	29.208474	0.156418	0.435301	0.600000	1.000000	50166.314000	50166.315000
50172.866667	0.066667	25086433	coarse_label	Blocklist (Data break)	n/a	n/a	n/a	n/a	n/a	n/a	n/a	n/a	n/a	50172.866667
50172.933333	119.266667	25086467	coarse_label		n/a	n/a	n/a	n/a	n/a	n/a	n/a	n/a	n/a	50172.933333
50292.200000	0.100000	25146100	coarse_label	Blocklist (Data break)	n/a	n/a	n/a	n/a	n/a	n/a	n/a	n/a	n/a	50292.200000
50292.300000	120.233333	25146150	coarse_label		n/a	n/a	n/a	n/a	n/a	n/a	n/a	n/a	n/a	50292.300000
50352.740000	0.766667	25176370	reach_onset	n/a	r_wrist	122.565850	-115.379975	188.363285	0.105684	0.030688	0.100000	0.000000	50352.740000	50352.740000
50412.533333	0.066667	25206267	coarse_label	Blocklist (Data break)	n/a	n/a	n/a	n/a	n/a	n/a	n/a	n/a	n/a	50412.533333
50412.600000	120.600000	25206300	coarse_label		n/a	n/a	n/a	n/a	n/a	n/a	n/a	n/a	n/a	50412.600000
50533.200000	0.100000	25266600	coarse_label	Blocklist (Data break)	n/a	n/a	n/a	n/a	n/a	n/a	n/a	n/a	n/a	50533.200000
50533.300000	119.233333	25266650	coarse_label		n/a	n/a	n/a	n/a	n/a	n/a	n/a	n/a	n/a	50533.300000
50603.646000	1.700000	25301823	reach_onset	n/a	r_wrist	82.053525	-159.353397	34.270233	0.137113	0.014175	0.000000	0.000000	50603.646000	50603.647000
50618.346000	1.566667	25309173	reach_onset	n/a	r_wrist	54.317687	-129.598547	46.906615	0.132196	0.034952	0.000000	1.000000	50618.346000	50618.347000
50638.880000	1.033333	25319440	reach_onset	n/a	r_wrist	43.296222	22.385203	44.519989	0.119289	0.007086	0.000000	0.000000	50638.880000	50638.880000
50652.533333	0.233333	25326267	coarse_label	Blocklist (Data break)	n/a	n/a	n/a	n/a	n/a	n/a	n/a	n/a	n/a	50652.533333
50652.766667	119.766667	25326383	coarse_label		n/a	n/a	n/a	n/a	n/a	n/a	n/a	n/a	n/a	50652.766667
50772.533333	0.033333	25386267	coarse_label	Blocklist (Data break)	n/a	n/a	n/a	n/a	n/a	n/a	n/a	n/a	n/a	50772.533333
50772.566667	119.733333	25386283	coarse_label		n/a	n/a	n/a	n/a	n/a	n/a	n/a	n/a	n/a	50772.566667
50892.300000	0.200000	25446150	coarse_label	Blocklist (Data break)	n/a	n/a	n/a	n/a	n/a	n/a	n/a	n/a	n/a	50892.300000
50892.500000	119.700000	25446250	coarse_label		n/a	n/a	n/a	n/a	n/a	n/a	n/a	n/a	n/a	50892.500000
51012.200000	0.133333	25506100	coarse_label	Blocklist (Data break)	n/a	n/a	n/a	n/a	n/a	n/a	n/a	n/a	n/a	51012.200000
51012.333333	120.266667	25506167	coarse_label		n/a	n/a	n/a	n/a	n/a	n/a	n/a	n/a	n/a	51012.333333
51081.042000	0.766667	25540521	reach_onset	n/a	r_wrist	29.198843	58.205531	58.805687	0.282084	0.776041	0.133333	1.000000	51081.042000	51081.042000
51132.600000	0.100000	25566300	coarse_label	Blocklist (Data break)	n/a	n/a	n/a	n/a	n/a	n/a	n/a	n/a	n/a	51132.600000
51132.700000	119.866667	25566350	coarse_label	Talk	n/a	n/a	n/a	n/a	n/a	n/a	n/a	n/a	n/a	51132.700000
51248.662000	1.333333	25624331	reach_onset	n/a	r_wrist	105.733649	-79.246849	203.013773	0.263461	0.005142	0.000000	0.000000	51248.662000	51248.663000
51252.566667	0.300000	25626283	coarse_label	Blocklist (Data break)	n/a	n/a	n/a	n/a	n/a	n/a	n/a	n/a	n/a	51252.566667
51252.866667	122.100000	25626433	coarse_label		n/a	n/a	n/a	n/a	n/a	n/a	n/a	n/a	n/a	51252.866667
51374.966667	0.100000	25687483	coarse_label	Blocklist (Data break)	n/a	n/a	n/a	n/a	n/a	n/a	n/a	n/a	n/a	51374.966667
51375.066667	117.900000	25687533	coarse_label		n/a	n/a	n/a	n/a	n/a	n/a	n/a	n/a	n/a	51375.066667
51406.796000	1.100000	25703398	reach_onset	n/a	r_wrist	83.524774	122.225869	52.197001	0.126044	0.771398	1.100000	1.000000	51406.796000	51406.796000
51440.128000	1.633333	25720064	reach_onset	n/a	r_wrist	129.542780	84.692834	90.255574	0.128319	0.003168	0.000000	0.000000	51440.128000	51440.129000
51492.966667	0.100000	25746483	coarse_label	Blocklist (Data break)	n/a	n/a	n/a	n/a	n/a	n/a	n/a	n/a	n/a	51492.966667
51493.066667	119.033333	25746533	coarse_label		n/a	n/a	n/a	n/a	n/a	n/a	n/a	n/a	n/a	51493.066667
51612.100000	0.066667	25806050	coarse_label	Blocklist (Data break)	n/a	n/a	n/a	n/a	n/a	n/a	n/a	n/a	n/a	51612.100000
51612.166667	120.566667	25806083	coarse_label		n/a	n/a	n/a	n/a	n/a	n/a	n/a	n/a	n/a	51612.166667
51617.826000	1.033333	25808913	reach_onset	n/a	r_wrist	28.008894	-91.597957	37.720780	0.145999	0.021013	0.000000	0.000000	51617.826000	51617.826000
51634.126000	1.600000	25817063	reach_onset	n/a	r_wrist	72.277149	86.503132	90.281140	0.144721	0.003769	0.000000	0.000000	51634.126000	51634.126000
51732.733333	0.133333	25866367	coarse_label	Blocklist (Data break)	n/a	n/a	n/a	n/a	n/a	n/a	n/a	n/a	n/a	51732.733333
51732.866667	120.000000	25866433	coarse_label		n/a	n/a	n/a	n/a	n/a	n/a	n/a	n/a	n/a	51732.866667
51845.646000	1.333333	25922823	reach_onset	n/a	r_wrist	110.567149	64.836738	43.191684	0.279824	0.179328	1.200000	1.000000	51845.646000	51845.646000
51852.866667	0.033333	25926433	coarse_label	Blocklist (Data break)	n/a	n/a	n/a	n/a	n/a	n/a	n/a	n/a	n/a	51852.866667
51852.900000	120.333333	25926450	coarse_label		n/a	n/a	n/a	n/a	n/a	n/a	n/a	n/a	n/a	51852.900000
51973.233333	0.066667	25986617	coarse_label	Blocklist (Data break)	n/a	n/a	n/a	n/a	n/a	n/a	n/a	n/a	n/a	51973.233333
51973.300000	121.433333	25986650	coarse_label	Talk, Computer/phone	n/a	n/a	n/a	n/a	n/a	n/a	n/a	n/a	n/a	51973.300000
52094.733333	0.166667	26047367	coarse_label	Blocklist (Data break)	n/a	n/a	n/a	n/a	n/a	n/a	n/a	n/a	n/a	52094.733333
52094.900000	117.666667	26047450	coarse_label		n/a	n/a	n/a	n/a	n/a	n/a	n/a	n/a	n/a	52094.900000
52163.774000	1.000000	26081887	reach_onset	n/a	r_wrist	22.236106	36.115323	26.680789	0.184379	0.327628	1.000000	1.000000	52163.774000	52163.774000
52180.506000	2.433333	26090253	reach_onset	n/a	r_wrist	88.707013	-126.579666	160.897010	0.185051	0.899980	2.433333	1.000000	52180.506000	52180.507000
52212.566667	0.100000	26106283	coarse_label	Blocklist (Data break)	n/a	n/a	n/a	n/a	n/a	n/a	n/a	n/a	n/a	52212.566667
52212.666667	119.300000	26106333	coarse_label		n/a	n/a	n/a	n/a	n/a	n/a	n/a	n/a	n/a	52212.666667
52331.966667	0.133333	26165983	coarse_label	Blocklist (Data break)	n/a	n/a	n/a	n/a	n/a	n/a	n/a	n/a	n/a	52331.966667
52332.100000	120.166667	26166050	coarse_label		n/a	n/a	n/a	n/a	n/a	n/a	n/a	n/a	n/a	52332.100000
52347.796000	0.800000	26173898	reach_onset	n/a	r_wrist	162.796834	-148.394605	26.333896	0.297290	0.038601	0.733333	1.000000	52347.796000	52347.796000
52452.266667	0.100000	26226133	coarse_label	Blocklist (Data break)	n/a	n/a	n/a	n/a	n/a	n/a	n/a	n/a	n/a	52452.266667
52452.366667	119.933333	26226183	coarse_label		n/a	n/a	n/a	n/a	n/a	n/a	n/a	n/a	n/a	52452.366667
52572.300000	0.133333	26286150	coarse_label	Blocklist (Data break)	n/a	n/a	n/a	n/a	n/a	n/a	n/a	n/a	n/a	52572.300000
52572.433333	120.333333	26286217	coarse_label		n/a	n/a	n/a	n/a	n/a	n/a	n/a	n/a	n/a	52572.433333
52692.766667	0.033333	26346383	coarse_label	Blocklist (Data break)	n/a	n/a	n/a	n/a	n/a	n/a	n/a	n/a	n/a	52692.766667
52692.800000	120.100000	26346400	coarse_label	Talk	n/a	n/a	n/a	n/a	n/a	n/a	n/a	n/a	n/a	52692.800000
52733.356000	1.433333	26366678	reach_onset	n/a	r_wrist	106.464008	108.927841	30.764758	0.394293	0.040509	0.300000	1.000000	52733.356000	52733.356000
52812.900000	0.300000	26406450	coarse_label	Blocklist (Data break)	n/a	n/a	n/a	n/a	n/a	n/a	n/a	n/a	n/a	52812.900000
52813.200000	119.233333	26406600	coarse_label		n/a	n/a	n/a	n/a	n/a	n/a	n/a	n/a	n/a	52813.200000
52932.433333	0.066667	26466217	coarse_label	Blocklist (Data break)	n/a	n/a	n/a	n/a	n/a	n/a	n/a	n/a	n/a	52932.433333
52932.500000	119.466667	26466250	coarse_label		n/a	n/a	n/a	n/a	n/a	n/a	n/a	n/a	n/a	52932.500000
53051.966667	0.200000	26525983	coarse_label	Blocklist (Data break)	n/a	n/a	n/a	n/a	n/a	n/a	n/a	n/a	n/a	53051.966667
53052.166667	120.666667	26526083	coarse_label		n/a	n/a	n/a	n/a	n/a	n/a	n/a	n/a	n/a	53052.166667
53069.400000	2.233333	26534700	reach_onset	n/a	r_wrist	93.104807	-91.331842	62.557182	0.311781	0.448239	2.066667	1.000000	53069.400000	53069.400000
53172.833333	0.166667	26586417	coarse_label	Blocklist (Data break)	n/a	n/a	n/a	n/a	n/a	n/a	n/a	n/a	n/a	53172.833333
53173.000000	119.733333	26586500	coarse_label		n/a	n/a	n/a	n/a	n/a	n/a	n/a	n/a	n/a	53173.000000
53235.642000	1.833333	26617821	reach_onset	n/a	r_wrist	157.899159	-104.175429	35.776825	0.464004	0.840191	1.200000	1.000000	53235.642000	53235.643000
53291.208000	0.933333	26645604	reach_onset	n/a	r_wrist	110.183837	-127.704999	28.242759	0.524218	0.001854	0.000000	0.000000	53291.208000	53291.209000
53292.733333	0.100000	26646367	coarse_label	Blocklist (Data break)	n/a	n/a	n/a	n/a	n/a	n/a	n/a	n/a	n/a	53292.733333
53292.833333	119.933333	26646417	coarse_label		n/a	n/a	n/a	n/a	n/a	n/a	n/a	n/a	n/a	53292.833333
53318.574000	0.866667	26659287	reach_onset	n/a	r_wrist	70.084747	42.739273	27.088342	0.535149	0.004047	0.000000	0.000000	53318.574000	53318.574000
53408.240000	0.566667	26704120	reach_onset	n/a	r_wrist	43.435620	-113.497103	102.280286	0.487440	0.029719	0.000000	0.000000	53408.240000	53408.240000
53412.766667	0.233333	26706383	coarse_label	Blocklist (Data break)	n/a	n/a	n/a	n/a	n/a	n/a	n/a	n/a	n/a	53412.766667
53413.000000	119.233333	26706500	coarse_label		n/a	n/a	n/a	n/a	n/a	n/a	n/a	n/a	n/a	53413.000000
53435.492000	0.833333	26717746	reach_onset	n/a	r_wrist	38.080811	-123.720349	60.876263	0.486488	0.008694	0.000000	0.000000	53435.492000	53435.493000
53452.760000	1.166667	26726380	reach_onset	n/a	r_wrist	114.739438	-75.197287	117.133546	0.504562	0.163648	1.100000	1.000000	53452.760000	53452.759000
53532.233333	0.133333	26766117	coarse_label	Blocklist (Data break)	n/a	n/a	n/a	n/a	n/a	n/a	n/a	n/a	n/a	53532.233333
53532.366667	119.666667	26766183	coarse_label		n/a	n/a	n/a	n/a	n/a	n/a	n/a	n/a	n/a	53532.366667
53588.512000	1.266667	26794256	reach_onset	n/a	r_wrist	49.649148	125.122541	31.672562	0.467065	0.136616	0.000000	0.000000	53588.512000	53588.512000
53605.612000	1.266667	26802806	reach_onset	n/a	r_wrist	179.485574	-77.786712	139.898516	0.450964	0.017590	0.200000	1.000000	53605.612000	53605.612000
53652.033333	0.166667	26826017	coarse_label	Blocklist (Data break)	n/a	n/a	n/a	n/a	n/a	n/a	n/a	n/a	n/a	53652.033333
53652.200000	119.966667	26826100	coarse_label		n/a	n/a	n/a	n/a	n/a	n/a	n/a	n/a	n/a	53652.200000
53772.166667	0.133333	26886083	coarse_label	Blocklist (Data break)	n/a	n/a	n/a	n/a	n/a	n/a	n/a	n/a	n/a	53772.166667
53772.300000	121.266667	26886150	coarse_label		n/a	n/a	n/a	n/a	n/a	n/a	n/a	n/a	n/a	53772.300000
53806.202000	1.500000	26903101	reach_onset	n/a	r_wrist	177.151548	7.803808	91.074770	0.479001	0.345349	1.500000	1.000000	53806.202000	53806.201000
53893.566667	0.166667	26946783	coarse_label	Blocklist (Data break)	n/a	n/a	n/a	n/a	n/a	n/a	n/a	n/a	n/a	53893.566667
53893.733333	118.900000	26946867	coarse_label		n/a	n/a	n/a	n/a	n/a	n/a	n/a	n/a	n/a	53893.733333
53932.022000	0.533333	26966011	reach_onset	n/a	r_wrist	19.064931	134.547946	49.104535	0.617276	0.897299	0.533333	1.000000	53932.022000	53932.022000
53988.854000	1.366667	26994427	reach_onset	n/a	r_wrist	150.885484	146.782745	75.621198	0.647299	0.018839	0.366667	1.000000	53988.854000	53988.855000
54012.633333	0.233333	27006317	coarse_label	Blocklist (Data break)	n/a	n/a	n/a	n/a	n/a	n/a	n/a	n/a	n/a	54012.633333
54012.866667	119.233333	27006433	coarse_label		n/a	n/a	n/a	n/a	n/a	n/a	n/a	n/a	n/a	54012.866667
54132.100000	0.033333	27066050	coarse_label	Blocklist (Data break)	n/a	n/a	n/a	n/a	n/a	n/a	n/a	n/a	n/a	54132.100000
54132.133333	120.133333	27066067	coarse_label		n/a	n/a	n/a	n/a	n/a	n/a	n/a	n/a	n/a	54132.133333
54231.626000	0.733333	27115813	reach_onset	n/a	r_wrist	54.917209	-69.358615	95.591994	0.617586	0.392072	0.366667	1.000000	54231.626000	54231.627000
54252.266667	0.066667	27126133	coarse_label	Blocklist (Data break)	n/a	n/a	n/a	n/a	n/a	n/a	n/a	n/a	n/a	54252.266667
54252.333333	120.233333	27126167	coarse_label		n/a	n/a	n/a	n/a	n/a	n/a	n/a	n/a	n/a	54252.333333
54372.566667	0.100000	27186283	coarse_label	Blocklist (Data break)	n/a	n/a	n/a	n/a	n/a	n/a	n/a	n/a	n/a	54372.566667
54372.666667	120.000000	27186333	coarse_label		n/a	n/a	n/a	n/a	n/a	n/a	n/a	n/a	n/a	54372.666667
54468.282000	0.833333	27234141	reach_onset	n/a	r_wrist	71.998597	-99.857570	56.637462	0.471985	0.000000	0.833333	1.000000	54468.282000	54468.283000
54492.666667	0.066667	27246333	coarse_label	Blocklist (Data break)	n/a	n/a	n/a	n/a	n/a	n/a	n/a	n/a	n/a	54492.666667
54492.733333	120.066667	27246367	coarse_label		n/a	n/a	n/a	n/a	n/a	n/a	n/a	n/a	n/a	54492.733333
54574.704000	3.166667	27287352	reach_onset	n/a	r_wrist	222.572537	-123.912785	167.317899	0.350032	0.178705	2.300000	1.000000	54574.704000	54574.704000
54612.800000	0.033333	27306400	coarse_label	Blocklist (Data break)	n/a	n/a	n/a	n/a	n/a	n/a	n/a	n/a	n/a	54612.800000
54612.833333	119.300000	27306417	coarse_label		n/a	n/a	n/a	n/a	n/a	n/a	n/a	n/a	n/a	54612.833333
54660.890000	1.500000	27330445	reach_onset	n/a	r_wrist	28.549696	-145.264797	27.058013	0.360662	0.012278	0.000000	0.000000	54660.890000	54660.891000
54732.133333	0.200000	27366067	coarse_label	Blocklist (Data break)	n/a	n/a	n/a	n/a	n/a	n/a	n/a	n/a	n/a	54732.133333
54732.333333	122.400000	27366167	coarse_label		n/a	n/a	n/a	n/a	n/a	n/a	n/a	n/a	n/a	54732.333333
54854.733333	0.233333	27427367	coarse_label	Blocklist (Data break)	n/a	n/a	n/a	n/a	n/a	n/a	n/a	n/a	n/a	54854.733333
54854.966667	127.800000	27427483	coarse_label		n/a	n/a	n/a	n/a	n/a	n/a	n/a	n/a	n/a	54854.966667
54872.232000	2.133333	27436116	reach_onset	n/a	r_wrist	113.109447	100.077466	49.932126	0.372520	0.432035	1.666667	1.000000	54872.232000	54872.233000
54884.500000	1.133333	27442250	reach_onset	n/a	r_wrist	41.269114	31.835655	66.779006	0.368606	0.172003	0.366667	1.000000	54884.500000	54884.500000
54934.866000	1.233333	27467433	reach_onset	n/a	r_wrist	111.905492	-82.016340	59.813523	0.372824	0.576725	1.233333	1.000000	54934.866000	54934.866000
54982.766667	0.133333	27491383	coarse_label	Blocklist (Data break)	n/a	n/a	n/a	n/a	n/a	n/a	n/a	n/a	n/a	54982.766667
54982.900000	112.000000	27491450	coarse_label	Talk	n/a	n/a	n/a	n/a	n/a	n/a	n/a	n/a	n/a	54982.900000
55062.044000	0.666667	27531022	reach_onset	n/a	r_wrist	33.563055	-138.380959	44.665111	0.354261	0.586106	0.600000	1.000000	55062.044000	55062.044000
55094.900000	0.133333	27547450	coarse_label	Blocklist (Data break)	n/a	n/a	n/a	n/a	n/a	n/a	n/a	n/a	n/a	55094.900000
55095.033333	117.166667	27547517	coarse_label	Sleep/rest	n/a	n/a	n/a	n/a	n/a	n/a	n/a	n/a	n/a	55095.033333
55212.200000	0.066667	27606100	coarse_label	Blocklist (Data break)	n/a	n/a	n/a	n/a	n/a	n/a	n/a	n/a	n/a	55212.200000
55212.266667	120.700000	27606133	coarse_label	Sleep/rest	n/a	n/a	n/a	n/a	n/a	n/a	n/a	n/a	n/a	55212.266667
55273.758000	6.092000	27636879	nan_segment	n/a	n/a	n/a	n/a	n/a	n/a	n/a	n/a	n/a	n/a	n/a
55332.966667	0.100000	27666483	coarse_label	Blocklist (Data break)	n/a	n/a	n/a	n/a	n/a	n/a	n/a	n/a	n/a	55332.966667
55333.066667	119.200000	27666533	coarse_label	Sleep/rest	n/a	n/a	n/a	n/a	n/a	n/a	n/a	n/a	n/a	55333.066667
55452.266667	0.066667	27726133	coarse_label	Blocklist (Data break)	n/a	n/a	n/a	n/a	n/a	n/a	n/a	n/a	n/a	55452.266667
55452.333333	120.500000	27726167	coarse_label	Sleep/rest	n/a	n/a	n/a	n/a	n/a	n/a	n/a	n/a	n/a	55452.333333
55572.833333	0.100000	27786417	coarse_label	Blocklist (Data break)	n/a	n/a	n/a	n/a	n/a	n/a	n/a	n/a	n/a	55572.833333
55572.933333	119.766667	27786467	coarse_label	Sleep/rest	n/a	n/a	n/a	n/a	n/a	n/a	n/a	n/a	n/a	55572.933333
55692.700000	0.133333	27846350	coarse_label	Blocklist (Data break)	n/a	n/a	n/a	n/a	n/a	n/a	n/a	n/a	n/a	55692.700000
55692.833333	119.866667	27846417	coarse_label	Sleep/rest	n/a	n/a	n/a	n/a	n/a	n/a	n/a	n/a	n/a	55692.833333
55812.700000	0.033333	27906350	coarse_label	Blocklist (Data break)	n/a	n/a	n/a	n/a	n/a	n/a	n/a	n/a	n/a	55812.700000
55812.733333	121.133333	27906367	coarse_label	Sleep/rest	n/a	n/a	n/a	n/a	n/a	n/a	n/a	n/a	n/a	55812.733333
55933.866667	0.066667	27966933	coarse_label	Blocklist (Data break)	n/a	n/a	n/a	n/a	n/a	n/a	n/a	n/a	n/a	55933.866667
55933.933333	121.000000	27966967	coarse_label	Sleep/rest	n/a	n/a	n/a	n/a	n/a	n/a	n/a	n/a	n/a	55933.933333
56054.933333	0.066667	28027467	coarse_label	Blocklist (Data break)	n/a	n/a	n/a	n/a	n/a	n/a	n/a	n/a	n/a	56054.933333
56055.000000	117.833333	28027500	coarse_label	Sleep/rest	n/a	n/a	n/a	n/a	n/a	n/a	n/a	n/a	n/a	56055.000000
56172.833333	0.033333	28086417	coarse_label	Blocklist (Data break)	n/a	n/a	n/a	n/a	n/a	n/a	n/a	n/a	n/a	56172.833333
56172.866667	119.966667	28086433	coarse_label	Sleep/rest	n/a	n/a	n/a	n/a	n/a	n/a	n/a	n/a	n/a	56172.866667
56292.833333	0.100000	28146417	coarse_label	Blocklist (Data break)	n/a	n/a	n/a	n/a	n/a	n/a	n/a	n/a	n/a	56292.833333
56292.933333	119.466667	28146467	coarse_label	Sleep/rest	n/a	n/a	n/a	n/a	n/a	n/a	n/a	n/a	n/a	56292.933333
56412.400000	0.100000	28206200	coarse_label	Blocklist (Data break)	n/a	n/a	n/a	n/a	n/a	n/a	n/a	n/a	n/a	56412.400000
56412.500000	120.266667	28206250	coarse_label	Sleep/rest	n/a	n/a	n/a	n/a	n/a	n/a	n/a	n/a	n/a	56412.500000
56532.766667	0.200000	28266383	coarse_label	Blocklist (Data break)	n/a	n/a	n/a	n/a	n/a	n/a	n/a	n/a	n/a	56532.766667
56532.966667	119.633333	28266483	coarse_label	Blocklist (Private time)	n/a	n/a	n/a	n/a	n/a	n/a	n/a	n/a	n/a	56532.966667
56652.600000	0.133333	28326300	coarse_label	Blocklist (Data break)	n/a	n/a	n/a	n/a	n/a	n/a	n/a	n/a	n/a	56652.600000
56652.733333	120.033333	28326367	coarse_label	Blocklist (Private time)	n/a	n/a	n/a	n/a	n/a	n/a	n/a	n/a	n/a	56652.733333
56772.766667	0.166667	28386383	coarse_label	Blocklist (Data break)	n/a	n/a	n/a	n/a	n/a	n/a	n/a	n/a	n/a	56772.766667
56772.933333	119.666667	28386467	coarse_label	Blocklist (Private time)	n/a	n/a	n/a	n/a	n/a	n/a	n/a	n/a	n/a	56772.933333
56884.714000	4.000000	28442357	nan_segment	n/a	n/a	n/a	n/a	n/a	n/a	n/a	n/a	n/a	n/a	n/a
56892.600000	0.166667	28446300	coarse_label	Blocklist (Data break)	n/a	n/a	n/a	n/a	n/a	n/a	n/a	n/a	n/a	56892.600000
56892.766667	119.566667	28446383	coarse_label	Other activity	n/a	n/a	n/a	n/a	n/a	n/a	n/a	n/a	n/a	56892.766667
56931.938000	1.833333	28465969	reach_onset	n/a	r_wrist	158.217657	121.019162	80.091680	0.209557	0.026099	0.533333	1.000000	56931.938000	56931.939000
57012.333333	0.100000	28506167	coarse_label	Blocklist (Data break)	n/a	n/a	n/a	n/a	n/a	n/a	n/a	n/a	n/a	57012.333333
57012.433333	119.733333	28506217	coarse_label	Other activity	n/a	n/a	n/a	n/a	n/a	n/a	n/a	n/a	n/a	57012.433333
57132.166667	0.166667	28566083	coarse_label	Blocklist (Data break)	n/a	n/a	n/a	n/a	n/a	n/a	n/a	n/a	n/a	57132.166667
57132.333333	120.166667	28566167	coarse_label	Other activity	n/a	n/a	n/a	n/a	n/a	n/a	n/a	n/a	n/a	57132.333333
57235.444000	1.266667	28617722	reach_onset	n/a	r_wrist	142.965738	123.009393	207.694694	0.349187	0.038659	0.000000	0.000000	57235.444000	57235.444000
57252.500000	0.233333	28626250	coarse_label	Blocklist (Data break)	n/a	n/a	n/a	n/a	n/a	n/a	n/a	n/a	n/a	57252.500000
57252.733333	119.166667	28626367	coarse_label	Sleep/rest	n/a	n/a	n/a	n/a	n/a	n/a	n/a	n/a	n/a	57252.733333
57371.900000	0.100000	28685950	coarse_label	Blocklist (Data break)	n/a	n/a	n/a	n/a	n/a	n/a	n/a	n/a	n/a	57371.900000
57372.000000	120.266667	28686000	coarse_label	Sleep/rest	n/a	n/a	n/a	n/a	n/a	n/a	n/a	n/a	n/a	57372.000000
57492.266667	0.233333	28746133	coarse_label	Blocklist (Data break)	n/a	n/a	n/a	n/a	n/a	n/a	n/a	n/a	n/a	57492.266667
57492.500000	119.966667	28746250	coarse_label	Sleep/rest	n/a	n/a	n/a	n/a	n/a	n/a	n/a	n/a	n/a	57492.500000
57612.466667	0.233333	28806233	coarse_label	Blocklist (Data break)	n/a	n/a	n/a	n/a	n/a	n/a	n/a	n/a	n/a	57612.466667
57612.700000	119.166667	28806350	coarse_label	Blocklist (Camera move/zoom)	n/a	n/a	n/a	n/a	n/a	n/a	n/a	n/a	n/a	57612.700000
57731.866667	0.133333	28865933	coarse_label	Blocklist (Data break)	n/a	n/a	n/a	n/a	n/a	n/a	n/a	n/a	n/a	57731.866667
57732.000000	120.533333	28866000	coarse_label	Computer/phone	n/a	n/a	n/a	n/a	n/a	n/a	n/a	n/a	n/a	57732.000000
57852.533333	0.133333	28926267	coarse_label	Blocklist (Data break)	n/a	n/a	n/a	n/a	n/a	n/a	n/a	n/a	n/a	57852.533333
57852.666667	119.200000	28926333	coarse_label		n/a	n/a	n/a	n/a	n/a	n/a	n/a	n/a	n/a	57852.666667
57873.316000	0.900000	28936658	reach_onset	n/a	r_wrist	61.929924	26.544245	140.505508	0.205463	0.044862	0.100000	1.000000	57873.316000	57873.316000
57971.866667	0.166667	28985933	coarse_label	Blocklist (Data break)	n/a	n/a	n/a	n/a	n/a	n/a	n/a	n/a	n/a	57971.866667
57972.033333	120.800000	28986017	coarse_label		n/a	n/a	n/a	n/a	n/a	n/a	n/a	n/a	n/a	57972.033333
58092.833333	0.166667	29046417	coarse_label	Blocklist (Data break)	n/a	n/a	n/a	n/a	n/a	n/a	n/a	n/a	n/a	58092.833333
58093.000000	119.300000	29046500	coarse_label		n/a	n/a	n/a	n/a	n/a	n/a	n/a	n/a	n/a	58093.000000
58212.300000	0.200000	29106150	coarse_label	Blocklist (Data break)	n/a	n/a	n/a	n/a	n/a	n/a	n/a	n/a	n/a	58212.300000
58212.500000	121.266667	29106250	coarse_label	Talk, Computer/phone	n/a	n/a	n/a	n/a	n/a	n/a	n/a	n/a	n/a	58212.500000
58333.766667	0.166667	29166883	coarse_label	Blocklist (Data break)	n/a	n/a	n/a	n/a	n/a	n/a	n/a	n/a	n/a	58333.766667
58333.933333	118.933333	29166967	coarse_label		n/a	n/a	n/a	n/a	n/a	n/a	n/a	n/a	n/a	58333.933333
58424.748000	1.600000	29212374	reach_onset	n/a	r_wrist	136.286056	103.890377	72.964696	0.264642	0.014020	0.733333	1.000000	58424.748000	58424.748000
58452.866667	0.200000	29226433	coarse_label	Blocklist (Data break)	n/a	n/a	n/a	n/a	n/a	n/a	n/a	n/a	n/a	58452.866667
58453.066667	119.700000	29226533	coarse_label		n/a	n/a	n/a	n/a	n/a	n/a	n/a	n/a	n/a	58453.066667
58572.766667	0.133333	29286383	coarse_label	Blocklist (Data break)	n/a	n/a	n/a	n/a	n/a	n/a	n/a	n/a	n/a	58572.766667
58572.900000	120.966667	29286450	coarse_label		n/a	n/a	n/a	n/a	n/a	n/a	n/a	n/a	n/a	58572.900000
58693.866667	0.200000	29346933	coarse_label	Blocklist (Data break)	n/a	n/a	n/a	n/a	n/a	n/a	n/a	n/a	n/a	58693.866667
58694.066667	117.800000	29347033	coarse_label		n/a	n/a	n/a	n/a	n/a	n/a	n/a	n/a	n/a	58694.066667
58801.116000	1.166667	29400558	reach_onset	n/a	r_wrist	65.960554	114.080311	27.491455	0.236361	0.019880	0.000000	0.000000	58801.116000	58801.116000
58811.866667	0.233333	29405933	coarse_label	Blocklist (Data break)	n/a	n/a	n/a	n/a	n/a	n/a	n/a	n/a	n/a	58811.866667
58812.100000	119.933333	29406050	coarse_label		n/a	n/a	n/a	n/a	n/a	n/a	n/a	n/a	n/a	58812.100000
58843.190000	2.433333	29421595	reach_onset	n/a	r_wrist	110.111669	-56.825387	74.425578	0.262594	0.791643	1.633333	1.000000	58843.190000	58843.191000
58888.924000	1.300000	29444462	reach_onset	n/a	r_wrist	52.587196	69.074391	26.568364	0.310321	0.198994	0.566667	1.000000	58888.924000	58888.924000
58932.033333	0.300000	29466017	coarse_label	Blocklist (Data break)	n/a	n/a	n/a	n/a	n/a	n/a	n/a	n/a	n/a	58932.033333
58932.333333	121.233333	29466167	coarse_label		n/a	n/a	n/a	n/a	n/a	n/a	n/a	n/a	n/a	58932.333333
59053.566667	0.133333	29526783	coarse_label	Blocklist (Data break)	n/a	n/a	n/a	n/a	n/a	n/a	n/a	n/a	n/a	59053.566667
59053.700000	119.333333	29526850	coarse_label		n/a	n/a	n/a	n/a	n/a	n/a	n/a	n/a	n/a	59053.700000
59089.796000	0.766667	29544898	reach_onset	n/a	r_wrist	55.301311	94.106693	51.481269	0.241464	0.752574	0.000000	1.000000	59089.796000	59089.796000
59173.033333	0.166667	29586517	coarse_label	Blocklist (Data break)	n/a	n/a	n/a	n/a	n/a	n/a	n/a	n/a	n/a	59173.033333
59173.200000	120.366667	29586600	coarse_label		n/a	n/a	n/a	n/a	n/a	n/a	n/a	n/a	n/a	59173.200000
59293.566667	0.133333	29646783	coarse_label	Blocklist (Data break)	n/a	n/a	n/a	n/a	n/a	n/a	n/a	n/a	n/a	59293.566667
59293.700000	119.666667	29646850	coarse_label		n/a	n/a	n/a	n/a	n/a	n/a	n/a	n/a	n/a	59293.700000
59413.366667	0.133333	29706683	coarse_label	Blocklist (Data break)	n/a	n/a	n/a	n/a	n/a	n/a	n/a	n/a	n/a	59413.366667
59413.500000	119.633333	29706750	coarse_label		n/a	n/a	n/a	n/a	n/a	n/a	n/a	n/a	n/a	59413.500000
59426.824000	1.600000	29713412	reach_onset	n/a	r_wrist	83.172520	120.928616	54.261684	0.112132	0.869890	1.600000	1.000000	59426.824000	59426.823000
59533.133333	0.133333	29766567	coarse_label	Blocklist (Data break)	n/a	n/a	n/a	n/a	n/a	n/a	n/a	n/a	n/a	59533.133333
59533.266667	120.066667	29766633	coarse_label		n/a	n/a	n/a	n/a	n/a	n/a	n/a	n/a	n/a	59533.266667
59653.333333	0.133333	29826667	coarse_label	Blocklist (Data break)	n/a	n/a	n/a	n/a	n/a	n/a	n/a	n/a	n/a	59653.333333
59653.466667	118.833333	29826733	coarse_label		n/a	n/a	n/a	n/a	n/a	n/a	n/a	n/a	n/a	59653.466667
59656.112000	0.833333	29828056	reach_onset	n/a	r_wrist	63.797711	-130.182796	56.295192	0.351235	0.424145	0.800000	1.000000	59656.112000	59656.113000
59772.300000	0.133333	29886150	coarse_label	Blocklist (Data break)	n/a	n/a	n/a	n/a	n/a	n/a	n/a	n/a	n/a	59772.300000
59772.433333	120.933333	29886217	coarse_label		n/a	n/a	n/a	n/a	n/a	n/a	n/a	n/a	n/a	59772.433333
59893.366667	0.166667	29946683	coarse_label	Blocklist (Data break)	n/a	n/a	n/a	n/a	n/a	n/a	n/a	n/a	n/a	59893.366667
59893.533333	118.833333	29946767	coarse_label		n/a	n/a	n/a	n/a	n/a	n/a	n/a	n/a	n/a	59893.533333
60012.366667	0.200000	30006183	coarse_label	Blocklist (Data break)	n/a	n/a	n/a	n/a	n/a	n/a	n/a	n/a	n/a	60012.366667
60012.566667	120.166667	30006283	coarse_label		n/a	n/a	n/a	n/a	n/a	n/a	n/a	n/a	n/a	60012.566667
60030.738000	1.033333	30015369	reach_onset	n/a	r_wrist	38.407293	10.587489	54.193521	0.394313	0.010111	0.000000	0.000000	60030.738000	60030.739000
60097.838000	0.966667	30048919	reach_onset	n/a	r_wrist	153.683350	17.912639	141.276211	0.323060	0.005224	0.000000	0.000000	60097.838000	60097.839000
60099.872000	1.133333	30049936	reach_onset	n/a	r_wrist	53.832050	-157.007911	53.649100	0.321112	0.007719	0.000000	0.000000	60099.872000	60099.872000
60132.733333	121.400000	30066367	coarse_label	Blocklist (Data break)	n/a	n/a	n/a	n/a	n/a	n/a	n/a	n/a	n/a	60132.733333
60254.133333	119.466667	30127067	coarse_label		n/a	n/a	n/a	n/a	n/a	n/a	n/a	n/a	n/a	60254.133333
60259.998000	1.366667	30129999	reach_onset	n/a	r_wrist	36.553845	39.708918	51.455335	0.355195	0.034342	0.000000	0.000000	60259.998000	60259.998000
60373.600000	0.300000	30186800	coarse_label	Blocklist (Data break)	n/a	n/a	n/a	n/a	n/a	n/a	n/a	n/a	n/a	60373.600000
60373.900000	119.533333	30186950	coarse_label		n/a	n/a	n/a	n/a	n/a	n/a	n/a	n/a	n/a	60373.900000
60405.684000	0.733333	30202842	reach_onset	n/a	r_wrist	56.439971	-90.666265	182.193542	0.283195	0.792287	0.733333	1.000000	60405.684000	60405.684000
60493.433333	0.300000	30246717	coarse_label	Blocklist (Data break)	n/a	n/a	n/a	n/a	n/a	n/a	n/a	n/a	n/a	60493.433333
60493.733333	119.066667	30246867	coarse_label		n/a	n/a	n/a	n/a	n/a	n/a	n/a	n/a	n/a	60493.733333
60612.800000	0.066667	30306400	coarse_label	Blocklist (Data break)	n/a	n/a	n/a	n/a	n/a	n/a	n/a	n/a	n/a	60612.800000
60612.866667	124.633333	30306433	coarse_label	Computer/phone	n/a	n/a	n/a	n/a	n/a	n/a	n/a	n/a	n/a	60612.866667
60713.488000	0.966667	30356744	reach_onset	n/a	r_wrist	31.407640	92.056558	35.750105	0.258680	0.756066	0.666667	1.000000	60713.488000	60713.488000
60737.500000	0.166667	30368750	coarse_label	Blocklist (Data break)	n/a	n/a	n/a	n/a	n/a	n/a	n/a	n/a	n/a	60737.500000
60737.666667	116.366667	30368833	coarse_label		n/a	n/a	n/a	n/a	n/a	n/a	n/a	n/a	n/a	60737.666667
60854.033333	0.200000	30427017	coarse_label	Blocklist (Data break)	n/a	n/a	n/a	n/a	n/a	n/a	n/a	n/a	n/a	60854.033333
60854.233333	117.466667	30427117	coarse_label		n/a	n/a	n/a	n/a	n/a	n/a	n/a	n/a	n/a	60854.233333
60971.700000	0.300000	30485850	coarse_label	Blocklist (Data break)	n/a	n/a	n/a	n/a	n/a	n/a	n/a	n/a	n/a	60971.700000
60972.000000	129.466667	30486000	coarse_label		n/a	n/a	n/a	n/a	n/a	n/a	n/a	n/a	n/a	60972.000000
61101.466667	0.200000	30550733	coarse_label	Blocklist (Data break)	n/a	n/a	n/a	n/a	n/a	n/a	n/a	n/a	n/a	61101.466667
61101.666667	110.766667	30550833	coarse_label		n/a	n/a	n/a	n/a	n/a	n/a	n/a	n/a	n/a	61101.666667
61212.433333	0.200000	30606217	coarse_label	Blocklist (Data break)	n/a	n/a	n/a	n/a	n/a	n/a	n/a	n/a	n/a	61212.433333
61212.633333	126.800000	30606317	coarse_label		n/a	n/a	n/a	n/a	n/a	n/a	n/a	n/a	n/a	61212.633333
61288.940000	1.700000	30644470	reach_onset	n/a	r_wrist	75.998882	-164.006253	30.675516	0.356777	0.786752	1.700000	1.000000	61288.940000	61288.940000
61339.433333	0.233333	30669717	coarse_label	Blocklist (Data break)	n/a	n/a	n/a	n/a	n/a	n/a	n/a	n/a	n/a	61339.433333
61339.666667	112.933333	30669833	coarse_label		n/a	n/a	n/a	n/a	n/a	n/a	n/a	n/a	n/a	61339.666667
61452.600000	0.200000	30726300	coarse_label	Blocklist (Data break)	n/a	n/a	n/a	n/a	n/a	n/a	n/a	n/a	n/a	61452.600000
61452.800000	119.066667	30726400	coarse_label	Talk, Computer/phone	n/a	n/a	n/a	n/a	n/a	n/a	n/a	n/a	n/a	61452.800000
61518.580000	1.000000	30759290	reach_onset	n/a	r_wrist	79.921771	151.237204	69.552792	0.398639	0.092373	0.066667	0.000000	61518.580000	61518.580000
61571.866667	0.133333	30785933	coarse_label	Blocklist (Data break)	n/a	n/a	n/a	n/a	n/a	n/a	n/a	n/a	n/a	61571.866667
61572.000000	122.933333	30786000	coarse_label	Talk, Computer/phone	n/a	n/a	n/a	n/a	n/a	n/a	n/a	n/a	n/a	61572.000000
61694.933333	0.300000	30847467	coarse_label	Blocklist (Data break)	n/a	n/a	n/a	n/a	n/a	n/a	n/a	n/a	n/a	61694.933333
61695.233333	117.033333	30847617	coarse_label		n/a	n/a	n/a	n/a	n/a	n/a	n/a	n/a	n/a	61695.233333
61812.266667	0.100000	30906133	coarse_label	Blocklist (Data break)	n/a	n/a	n/a	n/a	n/a	n/a	n/a	n/a	n/a	61812.266667
61812.366667	121.666667	30906183	coarse_label		n/a	n/a	n/a	n/a	n/a	n/a	n/a	n/a	n/a	61812.366667
61934.033333	0.100000	30967017	coarse_label	Blocklist (Data break)	n/a	n/a	n/a	n/a	n/a	n/a	n/a	n/a	n/a	61934.033333
61934.133333	117.666667	30967067	coarse_label		n/a	n/a	n/a	n/a	n/a	n/a	n/a	n/a	n/a	61934.133333
62029.712000	1.066667	31014856	reach_onset	n/a	r_wrist	73.919251	65.930682	74.349221	0.423337	0.333451	0.866667	1.000000	62029.712000	62029.713000
62051.800000	0.133333	31025900	coarse_label	Blocklist (Data break)	n/a	n/a	n/a	n/a	n/a	n/a	n/a	n/a	n/a	62051.800000
62051.933333	119.866667	31025967	coarse_label		n/a	n/a	n/a	n/a	n/a	n/a	n/a	n/a	n/a	62051.933333
62055.430000	1.133333	31027715	reach_onset	n/a	r_wrist	33.485605	-149.399853	28.590129	0.441294	0.572121	0.766667	1.000000	62055.430000	62055.431000
62171.800000	0.266667	31085900	coarse_label	Blocklist (Data break)	n/a	n/a	n/a	n/a	n/a	n/a	n/a	n/a	n/a	62171.800000
62172.066667	119.833333	31086033	coarse_label		n/a	n/a	n/a	n/a	n/a	n/a	n/a	n/a	n/a	62172.066667
62289.182000	1.133333	31144591	reach_onset	n/a	r_wrist	105.957633	112.121962	47.621392	0.420926	0.448719	1.133333	1.000000	62289.182000	62289.183000
62291.900000	0.166667	31145950	coarse_label	Blocklist (Data break)	n/a	n/a	n/a	n/a	n/a	n/a	n/a	n/a	n/a	62291.900000
62292.066667	120.333333	31146033	coarse_label		n/a	n/a	n/a	n/a	n/a	n/a	n/a	n/a	n/a	62292.066667
62412.400000	0.300000	31206200	coarse_label	Blocklist (Data break)	n/a	n/a	n/a	n/a	n/a	n/a	n/a	n/a	n/a	62412.400000
62412.700000	121.200000	31206350	coarse_label		n/a	n/a	n/a	n/a	n/a	n/a	n/a	n/a	n/a	62412.700000
62533.900000	0.100000	31266950	coarse_label	Blocklist (Data break)	n/a	n/a	n/a	n/a	n/a	n/a	n/a	n/a	n/a	62533.900000
62534.000000	118.966667	31267000	coarse_label		n/a	n/a	n/a	n/a	n/a	n/a	n/a	n/a	n/a	62534.000000
62652.966667	0.166667	31326483	coarse_label	Blocklist (Data break)	n/a	n/a	n/a	n/a	n/a	n/a	n/a	n/a	n/a	62652.966667
62653.133333	119.533333	31326567	coarse_label		n/a	n/a	n/a	n/a	n/a	n/a	n/a	n/a	n/a	62653.133333
62751.548000	1.000000	31375774	reach_onset	n/a	r_wrist	90.716361	-135.335046	98.847448	0.407481	0.053304	0.233333	1.000000	62751.548000	62751.548000
62772.666667	0.166667	31386333	coarse_label	Blocklist (Data break)	n/a	n/a	n/a	n/a	n/a	n/a	n/a	n/a	n/a	62772.666667
62772.833333	119.200000	31386417	coarse_label		n/a	n/a	n/a	n/a	n/a	n/a	n/a	n/a	n/a	62772.833333
62892.033333	0.166667	31446017	coarse_label	Blocklist (Data break)	n/a	n/a	n/a	n/a	n/a	n/a	n/a	n/a	n/a	62892.033333
62892.200000	120.933333	31446100	coarse_label		n/a	n/a	n/a	n/a	n/a	n/a	n/a	n/a	n/a	62892.200000
62906.706000	1.500000	31453353	reach_onset	n/a	r_wrist	50.612246	129.357410	37.062025	0.468151	0.452311	1.300000	1.000000	62906.706000	62906.705000
63007.004000	1.333333	31503502	reach_onset	n/a	r_wrist	132.800318	104.651969	92.386632	0.481288	0.291353	0.933333	1.000000	63007.004000	63007.005000
63013.133333	0.233333	31506567	coarse_label	Blocklist (Data break)	n/a	n/a	n/a	n/a	n/a	n/a	n/a	n/a	n/a	63013.133333
63013.366667	119.633333	31506683	coarse_label		n/a	n/a	n/a	n/a	n/a	n/a	n/a	n/a	n/a	63013.366667
63110.058000	0.333333	31555029	reach_onset	n/a	r_wrist	131.024491	-90.002378	287.354133	0.562687	0.125380	0.333333	1.000000	63110.058000	63110.059000
63133.000000	0.266667	31566500	coarse_label	Blocklist (Data break)	n/a	n/a	n/a	n/a	n/a	n/a	n/a	n/a	n/a	63133.000000
63133.266667	119.400000	31566633	coarse_label		n/a	n/a	n/a	n/a	n/a	n/a	n/a	n/a	n/a	63133.266667
63252.666667	0.233333	31626333	coarse_label	Blocklist (Data break)	n/a	n/a	n/a	n/a	n/a	n/a	n/a	n/a	n/a	63252.666667
63252.900000	119.500000	31626450	coarse_label		n/a	n/a	n/a	n/a	n/a	n/a	n/a	n/a	n/a	63252.900000
63352.164000	1.500000	31676082	reach_onset	n/a	r_wrist	147.636783	-92.328740	25.373559	0.504729	0.482399	0.933333	1.000000	63352.164000	63352.165000
63372.400000	0.300000	31686200	coarse_label	Blocklist (Data break)	n/a	n/a	n/a	n/a	n/a	n/a	n/a	n/a	n/a	63372.400000
63372.700000	119.833333	31686350	coarse_label		n/a	n/a	n/a	n/a	n/a	n/a	n/a	n/a	n/a	63372.700000
63447.316000	0.466667	31723658	reach_onset	n/a	r_wrist	10.777120	-126.991759	29.670713	0.476905	0.715258	0.166667	1.000000	63447.316000	63447.317000
63490.916000	1.266667	31745458	reach_onset	n/a	r_wrist	38.362764	-96.340193	32.114402	0.451399	0.193388	0.833333	1.000000	63490.916000	63490.917000
63492.533333	0.133333	31746267	coarse_label	Blocklist (Data break)	n/a	n/a	n/a	n/a	n/a	n/a	n/a	n/a	n/a	63492.533333
63492.666667	122.200000	31746333	coarse_label		n/a	n/a	n/a	n/a	n/a	n/a	n/a	n/a	n/a	63492.666667
63614.866667	0.100000	31807433	coarse_label	Blocklist (Data break)	n/a	n/a	n/a	n/a	n/a	n/a	n/a	n/a	n/a	63614.866667
63614.966667	117.366667	31807483	coarse_label		n/a	n/a	n/a	n/a	n/a	n/a	n/a	n/a	n/a	63614.966667
63662.878000	0.933333	31831439	reach_onset	n/a	r_wrist	128.408842	107.105240	107.586590	0.499868	0.446128	0.933333	1.000000	63662.878000	63662.878000
63732.333333	0.100000	31866167	coarse_label	Blocklist (Data break)	n/a	n/a	n/a	n/a	n/a	n/a	n/a	n/a	n/a	63732.333333
63732.433333	119.966667	31866217	coarse_label		n/a	n/a	n/a	n/a	n/a	n/a	n/a	n/a	n/a	63732.433333
63809.904000	2.000000	31904952	reach_onset	n/a	r_wrist	137.962007	-139.520297	25.178722	0.469780	0.141919	0.000000	0.000000	63809.904000	63809.904000
63852.400000	0.100000	31926200	coarse_label	Blocklist (Data break)	n/a	n/a	n/a	n/a	n/a	n/a	n/a	n/a	n/a	63852.400000
63852.500000	121.300000	31926250	coarse_label		n/a	n/a	n/a	n/a	n/a	n/a	n/a	n/a	n/a	63852.500000
63874.258000	1.300000	31937129	reach_onset	n/a	r_wrist	75.335953	154.188145	60.085565	0.483432	0.827404	1.133333	1.000000	63874.258000	63874.258000
63973.800000	0.166667	31986900	coarse_label	Blocklist (Data break)	n/a	n/a	n/a	n/a	n/a	n/a	n/a	n/a	n/a	63973.800000
63973.966667	121.100000	31986983	coarse_label		n/a	n/a	n/a	n/a	n/a	n/a	n/a	n/a	n/a	63973.966667
64095.066667	0.133333	32047533	coarse_label	Blocklist (Data break)	n/a	n/a	n/a	n/a	n/a	n/a	n/a	n/a	n/a	64095.066667
64095.200000	117.666667	32047600	coarse_label		n/a	n/a	n/a	n/a	n/a	n/a	n/a	n/a	n/a	64095.200000
64212.866667	0.133333	32106433	coarse_label	Blocklist (Data break)	n/a	n/a	n/a	n/a	n/a	n/a	n/a	n/a	n/a	64212.866667
64213.000000	121.666667	32106500	coarse_label		n/a	n/a	n/a	n/a	n/a	n/a	n/a	n/a	n/a	64213.000000
64297.858000	0.900000	32148929	reach_onset	n/a	r_wrist	47.452794	-64.207203	71.791683	0.466073	0.739199	0.666667	1.000000	64297.858000	64297.859000
64334.666667	0.166667	32167333	coarse_label	Blocklist (Data break)	n/a	n/a	n/a	n/a	n/a	n/a	n/a	n/a	n/a	64334.666667
64334.833333	117.166667	32167417	coarse_label		n/a	n/a	n/a	n/a	n/a	n/a	n/a	n/a	n/a	64334.833333
64354.280000	2.233333	32177140	reach_onset	n/a	r_wrist	217.667062	-115.451343	52.661215	0.460764	0.112916	0.433333	1.000000	64354.280000	64354.281000
64356.698000	3.998000	32178349	nan_segment	n/a	n/a	n/a	n/a	n/a	n/a	n/a	n/a	n/a	n/a	n/a
64373.814000	0.966667	32186907	reach_onset	n/a	r_wrist	163.655809	-93.561729	39.461288	0.453435	0.467765	0.800000	1.000000	64373.814000	64373.814000
64393.714000	1.566667	32196857	reach_onset	n/a	r_wrist	236.214539	-114.325109	107.705252	0.419486	0.027100	1.566667	1.000000	64393.714000	64393.714000
64452.000000	0.066667	32226000	coarse_label	Blocklist (Data break)	n/a	n/a	n/a	n/a	n/a	n/a	n/a	n/a	n/a	64452.000000
64452.066667	121.633333	32226033	coarse_label		n/a	n/a	n/a	n/a	n/a	n/a	n/a	n/a	n/a	64452.066667
64510.456000	1.800000	32255228	reach_onset	n/a	r_wrist	109.862602	120.396147	43.554435	0.396557	0.707271	1.533333	1.000000	64510.456000	64510.456000
64573.700000	0.233333	32286850	coarse_label	Blocklist (Data break)	n/a	n/a	n/a	n/a	n/a	n/a	n/a	n/a	n/a	64573.700000
64573.933333	118.733333	32286967	coarse_label		n/a	n/a	n/a	n/a	n/a	n/a	n/a	n/a	n/a	64573.933333
64597.378000	2.233333	32298689	reach_onset	n/a	r_wrist	108.330595	112.412654	102.734483	0.402410	1.000000	1.800000	1.000000	64597.378000	64597.378000
64692.666667	0.133333	32346333	coarse_label	Blocklist (Data break)	n/a	n/a	n/a	n/a	n/a	n/a	n/a	n/a	n/a	64692.666667
64692.800000	119.433333	32346400	coarse_label		n/a	n/a	n/a	n/a	n/a	n/a	n/a	n/a	n/a	64692.800000
64812.233333	0.100000	32406117	coarse_label	Blocklist (Data break)	n/a	n/a	n/a	n/a	n/a	n/a	n/a	n/a	n/a	64812.233333
64812.333333	120.200000	32406167	coarse_label		n/a	n/a	n/a	n/a	n/a	n/a	n/a	n/a	n/a	64812.333333
64932.533333	0.100000	32466267	coarse_label	Blocklist (Data break)	n/a	n/a	n/a	n/a	n/a	n/a	n/a	n/a	n/a	64932.533333
64932.633333	119.533333	32466317	coarse_label		n/a	n/a	n/a	n/a	n/a	n/a	n/a	n/a	n/a	64932.633333
65026.654000	1.033333	32513327	reach_onset	n/a	r_wrist	64.342432	-132.285670	70.875609	0.351833	0.338937	1.033333	1.000000	65026.654000	65026.654000
65052.166667	0.100000	32526083	coarse_label	Blocklist (Data break)	n/a	n/a	n/a	n/a	n/a	n/a	n/a	n/a	n/a	65052.166667
65052.266667	119.633333	32526133	coarse_label		n/a	n/a	n/a	n/a	n/a	n/a	n/a	n/a	n/a	65052.266667
65171.900000	0.200000	32585950	coarse_label	Blocklist (Data break)	n/a	n/a	n/a	n/a	n/a	n/a	n/a	n/a	n/a	65171.900000
65172.100000	120.433333	32586050	coarse_label	Talk	n/a	n/a	n/a	n/a	n/a	n/a	n/a	n/a	n/a	65172.100000
65227.192000	1.466667	32613596	reach_onset	n/a	r_wrist	246.847588	-95.472354	48.119522	0.279123	0.013862	0.000000	1.000000	65227.192000	65227.192000
65262.824000	1.333333	32631412	reach_onset	n/a	r_wrist	144.220129	-87.442737	182.939317	0.269414	0.034929	0.233333	1.000000	65262.824000	65262.825000
65292.533333	0.100000	32646267	coarse_label	Blocklist (Data break)	n/a	n/a	n/a	n/a	n/a	n/a	n/a	n/a	n/a	65292.533333
65292.633333	119.433333	32646317	coarse_label		n/a	n/a	n/a	n/a	n/a	n/a	n/a	n/a	n/a	65292.633333
65333.814000	0.866667	32666907	reach_onset	n/a	r_wrist	105.469996	-87.047860	47.060165	0.261521	0.044006	0.700000	1.000000	65333.814000	65333.814000
65362.114000	1.366667	32681057	reach_onset	n/a	r_wrist	44.817212	-146.072401	34.769398	0.287386	0.152029	1.000000	1.000000	65362.114000	65362.114000
65403.380000	1.600000	32701690	reach_onset	n/a	r_wrist	74.385879	127.484539	88.282401	0.287953	0.680726	1.066667	1.000000	65403.380000	65403.381000
65412.066667	0.100000	32706033	coarse_label	Blocklist (Data break)	n/a	n/a	n/a	n/a	n/a	n/a	n/a	n/a	n/a	65412.066667
65412.166667	120.366667	32706083	coarse_label		n/a	n/a	n/a	n/a	n/a	n/a	n/a	n/a	n/a	65412.166667
65498.200000	1.033333	32749100	reach_onset	n/a	r_wrist	129.758870	-17.979085	55.305469	0.362833	0.398419	0.966667	1.000000	65498.200000	65498.200000
65532.533333	0.233333	32766267	coarse_label	Blocklist (Data break)	n/a	n/a	n/a	n/a	n/a	n/a	n/a	n/a	n/a	65532.533333
65532.766667	120.500000	32766383	coarse_label		n/a	n/a	n/a	n/a	n/a	n/a	n/a	n/a	n/a	65532.766667
65539.504000	2.366667	32769752	reach_onset	n/a	r_wrist	138.950083	-111.917203	54.681700	0.322331	0.346370	2.233333	1.000000	65539.504000	65539.504000
65548.304000	1.266667	32774152	reach_onset	n/a	r_wrist	208.863567	69.121718	195.346974	0.328202	0.051227	1.166667	1.000000	65548.304000	65548.304000
65601.470000	1.000000	32800735	reach_onset	n/a	r_wrist	86.605888	62.445449	92.868392	0.408699	0.069427	0.300000	1.000000	65601.470000	65601.470000
65653.266667	0.133333	32826633	coarse_label	Blocklist (Data break)	n/a	n/a	n/a	n/a	n/a	n/a	n/a	n/a	n/a	65653.266667
65653.400000	118.900000	32826700	coarse_label		n/a	n/a	n/a	n/a	n/a	n/a	n/a	n/a	n/a	65653.400000
65772.300000	0.233333	32886150	coarse_label	Blocklist (Data break)	n/a	n/a	n/a	n/a	n/a	n/a	n/a	n/a	n/a	65772.300000
65772.533333	121.266667	32886267	coarse_label		n/a	n/a	n/a	n/a	n/a	n/a	n/a	n/a	n/a	65772.533333
65893.800000	0.100000	32946900	coarse_label	Blocklist (Data break)	n/a	n/a	n/a	n/a	n/a	n/a	n/a	n/a	n/a	65893.800000
65893.900000	118.066667	32946950	coarse_label		n/a	n/a	n/a	n/a	n/a	n/a	n/a	n/a	n/a	65893.900000
65939.632000	0.633333	32969816	reach_onset	n/a	r_wrist	187.087122	101.997367	28.298720	0.490143	0.005883	0.000000	0.000000	65939.632000	65939.631000
66011.966667	0.133333	33005983	coarse_label	Blocklist (Data break)	n/a	n/a	n/a	n/a	n/a	n/a	n/a	n/a	n/a	66011.966667
66012.100000	119.566667	33006050	coarse_label		n/a	n/a	n/a	n/a	n/a	n/a	n/a	n/a	n/a	66012.100000
66111.014000	1.233333	33055507	reach_onset	n/a	r_wrist	97.237166	-137.258206	50.717432	0.294246	0.687394	1.200000	1.000000	66111.014000	66111.015000
66114.982000	2.266667	33057491	reach_onset	n/a	r_wrist	79.502207	27.830139	33.406488	0.291479	0.743212	2.266667	1.000000	66114.982000	66114.982000
66131.666667	0.200000	33065833	coarse_label	Blocklist (Data break)	n/a	n/a	n/a	n/a	n/a	n/a	n/a	n/a	n/a	66131.666667
66131.866667	120.300000	33065933	coarse_label		n/a	n/a	n/a	n/a	n/a	n/a	n/a	n/a	n/a	66131.866667
66247.802000	1.200000	33123901	reach_onset	n/a	r_wrist	42.528671	128.950149	35.635871	0.208721	0.463084	0.766667	1.000000	66247.802000	66247.803000
66252.166667	0.100000	33126083	coarse_label	Blocklist (Data break)	n/a	n/a	n/a	n/a	n/a	n/a	n/a	n/a	n/a	66252.166667
66252.266667	122.066667	33126133	coarse_label		n/a	n/a	n/a	n/a	n/a	n/a	n/a	n/a	n/a	66252.266667
66294.608000	2.300000	33147304	reach_onset	n/a	r_wrist	112.377843	-85.777806	66.209774	0.249460	0.398751	1.966667	1.000000	66294.608000	66294.608000
66374.333333	0.133333	33187167	coarse_label	Blocklist (Data break)	n/a	n/a	n/a	n/a	n/a	n/a	n/a	n/a	n/a	66374.333333
66374.466667	117.500000	33187233	coarse_label		n/a	n/a	n/a	n/a	n/a	n/a	n/a	n/a	n/a	66374.466667
66392.996000	0.700000	33196498	reach_onset	n/a	r_wrist	22.960961	-113.164999	57.112280	0.431212	0.755472	0.666667	1.000000	66392.996000	66392.996000
66491.966667	0.133333	33245983	coarse_label	Blocklist (Data break)	n/a	n/a	n/a	n/a	n/a	n/a	n/a	n/a	n/a	66491.966667
66492.100000	119.866667	33246050	coarse_label		n/a	n/a	n/a	n/a	n/a	n/a	n/a	n/a	n/a	66492.100000
66611.966667	0.133333	33305983	coarse_label	Blocklist (Data break)	n/a	n/a	n/a	n/a	n/a	n/a	n/a	n/a	n/a	66611.966667
66612.100000	119.766667	33306050	coarse_label		n/a	n/a	n/a	n/a	n/a	n/a	n/a	n/a	n/a	66612.100000
66731.866667	0.100000	33365933	coarse_label	Blocklist (Data break)	n/a	n/a	n/a	n/a	n/a	n/a	n/a	n/a	n/a	66731.866667
66731.966667	120.833333	33365983	coarse_label		n/a	n/a	n/a	n/a	n/a	n/a	n/a	n/a	n/a	66731.966667
66782.620000	1.533333	33391310	reach_onset	n/a	r_wrist	46.645499	-96.763465	44.002964	0.319088	0.303095	0.466667	1.000000	66782.620000	66782.620000
66852.800000	0.200000	33426400	coarse_label	Blocklist (Data break)	n/a	n/a	n/a	n/a	n/a	n/a	n/a	n/a	n/a	66852.800000
66853.000000	119.566667	33426500	coarse_label		n/a	n/a	n/a	n/a	n/a	n/a	n/a	n/a	n/a	66853.000000
66972.566667	0.266667	33486283	coarse_label	Blocklist (Data break)	n/a	n/a	n/a	n/a	n/a	n/a	n/a	n/a	n/a	66972.566667
66972.833333	119.766667	33486417	coarse_label		n/a	n/a	n/a	n/a	n/a	n/a	n/a	n/a	n/a	66972.833333
67092.600000	0.066667	33546300	coarse_label	Blocklist (Data break)	n/a	n/a	n/a	n/a	n/a	n/a	n/a	n/a	n/a	67092.600000
67092.666667	119.166667	33546333	coarse_label	Talk, Computer/phone	n/a	n/a	n/a	n/a	n/a	n/a	n/a	n/a	n/a	67092.666667
67211.833333	0.066667	33605917	coarse_label	Blocklist (Data break)	n/a	n/a	n/a	n/a	n/a	n/a	n/a	n/a	n/a	67211.833333
67211.900000	128.233333	33605950	coarse_label		n/a	n/a	n/a	n/a	n/a	n/a	n/a	n/a	n/a	67211.900000
67340.133333	0.400000	33670067	coarse_label	Blocklist (Data break)	n/a	n/a	n/a	n/a	n/a	n/a	n/a	n/a	n/a	67340.133333
67340.533333	111.666667	33670267	coarse_label		n/a	n/a	n/a	n/a	n/a	n/a	n/a	n/a	n/a	67340.533333
67452.200000	0.066667	33726100	coarse_label	Blocklist (Data break)	n/a	n/a	n/a	n/a	n/a	n/a	n/a	n/a	n/a	67452.200000
67452.266667	240.833333	33726133	coarse_label		n/a	n/a	n/a	n/a	n/a	n/a	n/a	n/a	n/a	67452.266667
67513.770000	1.733333	33756885	reach_onset	n/a	r_wrist	146.708593	-58.370933	103.311652	0.237498	0.047420	1.166667	1.000000	67513.770000	67513.771000
67562.704000	1.466667	33781352	reach_onset	n/a	r_wrist	50.380305	79.085803	51.479431	0.254771	0.000000	0.633333	1.000000	67562.704000	67562.705000
67693.100000	0.066667	33846550	coarse_label	Blocklist (Data break)	n/a	n/a	n/a	n/a	n/a	n/a	n/a	n/a	n/a	67693.100000
67693.166667	118.666667	33846583	coarse_label	Blocklist (Private time)	n/a	n/a	n/a	n/a	n/a	n/a	n/a	n/a	n/a	67693.166667
67811.833333	0.200000	33905917	coarse_label	Blocklist (Data break)	n/a	n/a	n/a	n/a	n/a	n/a	n/a	n/a	n/a	67811.833333
67812.033333	120.333333	33906017	coarse_label	Blocklist (Private time)	n/a	n/a	n/a	n/a	n/a	n/a	n/a	n/a	n/a	67812.033333
67932.366667	0.033333	33966183	coarse_label	Blocklist (Data break)	n/a	n/a	n/a	n/a	n/a	n/a	n/a	n/a	n/a	67932.366667
67932.400000	119.966667	33966200	coarse_label	Talk	n/a	n/a	n/a	n/a	n/a	n/a	n/a	n/a	n/a	67932.400000
68027.888000	0.466667	34013944	reach_onset	n/a	r_wrist	57.571010	-143.733746	180.962986	0.259619	0.329822	0.466667	1.000000	68027.888000	68027.888000
68052.366667	0.066667	34026183	coarse_label	Blocklist (Data break)	n/a	n/a	n/a	n/a	n/a	n/a	n/a	n/a	n/a	68052.366667
68052.433333	132.066667	34026217	coarse_label		n/a	n/a	n/a	n/a	n/a	n/a	n/a	n/a	n/a	68052.433333
68055.974000	1.000000	34027987	reach_onset	n/a	r_wrist	75.863620	-115.338806	44.854327	0.290625	0.011867	0.000000	0.000000	68055.974000	68055.975000
68171.708000	1.200000	34085854	reach_onset	n/a	r_wrist	129.196521	98.959873	83.880303	0.407384	0.025834	0.200000	1.000000	68171.708000	68171.708000
68184.500000	0.133333	34092250	coarse_label	Blocklist (Data break)	n/a	n/a	n/a	n/a	n/a	n/a	n/a	n/a	n/a	68184.500000
68184.633333	106.933333	34092317	coarse_label		n/a	n/a	n/a	n/a	n/a	n/a	n/a	n/a	n/a	68184.633333
68186.892000	0.500000	34093446	reach_onset	n/a	r_wrist	271.083065	-20.895374	210.707120	0.394122	0.066095	0.300000	1.000000	68186.892000	68186.892000
68228.592000	1.300000	34114296	reach_onset	n/a	r_wrist	168.530025	-80.586517	86.566469	0.365598	0.040000	0.200000	1.000000	68228.592000	68228.592000
68286.124000	0.966667	34143062	reach_onset	n/a	r_wrist	121.912982	-119.320888	56.703519	0.297588	0.006626	0.000000	0.000000	68286.124000	68286.125000
68291.566667	0.166667	34145783	coarse_label	Blocklist (Data break)	n/a	n/a	n/a	n/a	n/a	n/a	n/a	n/a	n/a	68291.566667
68291.733333	120.500000	34145867	coarse_label		n/a	n/a	n/a	n/a	n/a	n/a	n/a	n/a	n/a	68291.733333
68355.064000	1.200000	34177532	reach_onset	n/a	r_wrist	18.595660	-33.363823	30.254919	0.301053	0.968811	1.066667	1.000000	68355.064000	68355.065000
68412.233333	0.100000	34206117	coarse_label	Blocklist (Data break)	n/a	n/a	n/a	n/a	n/a	n/a	n/a	n/a	n/a	68412.233333
68412.333333	119.933333	34206167	coarse_label		n/a	n/a	n/a	n/a	n/a	n/a	n/a	n/a	n/a	68412.333333
68532.266667	0.066667	34266133	coarse_label	Blocklist (Data break)	n/a	n/a	n/a	n/a	n/a	n/a	n/a	n/a	n/a	68532.266667
68532.333333	120.033333	34266167	coarse_label		n/a	n/a	n/a	n/a	n/a	n/a	n/a	n/a	n/a	68532.333333
68536.772000	1.100000	34268386	reach_onset	n/a	r_wrist	80.037603	-69.859218	239.809499	0.402805	0.438384	0.900000	1.000000	68536.772000	68536.772000
68652.366667	0.133333	34326183	coarse_label	Blocklist (Data break)	n/a	n/a	n/a	n/a	n/a	n/a	n/a	n/a	n/a	68652.366667
68652.500000	120.333333	34326250	coarse_label		n/a	n/a	n/a	n/a	n/a	n/a	n/a	n/a	n/a	68652.500000
68684.624000	2.266667	34342312	reach_onset	n/a	r_wrist	64.335560	153.450784	32.787707	0.249637	0.543889	0.700000	1.000000	68684.624000	68684.624000
68772.833333	0.100000	34386417	coarse_label	Blocklist (Data break)	n/a	n/a	n/a	n/a	n/a	n/a	n/a	n/a	n/a	68772.833333
68772.933333	118.833333	34386467	coarse_label		n/a	n/a	n/a	n/a	n/a	n/a	n/a	n/a	n/a	68772.933333
68882.012000	1.866667	34441006	reach_onset	n/a	r_wrist	83.319519	85.829478	26.188885	0.239702	0.000000	1.333333	1.000000	68882.012000	68882.012000
68891.766667	0.033333	34445883	coarse_label	Blocklist (Data break)	n/a	n/a	n/a	n/a	n/a	n/a	n/a	n/a	n/a	68891.766667
68891.800000	120.766667	34445900	coarse_label		n/a	n/a	n/a	n/a	n/a	n/a	n/a	n/a	n/a	68891.800000
69012.566667	0.133333	34506283	coarse_label	Blocklist (Data break)	n/a	n/a	n/a	n/a	n/a	n/a	n/a	n/a	n/a	69012.566667
69012.700000	124.033333	34506350	coarse_label		n/a	n/a	n/a	n/a	n/a	n/a	n/a	n/a	n/a	69012.700000
69136.733333	0.133333	34568367	coarse_label	Blocklist (Data break)	n/a	n/a	n/a	n/a	n/a	n/a	n/a	n/a	n/a	69136.733333
69136.866667	115.600000	34568433	coarse_label	Talk, Computer/phone	n/a	n/a	n/a	n/a	n/a	n/a	n/a	n/a	n/a	69136.866667
69198.360000	1.433333	34599180	reach_onset	n/a	r_wrist	53.975253	166.195861	67.033177	0.376485	0.651825	1.433333	1.000000	69198.360000	69198.361000
69252.466667	0.100000	34626233	coarse_label	Blocklist (Data break)	n/a	n/a	n/a	n/a	n/a	n/a	n/a	n/a	n/a	69252.466667
69252.566667	123.366667	34626283	coarse_label		n/a	n/a	n/a	n/a	n/a	n/a	n/a	n/a	n/a	69252.566667
69375.933333	0.133333	34687967	coarse_label	Blocklist (Data break)	n/a	n/a	n/a	n/a	n/a	n/a	n/a	n/a	n/a	69375.933333
69376.066667	236.200000	34688033	coarse_label		n/a	n/a	n/a	n/a	n/a	n/a	n/a	n/a	n/a	69376.066667
69612.266667	0.200000	34806133	coarse_label	Blocklist (Data break)	n/a	n/a	n/a	n/a	n/a	n/a	n/a	n/a	n/a	69612.266667
69612.466667	120.066667	34806233	coarse_label		n/a	n/a	n/a	n/a	n/a	n/a	n/a	n/a	n/a	69612.466667
69732.533333	0.166667	34866267	coarse_label	Blocklist (Data break)	n/a	n/a	n/a	n/a	n/a	n/a	n/a	n/a	n/a	69732.533333
69732.700000	133.500000	34866350	coarse_label		n/a	n/a	n/a	n/a	n/a	n/a	n/a	n/a	n/a	69732.700000
69866.200000	0.200000	34933100	coarse_label	Blocklist (Data break)	n/a	n/a	n/a	n/a	n/a	n/a	n/a	n/a	n/a	69866.200000
69866.400000	105.433333	34933200	coarse_label		n/a	n/a	n/a	n/a	n/a	n/a	n/a	n/a	n/a	69866.400000
69971.833333	0.133333	34985917	coarse_label	Blocklist (Data break)	n/a	n/a	n/a	n/a	n/a	n/a	n/a	n/a	n/a	69971.833333
69971.966667	119.600000	34985983	coarse_label		n/a	n/a	n/a	n/a	n/a	n/a	n/a	n/a	n/a	69971.966667
70091.566667	0.133333	35045783	coarse_label	Blocklist (Data break)	n/a	n/a	n/a	n/a	n/a	n/a	n/a	n/a	n/a	70091.566667
70091.700000	120.466667	35045850	coarse_label		n/a	n/a	n/a	n/a	n/a	n/a	n/a	n/a	n/a	70091.700000
70212.166667	0.066667	35106083	coarse_label	Blocklist (Data break)	n/a	n/a	n/a	n/a	n/a	n/a	n/a	n/a	n/a	70212.166667
70212.233333	122.000000	35106117	coarse_label		n/a	n/a	n/a	n/a	n/a	n/a	n/a	n/a	n/a	70212.233333
70334.233333	0.166667	35167117	coarse_label	Blocklist (Data break)	n/a	n/a	n/a	n/a	n/a	n/a	n/a	n/a	n/a	70334.233333
70334.400000	117.166667	35167200	coarse_label		n/a	n/a	n/a	n/a	n/a	n/a	n/a	n/a	n/a	70334.400000
70451.566667	0.266667	35225783	coarse_label	Blocklist (Data break)	n/a	n/a	n/a	n/a	n/a	n/a	n/a	n/a	n/a	70451.566667
70451.833333	122.666667	35225917	coarse_label		n/a	n/a	n/a	n/a	n/a	n/a	n/a	n/a	n/a	70451.833333
70470.974000	3.566667	35235487	reach_onset	n/a	r_wrist	231.069692	-43.278367	294.808805	0.297170	0.066990	3.566667	1.000000	70470.974000	70470.975000
70574.500000	0.133333	35287250	coarse_label	Blocklist (Data break)	n/a	n/a	n/a	n/a	n/a	n/a	n/a	n/a	n/a	70574.500000
70574.633333	117.966667	35287317	coarse_label		n/a	n/a	n/a	n/a	n/a	n/a	n/a	n/a	n/a	70574.633333
70668.964000	1.666667	35334482	reach_onset	n/a	r_wrist	118.197891	15.664563	57.248299	0.219013	0.153187	1.233333	1.000000	70668.964000	70668.964000
70692.600000	0.133333	35346300	coarse_label	Blocklist (Data break)	n/a	n/a	n/a	n/a	n/a	n/a	n/a	n/a	n/a	70692.600000
70692.733333	119.533333	35346367	coarse_label		n/a	n/a	n/a	n/a	n/a	n/a	n/a	n/a	n/a	70692.733333
70812.266667	0.033333	35406133	coarse_label	Blocklist (Data break)	n/a	n/a	n/a	n/a	n/a	n/a	n/a	n/a	n/a	70812.266667
70812.300000	119.566667	35406150	coarse_label		n/a	n/a	n/a	n/a	n/a	n/a	n/a	n/a	n/a	70812.300000
70931.866667	0.066667	35465933	coarse_label	Blocklist (Data break)	n/a	n/a	n/a	n/a	n/a	n/a	n/a	n/a	n/a	70931.866667
70931.933333	121.300000	35465967	coarse_label		n/a	n/a	n/a	n/a	n/a	n/a	n/a	n/a	n/a	70931.933333
71053.233333	0.233333	35526617	coarse_label	Blocklist (Data break)	n/a	n/a	n/a	n/a	n/a	n/a	n/a	n/a	n/a	71053.233333
71053.466667	118.033333	35526733	coarse_label		n/a	n/a	n/a	n/a	n/a	n/a	n/a	n/a	n/a	71053.466667
71171.500000	0.166667	35585750	coarse_label	Blocklist (Data break)	n/a	n/a	n/a	n/a	n/a	n/a	n/a	n/a	n/a	71171.500000
71171.666667	124.100000	35585833	coarse_label		n/a	n/a	n/a	n/a	n/a	n/a	n/a	n/a	n/a	71171.666667
71250.910000	2.533333	35625455	reach_onset	n/a	r_wrist	95.763313	-82.761222	72.004581	0.364524	0.145282	1.333333	1.000000	71250.910000	71250.910000
71258.276000	1.133333	35629138	reach_onset	n/a	r_wrist	152.490541	95.492935	75.264607	0.350310	0.287096	0.600000	1.000000	71258.276000	71258.276000
71295.766667	0.100000	35647883	coarse_label	Blocklist (Data break)	n/a	n/a	n/a	n/a	n/a	n/a	n/a	n/a	n/a	71295.766667
71295.866667	116.266667	35647933	coarse_label		n/a	n/a	n/a	n/a	n/a	n/a	n/a	n/a	n/a	71295.866667
71395.766000	2.633333	35697883	reach_onset	n/a	r_wrist	36.340361	-30.174903	39.474929	0.130775	0.783701	0.766667	1.000000	71395.766000	71395.766000
71412.133333	0.066667	35706067	coarse_label	Blocklist (Data break)	n/a	n/a	n/a	n/a	n/a	n/a	n/a	n/a	n/a	71412.133333
71412.200000	122.000000	35706100	coarse_label		n/a	n/a	n/a	n/a	n/a	n/a	n/a	n/a	n/a	71412.200000
71534.200000	0.166667	35767100	coarse_label	Blocklist (Data break)	n/a	n/a	n/a	n/a	n/a	n/a	n/a	n/a	n/a	71534.200000
71534.366667	117.566667	35767183	coarse_label		n/a	n/a	n/a	n/a	n/a	n/a	n/a	n/a	n/a	71534.366667
71651.933333	0.166667	35825967	coarse_label	Blocklist (Data break)	n/a	n/a	n/a	n/a	n/a	n/a	n/a	n/a	n/a	71651.933333
71652.100000	122.800000	35826050	coarse_label		n/a	n/a	n/a	n/a	n/a	n/a	n/a	n/a	n/a	71652.100000
71747.536000	0.700000	35873768	reach_onset	n/a	r_wrist	131.151794	-94.932041	267.798317	0.229967	0.020013	0.000000	0.000000	71747.536000	71747.537000
71774.900000	0.133333	35887450	coarse_label	Blocklist (Data break)	n/a	n/a	n/a	n/a	n/a	n/a	n/a	n/a	n/a	71774.900000
71775.033333	116.833333	35887517	coarse_label		n/a	n/a	n/a	n/a	n/a	n/a	n/a	n/a	n/a	71775.033333
71802.366000	2.266667	35901183	reach_onset	n/a	r_wrist	205.070642	129.081444	164.794582	0.246400	0.000000	2.100000	1.000000	71802.366000	71802.366000
71847.166000	1.233333	35923583	reach_onset	n/a	r_wrist	19.710302	-129.205845	30.593601	0.292051	0.111054	0.000000	0.000000	71847.166000	71847.166000
71891.866667	0.233333	35945933	coarse_label	Blocklist (Data break)	n/a	n/a	n/a	n/a	n/a	n/a	n/a	n/a	n/a	71891.866667
71892.100000	121.100000	35946050	coarse_label		n/a	n/a	n/a	n/a	n/a	n/a	n/a	n/a	n/a	71892.100000
72013.200000	0.166667	36006600	coarse_label	Blocklist (Data break)	n/a	n/a	n/a	n/a	n/a	n/a	n/a	n/a	n/a	72013.200000
72013.366667	136.200000	36006683	coarse_label		n/a	n/a	n/a	n/a	n/a	n/a	n/a	n/a	n/a	72013.366667
72149.566667	0.066667	36074783	coarse_label	Blocklist (Data break)	n/a	n/a	n/a	n/a	n/a	n/a	n/a	n/a	n/a	72149.566667
72149.633333	102.900000	36074817	coarse_label		n/a	n/a	n/a	n/a	n/a	n/a	n/a	n/a	n/a	72149.633333
72252.533333	0.166667	36126267	coarse_label	Blocklist (Data break)	n/a	n/a	n/a	n/a	n/a	n/a	n/a	n/a	n/a	72252.533333
72252.700000	118.833333	36126350	coarse_label		n/a	n/a	n/a	n/a	n/a	n/a	n/a	n/a	n/a	72252.700000
72371.533333	0.166667	36185767	coarse_label	Blocklist (Data break)	n/a	n/a	n/a	n/a	n/a	n/a	n/a	n/a	n/a	72371.533333
72371.700000	164.733333	36185850	coarse_label		n/a	n/a	n/a	n/a	n/a	n/a	n/a	n/a	n/a	72371.700000
72536.433333	3.466667	36268217	coarse_label	Blocklist (Data break)	n/a	n/a	n/a	n/a	n/a	n/a	n/a	n/a	n/a	72536.433333
72539.900000	121.600000	36269950	coarse_label		n/a	n/a	n/a	n/a	n/a	n/a	n/a	n/a	n/a	72539.900000
72661.500000	0.166667	36330750	coarse_label	Blocklist (Data break)	n/a	n/a	n/a	n/a	n/a	n/a	n/a	n/a	n/a	72661.500000
72661.666667	119.133333	36330833	coarse_label		n/a	n/a	n/a	n/a	n/a	n/a	n/a	n/a	n/a	72661.666667
72780.800000	0.266667	36390400	coarse_label	Blocklist (Data break)	n/a	n/a	n/a	n/a	n/a	n/a	n/a	n/a	n/a	72780.800000
72781.066667	118.600000	36390533	coarse_label		n/a	n/a	n/a	n/a	n/a	n/a	n/a	n/a	n/a	72781.066667
72899.666667	0.066667	36449833	coarse_label	Blocklist (Data break)	n/a	n/a	n/a	n/a	n/a	n/a	n/a	n/a	n/a	72899.666667
72899.733333	121.200000	36449867	coarse_label		n/a	n/a	n/a	n/a	n/a	n/a	n/a	n/a	n/a	72899.733333
73020.933333	0.066667	36510467	coarse_label	Blocklist (Data break)	n/a	n/a	n/a	n/a	n/a	n/a	n/a	n/a	n/a	73020.933333
73021.000000	119.266667	36510500	coarse_label		n/a	n/a	n/a	n/a	n/a	n/a	n/a	n/a	n/a	73021.000000
73140.266667	0.100000	36570133	coarse_label	Blocklist (Data break)	n/a	n/a	n/a	n/a	n/a	n/a	n/a	n/a	n/a	73140.266667
73140.366667	119.266667	36570183	coarse_label		n/a	n/a	n/a	n/a	n/a	n/a	n/a	n/a	n/a	73140.366667
73259.633333	0.033333	36629817	coarse_label	Blocklist (Data break)	n/a	n/a	n/a	n/a	n/a	n/a	n/a	n/a	n/a	73259.633333
73259.666667	119.766667	36629833	coarse_label		n/a	n/a	n/a	n/a	n/a	n/a	n/a	n/a	n/a	73259.666667
73379.433333	0.266667	36689717	coarse_label	Blocklist (Data break)	n/a	n/a	n/a	n/a	n/a	n/a	n/a	n/a	n/a	73379.433333
73379.700000	120.333333	36689850	coarse_label		n/a	n/a	n/a	n/a	n/a	n/a	n/a	n/a	n/a	73379.700000
73500.033333	0.066667	36750017	coarse_label	Blocklist (Data break)	n/a	n/a	n/a	n/a	n/a	n/a	n/a	n/a	n/a	73500.033333
73500.100000	119.866667	36750050	coarse_label	Talk, Computer/phone	n/a	n/a	n/a	n/a	n/a	n/a	n/a	n/a	n/a	73500.100000
73619.966667	0.233333	36809983	coarse_label	Blocklist (Data break)	n/a	n/a	n/a	n/a	n/a	n/a	n/a	n/a	n/a	73619.966667
73620.200000	119.833333	36810100	coarse_label	Talk	n/a	n/a	n/a	n/a	n/a	n/a	n/a	n/a	n/a	73620.200000
73740.033333	0.166667	36870017	coarse_label	Blocklist (Data break)	n/a	n/a	n/a	n/a	n/a	n/a	n/a	n/a	n/a	73740.033333
73740.200000	119.800000	36870100	coarse_label		n/a	n/a	n/a	n/a	n/a	n/a	n/a	n/a	n/a	73740.200000
73830.550000	1.866667	36915275	reach_onset	n/a	r_wrist	179.912992	-35.058469	83.815249	0.258388	0.000000	1.433333	1.000000	73830.550000	73830.550000
73860.000000	0.066667	36930000	coarse_label	Blocklist (Data break)	n/a	n/a	n/a	n/a	n/a	n/a	n/a	n/a	n/a	73860.000000
73860.066667	120.433333	36930033	coarse_label		n/a	n/a	n/a	n/a	n/a	n/a	n/a	n/a	n/a	73860.066667
73980.500000	0.166667	36990250	coarse_label	Blocklist (Data break)	n/a	n/a	n/a	n/a	n/a	n/a	n/a	n/a	n/a	73980.500000
73980.666667	118.966667	36990333	coarse_label		n/a	n/a	n/a	n/a	n/a	n/a	n/a	n/a	n/a	73980.666667
74079.390000	1.033333	37039695	reach_onset	n/a	r_wrist	95.768904	-39.576096	286.923065	0.268388	0.046011	0.000000	0.000000	74079.390000	74079.391000
74099.633333	0.033333	37049817	coarse_label	Blocklist (Data break)	n/a	n/a	n/a	n/a	n/a	n/a	n/a	n/a	n/a	74099.633333
74099.666667	119.900000	37049833	coarse_label		n/a	n/a	n/a	n/a	n/a	n/a	n/a	n/a	n/a	74099.666667
74219.566667	0.166667	37109783	coarse_label	Blocklist (Data break)	n/a	n/a	n/a	n/a	n/a	n/a	n/a	n/a	n/a	74219.566667
74219.733333	120.233333	37109867	coarse_label		n/a	n/a	n/a	n/a	n/a	n/a	n/a	n/a	n/a	74219.733333
74339.966667	0.200000	37169983	coarse_label	Blocklist (Data break)	n/a	n/a	n/a	n/a	n/a	n/a	n/a	n/a	n/a	74339.966667
74340.166667	120.266667	37170083	coarse_label		n/a	n/a	n/a	n/a	n/a	n/a	n/a	n/a	n/a	74340.166667
74460.433333	0.100000	37230217	coarse_label	Blocklist (Data break)	n/a	n/a	n/a	n/a	n/a	n/a	n/a	n/a	n/a	74460.433333
74460.533333	123.300000	37230267	coarse_label	Other activity	n/a	n/a	n/a	n/a	n/a	n/a	n/a	n/a	n/a	74460.533333
74499.988000	2.133333	37249994	reach_onset	n/a	r_wrist	145.467203	155.061454	32.779568	0.232956	0.430936	2.133333	1.000000	74499.988000	74499.988000
74583.833333	0.133333	37291917	coarse_label	Blocklist (Data break)	n/a	n/a	n/a	n/a	n/a	n/a	n/a	n/a	n/a	74583.833333
74583.966667	115.700000	37291983	coarse_label	Talk, Computer/phone	n/a	n/a	n/a	n/a	n/a	n/a	n/a	n/a	n/a	74583.966667
74699.666667	0.100000	37349833	coarse_label	Blocklist (Data break)	n/a	n/a	n/a	n/a	n/a	n/a	n/a	n/a	n/a	74699.666667
74699.766667	120.866667	37349883	coarse_label		n/a	n/a	n/a	n/a	n/a	n/a	n/a	n/a	n/a	74699.766667
74711.986000	0.700000	37355993	reach_onset	n/a	r_wrist	15.126738	-138.059349	30.344162	0.256527	0.091707	0.000000	0.000000	74711.986000	74711.986000
74753.920000	3.000000	37376960	reach_onset	n/a	r_wrist	119.886169	-85.215277	146.204341	0.302762	0.015956	0.000000	0.000000	74753.920000	74753.920000
74820.633333	0.300000	37410317	coarse_label	Blocklist (Data break)	n/a	n/a	n/a	n/a	n/a	n/a	n/a	n/a	n/a	74820.633333
74820.933333	119.566667	37410467	coarse_label		n/a	n/a	n/a	n/a	n/a	n/a	n/a	n/a	n/a	74820.933333
74940.500000	0.166667	37470250	coarse_label	Blocklist (Data break)	n/a	n/a	n/a	n/a	n/a	n/a	n/a	n/a	n/a	74940.500000
74940.666667	119.233333	37470333	coarse_label		n/a	n/a	n/a	n/a	n/a	n/a	n/a	n/a	n/a	74940.666667
75059.900000	0.066667	37529950	coarse_label	Blocklist (Data break)	n/a	n/a	n/a	n/a	n/a	n/a	n/a	n/a	n/a	75059.900000
75059.966667	120.500000	37529983	coarse_label		n/a	n/a	n/a	n/a	n/a	n/a	n/a	n/a	n/a	75059.966667
75114.704000	0.800000	37557352	reach_onset	n/a	r_wrist	72.025611	-47.765576	78.650812	0.303050	0.268766	0.566667	1.000000	75114.704000	75114.705000
75153.838000	1.400000	37576919	reach_onset	n/a	r_wrist	40.485501	61.605064	25.733260	0.265466	0.093990	0.000000	0.000000	75153.838000	75153.838000
75180.466667	0.133333	37590233	coarse_label	Blocklist (Data break)	n/a	n/a	n/a	n/a	n/a	n/a	n/a	n/a	n/a	75180.466667
75180.600000	120.966667	37590300	coarse_label	Inactive	n/a	n/a	n/a	n/a	n/a	n/a	n/a	n/a	n/a	75180.600000
75274.858000	1.133333	37637429	reach_onset	n/a	r_wrist	114.197822	-38.476034	145.793166	0.096508	0.004705	0.000000	0.000000	75274.858000	75274.858000
75301.566667	0.133333	37650783	coarse_label	Blocklist (Data break)	n/a	n/a	n/a	n/a	n/a	n/a	n/a	n/a	n/a	75301.566667
75301.700000	119.300000	37650850	coarse_label	Computer/phone	n/a	n/a	n/a	n/a	n/a	n/a	n/a	n/a	n/a	75301.700000
75363.412000	3.700000	37681706	reach_onset	n/a	r_wrist	120.071250	117.150963	55.837025	0.111674	0.066051	0.000000	0.000000	75363.412000	75363.412000
75393.612000	2.300000	37696806	reach_onset	n/a	r_wrist	74.259554	113.979983	50.510149	0.113401	0.077751	0.000000	0.000000	75393.612000	75393.612000
75421.000000	0.233333	37710500	coarse_label	Blocklist (Data break)	n/a	n/a	n/a	n/a	n/a	n/a	n/a	n/a	n/a	75421.000000
75421.233333	118.366667	37710617	coarse_label		n/a	n/a	n/a	n/a	n/a	n/a	n/a	n/a	n/a	75421.233333
75455.252000	1.033333	37727626	reach_onset	n/a	r_wrist	45.814170	101.197104	39.963166	0.186315	0.079219	0.000000	0.000000	75455.252000	75455.251000
75539.600000	0.233333	37769800	coarse_label	Blocklist (Data break)	n/a	n/a	n/a	n/a	n/a	n/a	n/a	n/a	n/a	75539.600000
75539.833333	120.300000	37769917	coarse_label		n/a	n/a	n/a	n/a	n/a	n/a	n/a	n/a	n/a	75539.833333
75660.133333	0.166667	37830067	coarse_label	Blocklist (Data break)	n/a	n/a	n/a	n/a	n/a	n/a	n/a	n/a	n/a	75660.133333
75660.300000	119.133333	37830150	coarse_label		n/a	n/a	n/a	n/a	n/a	n/a	n/a	n/a	n/a	75660.300000
75779.433333	0.233333	37889717	coarse_label	Blocklist (Data break)	n/a	n/a	n/a	n/a	n/a	n/a	n/a	n/a	n/a	75779.433333
75779.666667	122.633333	37889833	coarse_label	Talk, Computer/phone	n/a	n/a	n/a	n/a	n/a	n/a	n/a	n/a	n/a	75779.666667
75902.300000	0.033333	37951150	coarse_label	Blocklist (Data break)	n/a	n/a	n/a	n/a	n/a	n/a	n/a	n/a	n/a	75902.300000
75902.333333	118.000000	37951167	coarse_label		n/a	n/a	n/a	n/a	n/a	n/a	n/a	n/a	n/a	75902.333333
75989.432000	2.200000	37994716	reach_onset	n/a	r_wrist	78.408762	135.820344	88.595394	0.137983	0.022764	0.000000	0.000000	75989.432000	75989.432000
76020.333333	0.100000	38010167	coarse_label	Blocklist (Data break)	n/a	n/a	n/a	n/a	n/a	n/a	n/a	n/a	n/a	76020.333333
76020.433333	122.700000	38010217	coarse_label		n/a	n/a	n/a	n/a	n/a	n/a	n/a	n/a	n/a	76020.433333
76143.133333	0.166667	38071567	coarse_label	Blocklist (Data break)	n/a	n/a	n/a	n/a	n/a	n/a	n/a	n/a	n/a	76143.133333
76143.300000	116.333333	38071650	coarse_label		n/a	n/a	n/a	n/a	n/a	n/a	n/a	n/a	n/a	76143.300000
76222.090000	0.933333	38111045	reach_onset	n/a	r_wrist	20.578024	81.149922	62.826461	0.234262	0.076130	0.000000	0.000000	76222.090000	76222.090000
76259.633333	0.100000	38129817	coarse_label	Blocklist (Data break)	n/a	n/a	n/a	n/a	n/a	n/a	n/a	n/a	n/a	76259.633333
76259.733333	120.866667	38129867	coarse_label		n/a	n/a	n/a	n/a	n/a	n/a	n/a	n/a	n/a	76259.733333
76380.600000	0.033333	38190300	coarse_label	Blocklist (Data break)	n/a	n/a	n/a	n/a	n/a	n/a	n/a	n/a	n/a	76380.600000
76380.633333	118.866667	38190317	coarse_label		n/a	n/a	n/a	n/a	n/a	n/a	n/a	n/a	n/a	76380.633333
76499.500000	0.166667	38249750	coarse_label	Blocklist (Data break)	n/a	n/a	n/a	n/a	n/a	n/a	n/a	n/a	n/a	76499.500000
76499.666667	122.400000	38249833	coarse_label		n/a	n/a	n/a	n/a	n/a	n/a	n/a	n/a	n/a	76499.666667
76622.066667	0.100000	38311033	coarse_label	Blocklist (Data break)	n/a	n/a	n/a	n/a	n/a	n/a	n/a	n/a	n/a	76622.066667
76622.166667	122.600000	38311083	coarse_label		n/a	n/a	n/a	n/a	n/a	n/a	n/a	n/a	n/a	76622.166667
76744.766667	0.033333	38372383	coarse_label	Blocklist (Data break)	n/a	n/a	n/a	n/a	n/a	n/a	n/a	n/a	n/a	76744.766667
76744.800000	115.300000	38372400	coarse_label		n/a	n/a	n/a	n/a	n/a	n/a	n/a	n/a	n/a	76744.800000
76860.100000	0.066667	38430050	coarse_label	Blocklist (Data break)	n/a	n/a	n/a	n/a	n/a	n/a	n/a	n/a	n/a	76860.100000
76860.166667	163.266667	38430083	coarse_label	Computer/phone	n/a	n/a	n/a	n/a	n/a	n/a	n/a	n/a	n/a	76860.166667
77023.433333	3.300000	38511717	coarse_label	Blocklist (Data break)	n/a	n/a	n/a	n/a	n/a	n/a	n/a	n/a	n/a	77023.433333
77026.733333	119.600000	38513367	coarse_label	Computer/phone	n/a	n/a	n/a	n/a	n/a	n/a	n/a	n/a	n/a	77026.733333
77146.333333	0.233333	38573167	coarse_label	Blocklist (Data break)	n/a	n/a	n/a	n/a	n/a	n/a	n/a	n/a	n/a	77146.333333
77146.566667	120.066667	38573283	coarse_label	Computer/phone	n/a	n/a	n/a	n/a	n/a	n/a	n/a	n/a	n/a	77146.566667
77217.692000	1.533333	38608846	reach_onset	n/a	r_wrist	66.191766	-73.220821	46.566234	0.217813	0.012716	0.000000	0.000000	77217.692000	77217.693000
77266.633333	0.066667	38633317	coarse_label	Blocklist (Data break)	n/a	n/a	n/a	n/a	n/a	n/a	n/a	n/a	n/a	77266.633333
77266.700000	121.033333	38633350	coarse_label	Other activity	n/a	n/a	n/a	n/a	n/a	n/a	n/a	n/a	n/a	77266.700000
77321.146000	1.333333	38660573	reach_onset	n/a	r_wrist	238.768823	124.461409	68.168320	0.182283	0.027083	0.000000	1.000000	77321.146000	77321.147000
77338.112000	1.600000	38669056	reach_onset	n/a	r_wrist	58.548267	98.761449	46.458327	0.208575	0.000000	0.933333	1.000000	77338.112000	77338.113000
77387.733333	0.166667	38693867	coarse_label	Blocklist (Data break)	n/a	n/a	n/a	n/a	n/a	n/a	n/a	n/a	n/a	77387.733333
77387.900000	119.100000	38693950	coarse_label	Sleep/rest	n/a	n/a	n/a	n/a	n/a	n/a	n/a	n/a	n/a	77387.900000
77507.000000	0.266667	38753500	coarse_label	Blocklist (Data break)	n/a	n/a	n/a	n/a	n/a	n/a	n/a	n/a	n/a	77507.000000
77507.266667	120.266667	38753633	coarse_label	Sleep/rest	n/a	n/a	n/a	n/a	n/a	n/a	n/a	n/a	n/a	77507.266667
77627.533333	0.100000	38813767	coarse_label	Blocklist (Data break)	n/a	n/a	n/a	n/a	n/a	n/a	n/a	n/a	n/a	77627.533333
77627.633333	120.033333	38813817	coarse_label	Sleep/rest	n/a	n/a	n/a	n/a	n/a	n/a	n/a	n/a	n/a	77627.633333
77747.666667	0.133333	38873833	coarse_label	Blocklist (Data break)	n/a	n/a	n/a	n/a	n/a	n/a	n/a	n/a	n/a	77747.666667
77747.800000	121.133333	38873900	coarse_label	Sleep/rest	n/a	n/a	n/a	n/a	n/a	n/a	n/a	n/a	n/a	77747.800000
77868.933333	0.233333	38934467	coarse_label	Blocklist (Data break)	n/a	n/a	n/a	n/a	n/a	n/a	n/a	n/a	n/a	77868.933333
77869.166667	117.633333	38934583	coarse_label	Sleep/rest	n/a	n/a	n/a	n/a	n/a	n/a	n/a	n/a	n/a	77869.166667
77986.800000	0.133333	38993400	coarse_label	Blocklist (Data break)	n/a	n/a	n/a	n/a	n/a	n/a	n/a	n/a	n/a	77986.800000
77986.933333	120.100000	38993467	coarse_label	Blocklist (Camera move/zoom)	n/a	n/a	n/a	n/a	n/a	n/a	n/a	n/a	n/a	77986.933333
78107.033333	0.233333	39053517	coarse_label	Blocklist (Data break)	n/a	n/a	n/a	n/a	n/a	n/a	n/a	n/a	n/a	78107.033333
78107.266667	119.933333	39053633	coarse_label	Sleep/rest	n/a	n/a	n/a	n/a	n/a	n/a	n/a	n/a	n/a	78107.266667
78227.200000	0.233333	39113600	coarse_label	Blocklist (Data break)	n/a	n/a	n/a	n/a	n/a	n/a	n/a	n/a	n/a	78227.200000
78227.433333	122.000000	39113717	coarse_label	Sleep/rest	n/a	n/a	n/a	n/a	n/a	n/a	n/a	n/a	n/a	78227.433333
78349.433333	0.166667	39174717	coarse_label	Blocklist (Data break)	n/a	n/a	n/a	n/a	n/a	n/a	n/a	n/a	n/a	78349.433333
78349.600000	119.333333	39174800	coarse_label	Sleep/rest	n/a	n/a	n/a	n/a	n/a	n/a	n/a	n/a	n/a	78349.600000
78468.933333	0.133333	39234467	coarse_label	Blocklist (Data break)	n/a	n/a	n/a	n/a	n/a	n/a	n/a	n/a	n/a	78468.933333
78469.066667	121.633333	39234533	coarse_label	Sleep/rest	n/a	n/a	n/a	n/a	n/a	n/a	n/a	n/a	n/a	78469.066667
78590.700000	0.166667	39295350	coarse_label	Blocklist (Data break)	n/a	n/a	n/a	n/a	n/a	n/a	n/a	n/a	n/a	78590.700000
78590.866667	116.300000	39295433	coarse_label	Sleep/rest	n/a	n/a	n/a	n/a	n/a	n/a	n/a	n/a	n/a	78590.866667
78707.166667	0.233333	39353583	coarse_label	Blocklist (Data break)	n/a	n/a	n/a	n/a	n/a	n/a	n/a	n/a	n/a	78707.166667
78707.400000	119.166667	39353700	coarse_label	Talk	n/a	n/a	n/a	n/a	n/a	n/a	n/a	n/a	n/a	78707.400000
78755.704000	2.000000	39377852	reach_onset	n/a	r_wrist	71.632839	-168.199502	113.258370	0.275540	0.008729	0.000000	0.000000	78755.704000	78755.704000
78826.566667	0.066667	39413283	coarse_label	Blocklist (Data break)	n/a	n/a	n/a	n/a	n/a	n/a	n/a	n/a	n/a	78826.566667
78826.633333	120.133333	39413317	coarse_label	Sleep/rest	n/a	n/a	n/a	n/a	n/a	n/a	n/a	n/a	n/a	78826.633333
78946.766667	0.200000	39473383	coarse_label	Blocklist (Data break)	n/a	n/a	n/a	n/a	n/a	n/a	n/a	n/a	n/a	78946.766667
78946.966667	120.933333	39473483	coarse_label	Talk	n/a	n/a	n/a	n/a	n/a	n/a	n/a	n/a	n/a	78946.966667
79030.410000	0.833333	39515205	reach_onset	n/a	r_wrist	25.940774	-56.311819	66.730151	0.210930	0.016634	0.000000	0.000000	79030.410000	79030.411000
79067.900000	0.166667	39533950	coarse_label	Blocklist (Data break)	n/a	n/a	n/a	n/a	n/a	n/a	n/a	n/a	n/a	79067.900000
79068.066667	118.633333	39534033	coarse_label	Talk	n/a	n/a	n/a	n/a	n/a	n/a	n/a	n/a	n/a	79068.066667
79120.488000	0.433333	39560244	reach_onset	n/a	r_wrist	92.511392	-61.596653	375.569171	0.113915	0.025940	0.000000	0.000000	79120.488000	79120.489000
79186.700000	0.133333	39593350	coarse_label	Blocklist (Data break)	n/a	n/a	n/a	n/a	n/a	n/a	n/a	n/a	n/a	79186.700000
79186.833333	120.666667	39593417	coarse_label	Talk	n/a	n/a	n/a	n/a	n/a	n/a	n/a	n/a	n/a	79186.833333
79307.500000	0.100000	39653750	coarse_label	Blocklist (Data break)	n/a	n/a	n/a	n/a	n/a	n/a	n/a	n/a	n/a	79307.500000
79307.600000	119.333333	39653800	coarse_label	Other activity	n/a	n/a	n/a	n/a	n/a	n/a	n/a	n/a	n/a	79307.600000
79426.933333	0.166667	39713467	coarse_label	Blocklist (Data break)	n/a	n/a	n/a	n/a	n/a	n/a	n/a	n/a	n/a	79426.933333
79427.100000	119.366667	39713550	coarse_label	Inactive	n/a	n/a	n/a	n/a	n/a	n/a	n/a	n/a	n/a	79427.100000
79486.142000	1.500000	39743071	reach_onset	n/a	r_wrist	130.739628	123.054629	89.306325	0.110524	0.000000	1.500000	1.000000	79486.142000	79486.142000
79546.466667	0.200000	39773233	coarse_label	Blocklist (Data break)	n/a	n/a	n/a	n/a	n/a	n/a	n/a	n/a	n/a	79546.466667
79546.666667	126.633333	39773333	coarse_label	Computer/phone	n/a	n/a	n/a	n/a	n/a	n/a	n/a	n/a	n/a	79546.666667
79673.300000	0.166667	39836650	coarse_label	Blocklist (Data break)	n/a	n/a	n/a	n/a	n/a	n/a	n/a	n/a	n/a	79673.300000
79673.466667	115.100000	39836733	coarse_label	Computer/phone	n/a	n/a	n/a	n/a	n/a	n/a	n/a	n/a	n/a	79673.466667
79788.566667	0.200000	39894283	coarse_label	Blocklist (Data break)	n/a	n/a	n/a	n/a	n/a	n/a	n/a	n/a	n/a	79788.566667
79788.766667	120.933333	39894383	coarse_label	Sleep/rest	n/a	n/a	n/a	n/a	n/a	n/a	n/a	n/a	n/a	79788.766667
79909.700000	0.133333	39954850	coarse_label	Blocklist (Data break)	n/a	n/a	n/a	n/a	n/a	n/a	n/a	n/a	n/a	79909.700000
79909.833333	116.833333	39954917	coarse_label	Sleep/rest	n/a	n/a	n/a	n/a	n/a	n/a	n/a	n/a	n/a	79909.833333
80026.666667	0.200000	40013333	coarse_label	Blocklist (Data break)	n/a	n/a	n/a	n/a	n/a	n/a	n/a	n/a	n/a	80026.666667
80026.866667	120.366667	40013433	coarse_label	Sleep/rest	n/a	n/a	n/a	n/a	n/a	n/a	n/a	n/a	n/a	80026.866667
80147.233333	0.200000	40073617	coarse_label	Blocklist (Data break)	n/a	n/a	n/a	n/a	n/a	n/a	n/a	n/a	n/a	80147.233333
80147.433333	119.133333	40073717	coarse_label	Sleep/rest	n/a	n/a	n/a	n/a	n/a	n/a	n/a	n/a	n/a	80147.433333
80266.566667	0.200000	40133283	coarse_label	Blocklist (Data break)	n/a	n/a	n/a	n/a	n/a	n/a	n/a	n/a	n/a	80266.566667
80266.766667	120.400000	40133383	coarse_label	Sleep/rest	n/a	n/a	n/a	n/a	n/a	n/a	n/a	n/a	n/a	80266.766667
80387.166667	0.166667	40193583	coarse_label	Blocklist (Data break)	n/a	n/a	n/a	n/a	n/a	n/a	n/a	n/a	n/a	80387.166667
80387.333333	121.533333	40193667	coarse_label	Sleep/rest	n/a	n/a	n/a	n/a	n/a	n/a	n/a	n/a	n/a	80387.333333
80508.866667	0.300000	40254433	coarse_label	Blocklist (Data break)	n/a	n/a	n/a	n/a	n/a	n/a	n/a	n/a	n/a	80508.866667
80509.166667	117.966667	40254583	coarse_label	Sleep/rest	n/a	n/a	n/a	n/a	n/a	n/a	n/a	n/a	n/a	80509.166667
80627.133333	0.266667	40313567	coarse_label	Blocklist (Data break)	n/a	n/a	n/a	n/a	n/a	n/a	n/a	n/a	n/a	80627.133333
80627.400000	119.233333	40313700	coarse_label	Sleep/rest	n/a	n/a	n/a	n/a	n/a	n/a	n/a	n/a	n/a	80627.400000
80746.633333	0.300000	40373317	coarse_label	Blocklist (Data break)	n/a	n/a	n/a	n/a	n/a	n/a	n/a	n/a	n/a	80746.633333
80746.933333	120.433333	40373467	coarse_label	Sleep/rest	n/a	n/a	n/a	n/a	n/a	n/a	n/a	n/a	n/a	80746.933333
80867.366667	0.200000	40433683	coarse_label	Blocklist (Data break)	n/a	n/a	n/a	n/a	n/a	n/a	n/a	n/a	n/a	80867.366667
80867.566667	119.266667	40433783	coarse_label	Sleep/rest	n/a	n/a	n/a	n/a	n/a	n/a	n/a	n/a	n/a	80867.566667
80986.833333	0.166667	40493417	coarse_label	Blocklist (Data break)	n/a	n/a	n/a	n/a	n/a	n/a	n/a	n/a	n/a	80986.833333
80987.000000	124.033333	40493500	coarse_label	Sleep/rest	n/a	n/a	n/a	n/a	n/a	n/a	n/a	n/a	n/a	80987.000000
81111.033333	0.166667	40555517	coarse_label	Blocklist (Data break)	n/a	n/a	n/a	n/a	n/a	n/a	n/a	n/a	n/a	81111.033333
81111.200000	115.600000	40555600	coarse_label	Sleep/rest	n/a	n/a	n/a	n/a	n/a	n/a	n/a	n/a	n/a	81111.200000
81226.800000	0.233333	40613400	coarse_label	Blocklist (Data break)	n/a	n/a	n/a	n/a	n/a	n/a	n/a	n/a	n/a	81226.800000
81227.033333	119.200000	40613517	coarse_label	Sleep/rest	n/a	n/a	n/a	n/a	n/a	n/a	n/a	n/a	n/a	81227.033333
81346.233333	0.233333	40673117	coarse_label	Blocklist (Data break)	n/a	n/a	n/a	n/a	n/a	n/a	n/a	n/a	n/a	81346.233333
81346.466667	120.300000	40673233	coarse_label	Sleep/rest	n/a	n/a	n/a	n/a	n/a	n/a	n/a	n/a	n/a	81346.466667
81466.766667	0.266667	40733383	coarse_label	Blocklist (Data break)	n/a	n/a	n/a	n/a	n/a	n/a	n/a	n/a	n/a	81466.766667
81467.033333	119.200000	40733517	coarse_label	Sleep/rest	n/a	n/a	n/a	n/a	n/a	n/a	n/a	n/a	n/a	81467.033333
81586.233333	0.200000	40793117	coarse_label	Blocklist (Data break)	n/a	n/a	n/a	n/a	n/a	n/a	n/a	n/a	n/a	81586.233333
81586.433333	122.700000	40793217	coarse_label	Sleep/rest	n/a	n/a	n/a	n/a	n/a	n/a	n/a	n/a	n/a	81586.433333
81709.133333	0.266667	40854567	coarse_label	Blocklist (Data break)	n/a	n/a	n/a	n/a	n/a	n/a	n/a	n/a	n/a	81709.133333
81709.400000	116.900000	40854700	coarse_label	Sleep/rest	n/a	n/a	n/a	n/a	n/a	n/a	n/a	n/a	n/a	81709.400000
81826.300000	0.133333	40913150	coarse_label	Blocklist (Data break)	n/a	n/a	n/a	n/a	n/a	n/a	n/a	n/a	n/a	81826.300000
81826.433333	120.433333	40913217	coarse_label	Sleep/rest	n/a	n/a	n/a	n/a	n/a	n/a	n/a	n/a	n/a	81826.433333
81946.866667	0.133333	40973433	coarse_label	Blocklist (Data break)	n/a	n/a	n/a	n/a	n/a	n/a	n/a	n/a	n/a	81946.866667
81947.000000	119.700000	40973500	coarse_label	Sleep/rest	n/a	n/a	n/a	n/a	n/a	n/a	n/a	n/a	n/a	81947.000000
82066.700000	0.233333	41033350	coarse_label	Blocklist (Data break)	n/a	n/a	n/a	n/a	n/a	n/a	n/a	n/a	n/a	82066.700000
82066.933333	129.366667	41033467	coarse_label	Sleep/rest	n/a	n/a	n/a	n/a	n/a	n/a	n/a	n/a	n/a	82066.933333
82196.300000	0.166667	41098150	coarse_label	Blocklist (Data break)	n/a	n/a	n/a	n/a	n/a	n/a	n/a	n/a	n/a	82196.300000
82196.466667	110.100000	41098233	coarse_label	Sleep/rest	n/a	n/a	n/a	n/a	n/a	n/a	n/a	n/a	n/a	82196.466667
82306.566667	0.300000	41153283	coarse_label	Blocklist (Data break)	n/a	n/a	n/a	n/a	n/a	n/a	n/a	n/a	n/a	82306.566667
82306.866667	120.933333	41153433	coarse_label	Sleep/rest	n/a	n/a	n/a	n/a	n/a	n/a	n/a	n/a	n/a	82306.866667
82427.800000	0.133333	41213900	coarse_label	Blocklist (Data break)	n/a	n/a	n/a	n/a	n/a	n/a	n/a	n/a	n/a	82427.800000
82427.933333	131.666667	41213967	coarse_label	Sleep/rest	n/a	n/a	n/a	n/a	n/a	n/a	n/a	n/a	n/a	82427.933333
82559.600000	0.266667	41279800	coarse_label	Blocklist (Data break)	n/a	n/a	n/a	n/a	n/a	n/a	n/a	n/a	n/a	82559.600000
82559.866667	106.600000	41279933	coarse_label	Sleep/rest	n/a	n/a	n/a	n/a	n/a	n/a	n/a	n/a	n/a	82559.866667
82666.466667	0.133333	41333233	coarse_label	Blocklist (Data break)	n/a	n/a	n/a	n/a	n/a	n/a	n/a	n/a	n/a	82666.466667
82666.600000	119.800000	41333300	coarse_label	Sleep/rest	n/a	n/a	n/a	n/a	n/a	n/a	n/a	n/a	n/a	82666.600000
82786.400000	0.100000	41393200	coarse_label	Blocklist (Data break)	n/a	n/a	n/a	n/a	n/a	n/a	n/a	n/a	n/a	82786.400000
82786.500000	119.766667	41393250	coarse_label	Sleep/rest	n/a	n/a	n/a	n/a	n/a	n/a	n/a	n/a	n/a	82786.500000
82906.266667	0.133333	41453133	coarse_label	Blocklist (Data break)	n/a	n/a	n/a	n/a	n/a	n/a	n/a	n/a	n/a	82906.266667
82906.400000	120.833333	41453200	coarse_label	Sleep/rest	n/a	n/a	n/a	n/a	n/a	n/a	n/a	n/a	n/a	82906.400000
83027.233333	0.300000	41513617	coarse_label	Blocklist (Data break)	n/a	n/a	n/a	n/a	n/a	n/a	n/a	n/a	n/a	83027.233333
83027.533333	120.833333	41513767	coarse_label	Sleep/rest	n/a	n/a	n/a	n/a	n/a	n/a	n/a	n/a	n/a	83027.533333
83148.366667	0.233333	41574183	coarse_label	Blocklist (Data break)	n/a	n/a	n/a	n/a	n/a	n/a	n/a	n/a	n/a	83148.366667
83148.600000	118.500000	41574300	coarse_label	Sleep/rest	n/a	n/a	n/a	n/a	n/a	n/a	n/a	n/a	n/a	83148.600000
83267.100000	0.166667	41633550	coarse_label	Blocklist (Data break)	n/a	n/a	n/a	n/a	n/a	n/a	n/a	n/a	n/a	83267.100000
83267.266667	119.733333	41633633	coarse_label	Sleep/rest	n/a	n/a	n/a	n/a	n/a	n/a	n/a	n/a	n/a	83267.266667
83387.000000	0.133333	41693500	coarse_label	Blocklist (Data break)	n/a	n/a	n/a	n/a	n/a	n/a	n/a	n/a	n/a	83387.000000
83387.133333	130.500000	41693567	coarse_label	Sleep/rest	n/a	n/a	n/a	n/a	n/a	n/a	n/a	n/a	n/a	83387.133333
83517.633333	0.166667	41758817	coarse_label	Blocklist (Data break)	n/a	n/a	n/a	n/a	n/a	n/a	n/a	n/a	n/a	83517.633333
83517.800000	118.533333	41758900	coarse_label	Sleep/rest	n/a	n/a	n/a	n/a	n/a	n/a	n/a	n/a	n/a	83517.800000
83636.333333	0.133333	41818167	coarse_label	Blocklist (Data break)	n/a	n/a	n/a	n/a	n/a	n/a	n/a	n/a	n/a	83636.333333
83636.466667	110.633333	41818233	coarse_label	Sleep/rest	n/a	n/a	n/a	n/a	n/a	n/a	n/a	n/a	n/a	83636.466667
83747.100000	0.133333	41873550	coarse_label	Blocklist (Data break)	n/a	n/a	n/a	n/a	n/a	n/a	n/a	n/a	n/a	83747.100000
83747.233333	119.366667	41873617	coarse_label	Sleep/rest	n/a	n/a	n/a	n/a	n/a	n/a	n/a	n/a	n/a	83747.233333
83838.398000	4.990000	41919199	nan_segment	n/a	n/a	n/a	n/a	n/a	n/a	n/a	n/a	n/a	n/a	n/a
83866.600000	0.233333	41933300	coarse_label	Blocklist (Data break)	n/a	n/a	n/a	n/a	n/a	n/a	n/a	n/a	n/a	83866.600000
83866.833333	119.533333	41933417	coarse_label	Sleep/rest	n/a	n/a	n/a	n/a	n/a	n/a	n/a	n/a	n/a	83866.833333
83986.366667	0.133333	41993183	coarse_label	Blocklist (Data break)	n/a	n/a	n/a	n/a	n/a	n/a	n/a	n/a	n/a	83986.366667
83986.500000	120.600000	41993250	coarse_label	Sleep/rest	n/a	n/a	n/a	n/a	n/a	n/a	n/a	n/a	n/a	83986.500000
84107.100000	0.233333	42053550	coarse_label	Blocklist (Data break)	n/a	n/a	n/a	n/a	n/a	n/a	n/a	n/a	n/a	84107.100000
84107.333333	119.466667	42053667	coarse_label	Sleep/rest	n/a	n/a	n/a	n/a	n/a	n/a	n/a	n/a	n/a	84107.333333
84226.800000	0.166667	42113400	coarse_label	Blocklist (Data break)	n/a	n/a	n/a	n/a	n/a	n/a	n/a	n/a	n/a	84226.800000
84226.966667	119.566667	42113483	coarse_label	Sleep/rest	n/a	n/a	n/a	n/a	n/a	n/a	n/a	n/a	n/a	84226.966667
84346.533333	0.100000	42173267	coarse_label	Blocklist (Data break)	n/a	n/a	n/a	n/a	n/a	n/a	n/a	n/a	n/a	84346.533333
84346.633333	120.566667	42173317	coarse_label	Sleep/rest	n/a	n/a	n/a	n/a	n/a	n/a	n/a	n/a	n/a	84346.633333
84467.200000	0.300000	42233600	coarse_label	Blocklist (Data break)	n/a	n/a	n/a	n/a	n/a	n/a	n/a	n/a	n/a	84467.200000
84467.500000	119.400000	42233750	coarse_label	Sleep/rest	n/a	n/a	n/a	n/a	n/a	n/a	n/a	n/a	n/a	84467.500000
84586.900000	0.266667	42293450	coarse_label	Blocklist (Data break)	n/a	n/a	n/a	n/a	n/a	n/a	n/a	n/a	n/a	84586.900000
84587.166667	119.400000	42293583	coarse_label	Sleep/rest	n/a	n/a	n/a	n/a	n/a	n/a	n/a	n/a	n/a	84587.166667
84706.566667	0.266667	42353283	coarse_label	Blocklist (Data break)	n/a	n/a	n/a	n/a	n/a	n/a	n/a	n/a	n/a	84706.566667
84706.833333	119.600000	42353417	coarse_label	Blocklist (Private time)	n/a	n/a	n/a	n/a	n/a	n/a	n/a	n/a	n/a	84706.833333
84721.872000	5.316000	42360936	nan_segment	n/a	n/a	n/a	n/a	n/a	n/a	n/a	n/a	n/a	n/a	n/a
84826.433333	0.233333	42413217	coarse_label	Blocklist (Data break)	n/a	n/a	n/a	n/a	n/a	n/a	n/a	n/a	n/a	84826.433333
84826.666667	120.200000	42413333	coarse_label	Blocklist (Private time)	n/a	n/a	n/a	n/a	n/a	n/a	n/a	n/a	n/a	84826.666667
84946.866667	0.166667	42473433	coarse_label	Blocklist (Data break)	n/a	n/a	n/a	n/a	n/a	n/a	n/a	n/a	n/a	84946.866667
84947.033333	120.033333	42473517	coarse_label	Blocklist (Private time)	n/a	n/a	n/a	n/a	n/a	n/a	n/a	n/a	n/a	84947.033333
85067.066667	0.133333	42533533	coarse_label	Blocklist (Data break)	n/a	n/a	n/a	n/a	n/a	n/a	n/a	n/a	n/a	85067.066667
85067.200000	122.766667	42533600	coarse_label	Sleep/rest	n/a	n/a	n/a	n/a	n/a	n/a	n/a	n/a	n/a	85067.200000
85189.966667	0.133333	42594983	coarse_label	Blocklist (Data break)	n/a	n/a	n/a	n/a	n/a	n/a	n/a	n/a	n/a	85189.966667
85190.100000	116.533333	42595050	coarse_label	Sleep/rest	n/a	n/a	n/a	n/a	n/a	n/a	n/a	n/a	n/a	85190.100000
85306.633333	0.266667	42653317	coarse_label	Blocklist (Data break)	n/a	n/a	n/a	n/a	n/a	n/a	n/a	n/a	n/a	85306.633333
85306.900000	120.233333	42653450	coarse_label	Sleep/rest	n/a	n/a	n/a	n/a	n/a	n/a	n/a	n/a	n/a	85306.900000
85427.133333	0.166667	42713567	coarse_label	Blocklist (Data break)	n/a	n/a	n/a	n/a	n/a	n/a	n/a	n/a	n/a	85427.133333
85427.300000	119.000000	42713650	coarse_label	Sleep/rest	n/a	n/a	n/a	n/a	n/a	n/a	n/a	n/a	n/a	85427.300000
85546.300000	0.200000	42773150	coarse_label	Blocklist (Data break)	n/a	n/a	n/a	n/a	n/a	n/a	n/a	n/a	n/a	85546.300000
85546.500000	120.166667	42773250	coarse_label	Sleep/rest	n/a	n/a	n/a	n/a	n/a	n/a	n/a	n/a	n/a	85546.500000
85666.666667	0.233333	42833333	coarse_label	Blocklist (Data break)	n/a	n/a	n/a	n/a	n/a	n/a	n/a	n/a	n/a	85666.666667
85666.900000	120.100000	42833450	coarse_label	Sleep/rest	n/a	n/a	n/a	n/a	n/a	n/a	n/a	n/a	n/a	85666.900000
85787.000000	0.266667	42893500	coarse_label	Blocklist (Data break)	n/a	n/a	n/a	n/a	n/a	n/a	n/a	n/a	n/a	85787.000000
85787.266667	118.766667	42893633	coarse_label	Sleep/rest	n/a	n/a	n/a	n/a	n/a	n/a	n/a	n/a	n/a	85787.266667
85906.033333	0.266667	42953017	coarse_label	Blocklist (Data break)	n/a	n/a	n/a	n/a	n/a	n/a	n/a	n/a	n/a	85906.033333
85906.300000	123.666667	42953150	coarse_label	Sleep/rest	n/a	n/a	n/a	n/a	n/a	n/a	n/a	n/a	n/a	85906.300000
86029.966667	0.200000	43014983	coarse_label	Blocklist (Data break)	n/a	n/a	n/a	n/a	n/a	n/a	n/a	n/a	n/a	86029.966667
86030.166667	119.900000	43015083	coarse_label	Other activity	n/a	n/a	n/a	n/a	n/a	n/a	n/a	n/a	n/a	86030.166667
86040.360000	1.800000	43020180	reach_onset	n/a	r_wrist	30.321814	-109.427170	50.271166	0.082041	0.612900	1.800000	1.000000	86040.360000	86040.360000
86119.856000	6.618000	43059928	nan_segment	n/a	n/a	n/a	n/a	n/a	n/a	n/a	n/a	n/a	n/a	n/a
86126.712000	4.388000	43063356	nan_segment	n/a	n/a	n/a	n/a	n/a	n/a	n/a	n/a	n/a	n/a	n/a
86150.066667	0.166667	43075033	coarse_label	Blocklist (Data break)	n/a	n/a	n/a	n/a	n/a	n/a	n/a	n/a	n/a	86150.066667
86150.233333	116.200000	43075117	coarse_label	Sleep/rest	n/a	n/a	n/a	n/a	n/a	n/a	n/a	n/a	n/a	86150.233333
86199.680000	4.498000	43099840	nan_segment	n/a	n/a	n/a	n/a	n/a	n/a	n/a	n/a	n/a	n/a	n/a
86266.433333	0.233333	43133217	coarse_label	Blocklist (Data break)	n/a	n/a	n/a	n/a	n/a	n/a	n/a	n/a	n/a	86266.433333
86266.666667	119.900000	43133333	coarse_label	Sleep/rest	n/a	n/a	n/a	n/a	n/a	n/a	n/a	n/a	n/a	86266.666667
86386.566667	13.433333	43193283	coarse_label	Blocklist (Data break)	n/a	n/a	n/a	n/a	n/a	n/a	n/a	n/a	n/a	86386.566667
