onset	duration	sample	trial_type	coarse_label	wrist	reach_magnitude_px	reach_angle_degrees	onset_speed_px_per_sec	speech_ratio	bimanual_ratio	bimanual_overlap	bimanual_class	source_ecog_time	source_time_of_day
0.000000	53.266667	0	coarse_label	Blocklist (Data break)	n/a	n/a	n/a	n/a	n/a	n/a	n/a	n/a	n/a	0.000000
53.266667	115.433333	26633	coarse_label	Sleep/rest	n/a	n/a	n/a	n/a	n/a	n/a	n/a	n/a	n/a	53.266667
168.700000	0.166667	84350	coarse_label	Blocklist (Data break)	n/a	n/a	n/a	n/a	n/a	n/a	n/a	n/a	n/a	168.700000
168.866667	121.533333	84433	coarse_label	Sleep/rest	n/a	n/a	n/a	n/a	n/a	n/a	n/a	n/a	n/a	168.866667
290.400000	0.100000	145200	coarse_label	Blocklist (Data break)	n/a	n/a	n/a	n/a	n/a	n/a	n/a	n/a	n/a	290.400000
290.500000	126.166667	145250	coarse_label	Sleep/rest	n/a	n/a	n/a	n/a	n/a	n/a	n/a	n/a	n/a	290.500000
416.666667	0.200000	208333	coarse_label	Blocklist (Data break)	n/a	n/a	n/a	n/a	n/a	n/a	n/a	n/a	n/a	416.666667
416.866667	118.966667	208433	coarse_label	Sleep/rest	n/a	n/a	n/a	n/a	n/a	n/a	n/a	n/a	n/a	416.866667
535.833333	0.166667	267917	coarse_label	Blocklist (Data break)	n/a	n/a	n/a	n/a	n/a	n/a	n/a	n/a	n/a	535.833333
536.000000	113.100000	268000	coarse_label	Sleep/rest	n/a	n/a	n/a	n/a	n/a	n/a	n/a	n/a	n/a	536.000000
649.100000	0.166667	324550	coarse_label	Blocklist (Data break)	n/a	n/a	n/a	n/a	n/a	n/a	n/a	n/a	n/a	649.100000
649.266667	121.633333	324633	coarse_label	Blocklist (Private time)	n/a	n/a	n/a	n/a	n/a	n/a	n/a	n/a	n/a	649.266667
770.900000	0.266667	385450	coarse_label	Blocklist (Data break)	n/a	n/a	n/a	n/a	n/a	n/a	n/a	n/a	n/a	770.900000
771.166667	118.000000	385583	coarse_label	Blocklist (Private time)	n/a	n/a	n/a	n/a	n/a	n/a	n/a	n/a	n/a	771.166667
889.166667	0.233333	444583	coarse_label	Blocklist (Data break)	n/a	n/a	n/a	n/a	n/a	n/a	n/a	n/a	n/a	889.166667
889.400000	121.666667	444700	coarse_label	Blocklist (Private time)	n/a	n/a	n/a	n/a	n/a	n/a	n/a	n/a	n/a	889.400000
1011.066667	0.233333	505533	coarse_label	Blocklist (Data break)	n/a	n/a	n/a	n/a	n/a	n/a	n/a	n/a	n/a	1011.066667
1011.300000	120.233333	505650	coarse_label	Sleep/rest	n/a	n/a	n/a	n/a	n/a	n/a	n/a	n/a	n/a	1011.300000
1131.533333	0.166667	565767	coarse_label	Blocklist (Data break)	n/a	n/a	n/a	n/a	n/a	n/a	n/a	n/a	n/a	1131.533333
1131.700000	117.866667	565850	coarse_label	Sleep/rest	n/a	n/a	n/a	n/a	n/a	n/a	n/a	n/a	n/a	1131.700000
1249.566667	0.200000	624783	coarse_label	Blocklist (Data break)	n/a	n/a	n/a	n/a	n/a	n/a	n/a	n/a	n/a	1249.566667
1249.766667	119.066667	624883	coarse_label	Sleep/rest	n/a	n/a	n/a	n/a	n/a	n/a	n/a	n/a	n/a	1249.766667
1368.833333	0.100000	684417	coarse_label	Blocklist (Data break)	n/a	n/a	n/a	n/a	n/a	n/a	n/a	n/a	n/a	1368.833333
1368.933333	123.733333	684467	coarse_label	Sleep/rest	n/a	n/a	n/a	n/a	n/a	n/a	n/a	n/a	n/a	1368.933333
1492.666667	0.300000	746333	coarse_label	Blocklist (Data break)	n/a	n/a	n/a	n/a	n/a	n/a	n/a	n/a	n/a	1492.666667
1492.966667	121.400000	746483	coarse_label	Sleep/rest	n/a	n/a	n/a	n/a	n/a	n/a	n/a	n/a	n/a	1492.966667
1614.366667	0.300000	807183	coarse_label	Blocklist (Data break)	n/a	n/a	n/a	n/a	n/a	n/a	n/a	n/a	n/a	1614.366667
1614.666667	114.266667	807333	coarse_label	Sleep/rest	n/a	n/a	n/a	n/a	n/a	n/a	n/a	n/a	n/a	1614.666667
1728.933333	0.166667	864467	coarse_label	Blocklist (Data break)	n/a	n/a	n/a	n/a	n/a	n/a	n/a	n/a	n/a	1728.933333
1729.100000	120.300000	864550	coarse_label	Sleep/rest	n/a	n/a	n/a	n/a	n/a	n/a	n/a	n/a	n/a	1729.100000
1849.400000	0.200000	924700	coarse_label	Blocklist (Data break)	n/a	n/a	n/a	n/a	n/a	n/a	n/a	n/a	n/a	1849.400000
1849.600000	122.600000	924800	coarse_label	Sleep/rest	n/a	n/a	n/a	n/a	n/a	n/a	n/a	n/a	n/a	1849.600000
1972.200000	0.200000	986100	coarse_label	Blocklist (Data break)	n/a	n/a	n/a	n/a	n/a	n/a	n/a	n/a	n/a	1972.200000
1972.400000	117.333333	986200	coarse_label	Sleep/rest	n/a	n/a	n/a	n/a	n/a	n/a	n/a	n/a	n/a	1972.400000
2089.733333	0.100000	1044867	coarse_label	Blocklist (Data break)	n/a	n/a	n/a	n/a	n/a	n/a	n/a	n/a	n/a	2089.733333
2089.833333	122.900000	1044917	coarse_label	Sleep/rest	n/a	n/a	n/a	n/a	n/a	n/a	n/a	n/a	n/a	2089.833333
2212.733333	0.166667	1106367	coarse_label	Blocklist (Data break)	n/a	n/a	n/a	n/a	n/a	n/a	n/a	n/a	n/a	2212.733333
2212.900000	116.933333	1106450	coarse_label	Sleep/rest	n/a	n/a	n/a	n/a	n/a	n/a	n/a	n/a	n/a	2212.900000
2329.833333	0.133333	1164917	coarse_label	Blocklist (Data break)	n/a	n/a	n/a	n/a	n/a	n/a	n/a	n/a	n/a	2329.833333
2329.966667	119.300000	1164983	coarse_label	Sleep/rest	n/a	n/a	n/a	n/a	n/a	n/a	n/a	n/a	n/a	2329.966667
2449.266667	0.133333	1224633	coarse_label	Blocklist (Data break)	n/a	n/a	n/a	n/a	n/a	n/a	n/a	n/a	n/a	2449.266667
2449.400000	119.233333	1224700	coarse_label	Sleep/rest	n/a	n/a	n/a	n/a	n/a	n/a	n/a	n/a	n/a	2449.400000
2568.633333	0.233333	1284317	coarse_label	Blocklist (Data break)	n/a	n/a	n/a	n/a	n/a	n/a	n/a	n/a	n/a	2568.633333
2568.866667	120.533333	1284433	coarse_label	Sleep/rest	n/a	n/a	n/a	n/a	n/a	n/a	n/a	n/a	n/a	2568.866667
2689.400000	0.233333	1344700	coarse_label	Blocklist (Data break)	n/a	n/a	n/a	n/a	n/a	n/a	n/a	n/a	n/a	2689.400000
2689.633333	119.333333	1344817	coarse_label	Sleep/rest	n/a	n/a	n/a	n/a	n/a	n/a	n/a	n/a	n/a	2689.633333
2808.966667	0.200000	1404483	coarse_label	Blocklist (Data break)	n/a	n/a	n/a	n/a	n/a	n/a	n/a	n/a	n/a	2808.966667
2809.166667	120.500000	1404583	coarse_label	Sleep/rest	n/a	n/a	n/a	n/a	n/a	n/a	n/a	n/a	n/a	2809.166667
2929.666667	0.233333	1464833	coarse_label	Blocklist (Data break)	n/a	n/a	n/a	n/a	n/a	n/a	n/a	n/a	n/a	2929.666667
2929.900000	119.400000	1464950	coarse_label	Sleep/rest	n/a	n/a	n/a	n/a	n/a	n/a	n/a	n/a	n/a	2929.900000
3049.300000	0.133333	1524650	coarse_label	Blocklist (Data break)	n/a	n/a	n/a	n/a	n/a	n/a	n/a	n/a	n/a	3049.300000
3049.433333	119.400000	1524717	coarse_label	Sleep/rest	n/a	n/a	n/a	n/a	n/a	n/a	n/a	n/a	n/a	3049.433333
3168.833333	0.133333	1584417	coarse_label	Blocklist (Data break)	n/a	n/a	n/a	n/a	n/a	n/a	n/a	n/a	n/a	3168.833333
3168.966667	120.733333	1584483	coarse_label	Sleep/rest	n/a	n/a	n/a	n/a	n/a	n/a	n/a	n/a	n/a	3168.966667
3289.700000	0.100000	1644850	coarse_label	Blocklist (Data break)	n/a	n/a	n/a	n/a	n/a	n/a	n/a	n/a	n/a	3289.700000
3289.800000	122.933333	1644900	coarse_label	Sleep/rest	n/a	n/a	n/a	n/a	n/a	n/a	n/a	n/a	n/a	3289.800000
3412.733333	0.200000	1706367	coarse_label	Blocklist (Data break)	n/a	n/a	n/a	n/a	n/a	n/a	n/a	n/a	n/a	3412.733333
3412.933333	116.866667	1706467	coarse_label	Sleep/rest	n/a	n/a	n/a	n/a	n/a	n/a	n/a	n/a	n/a	3412.933333
3529.800000	0.266667	1764900	coarse_label	Blocklist (Data break)	n/a	n/a	n/a	n/a	n/a	n/a	n/a	n/a	n/a	3529.800000
3530.066667	119.300000	1765033	coarse_label	Sleep/rest	n/a	n/a	n/a	n/a	n/a	n/a	n/a	n/a	n/a	3530.066667
3649.366667	0.200000	1824683	coarse_label	Blocklist (Data break)	n/a	n/a	n/a	n/a	n/a	n/a	n/a	n/a	n/a	3649.366667
3649.566667	120.533333	1824783	coarse_label	Sleep/rest	n/a	n/a	n/a	n/a	n/a	n/a	n/a	n/a	n/a	3649.566667
3770.100000	0.200000	1885050	coarse_label	Blocklist (Data break)	n/a	n/a	n/a	n/a	n/a	n/a	n/a	n/a	n/a	3770.100000
3770.300000	120.533333	1885150	coarse_label	Sleep/rest	n/a	n/a	n/a	n/a	n/a	n/a	n/a	n/a	n/a	3770.300000
3890.833333	0.233333	1945417	coarse_label	Blocklist (Data break)	n/a	n/a	n/a	n/a	n/a	n/a	n/a	n/a	n/a	3890.833333
3891.066667	119.366667	1945533	coarse_label	Sleep/rest	n/a	n/a	n/a	n/a	n/a	n/a	n/a	n/a	n/a	3891.066667
4010.433333	0.166667	2005217	coarse_label	Blocklist (Data break)	n/a	n/a	n/a	n/a	n/a	n/a	n/a	n/a	n/a	4010.433333
4010.600000	118.066667	2005300	coarse_label	Sleep/rest	n/a	n/a	n/a	n/a	n/a	n/a	n/a	n/a	n/a	4010.600000
4128.666667	0.233333	2064333	coarse_label	Blocklist (Data break)	n/a	n/a	n/a	n/a	n/a	n/a	n/a	n/a	n/a	4128.666667
4128.900000	120.533333	2064450	coarse_label	Sleep/rest	n/a	n/a	n/a	n/a	n/a	n/a	n/a	n/a	n/a	4128.900000
4249.433333	0.166667	2124717	coarse_label	Blocklist (Data break)	n/a	n/a	n/a	n/a	n/a	n/a	n/a	n/a	n/a	4249.433333
4249.600000	119.400000	2124800	coarse_label	Sleep/rest	n/a	n/a	n/a	n/a	n/a	n/a	n/a	n/a	n/a	4249.600000
4369.000000	0.100000	2184500	coarse_label	Blocklist (Data break)	n/a	n/a	n/a	n/a	n/a	n/a	n/a	n/a	n/a	4369.000000
4369.100000	120.433333	2184550	coarse_label	Sleep/rest	n/a	n/a	n/a	n/a	n/a	n/a	n/a	n/a	n/a	4369.100000
4489.533333	0.266667	2244767	coarse_label	Blocklist (Data break)	n/a	n/a	n/a	n/a	n/a	n/a	n/a	n/a	n/a	4489.533333
4489.800000	119.400000	2244900	coarse_label	Sleep/rest	n/a	n/a	n/a	n/a	n/a	n/a	n/a	n/a	n/a	4489.800000
4609.200000	0.100000	2304600	coarse_label	Blocklist (Data break)	n/a	n/a	n/a	n/a	n/a	n/a	n/a	n/a	n/a	4609.200000
4609.300000	119.400000	2304650	coarse_label	Sleep/rest	n/a	n/a	n/a	n/a	n/a	n/a	n/a	n/a	n/a	4609.300000
4728.700000	0.133333	2364350	coarse_label	Blocklist (Data break)	n/a	n/a	n/a	n/a	n/a	n/a	n/a	n/a	n/a	4728.700000
4728.833333	122.900000	2364417	coarse_label	Sleep/rest	n/a	n/a	n/a	n/a	n/a	n/a	n/a	n/a	n/a	4728.833333
4851.733333	0.233333	2425867	coarse_label	Blocklist (Data break)	n/a	n/a	n/a	n/a	n/a	n/a	n/a	n/a	n/a	4851.733333
4851.966667	118.133333	2425983	coarse_label	Sleep/rest	n/a	n/a	n/a	n/a	n/a	n/a	n/a	n/a	n/a	4851.966667
4970.100000	0.166667	2485050	coarse_label	Blocklist (Data break)	n/a	n/a	n/a	n/a	n/a	n/a	n/a	n/a	n/a	4970.100000
4970.266667	120.566667	2485133	coarse_label	Sleep/rest	n/a	n/a	n/a	n/a	n/a	n/a	n/a	n/a	n/a	4970.266667
5090.833333	0.166667	2545417	coarse_label	Blocklist (Data break)	n/a	n/a	n/a	n/a	n/a	n/a	n/a	n/a	n/a	5090.833333
5091.000000	118.200000	2545500	coarse_label	Sleep/rest	n/a	n/a	n/a	n/a	n/a	n/a	n/a	n/a	n/a	5091.000000
5209.200000	0.133333	2604600	coarse_label	Blocklist (Data break)	n/a	n/a	n/a	n/a	n/a	n/a	n/a	n/a	n/a	5209.200000
5209.333333	119.400000	2604667	coarse_label	Sleep/rest	n/a	n/a	n/a	n/a	n/a	n/a	n/a	n/a	n/a	5209.333333
5328.733333	0.133333	2664367	coarse_label	Blocklist (Data break)	n/a	n/a	n/a	n/a	n/a	n/a	n/a	n/a	n/a	5328.733333
5328.866667	120.566667	2664433	coarse_label	Sleep/rest	n/a	n/a	n/a	n/a	n/a	n/a	n/a	n/a	n/a	5328.866667
5449.433333	0.166667	2724717	coarse_label	Blocklist (Data break)	n/a	n/a	n/a	n/a	n/a	n/a	n/a	n/a	n/a	5449.433333
5449.600000	119.366667	2724800	coarse_label	Sleep/rest	n/a	n/a	n/a	n/a	n/a	n/a	n/a	n/a	n/a	5449.600000
5568.966667	0.133333	2784483	coarse_label	Blocklist (Data break)	n/a	n/a	n/a	n/a	n/a	n/a	n/a	n/a	n/a	5568.966667
5569.100000	122.900000	2784550	coarse_label	Sleep/rest	n/a	n/a	n/a	n/a	n/a	n/a	n/a	n/a	n/a	5569.100000
5692.000000	0.166667	2846000	coarse_label	Blocklist (Data break)	n/a	n/a	n/a	n/a	n/a	n/a	n/a	n/a	n/a	5692.000000
5692.166667	116.900000	2846083	coarse_label	Sleep/rest	n/a	n/a	n/a	n/a	n/a	n/a	n/a	n/a	n/a	5692.166667
5809.066667	0.200000	2904533	coarse_label	Blocklist (Data break)	n/a	n/a	n/a	n/a	n/a	n/a	n/a	n/a	n/a	5809.066667
5809.266667	119.233333	2904633	coarse_label	Sleep/rest	n/a	n/a	n/a	n/a	n/a	n/a	n/a	n/a	n/a	5809.266667
5928.500000	0.266667	2964250	coarse_label	Blocklist (Data break)	n/a	n/a	n/a	n/a	n/a	n/a	n/a	n/a	n/a	5928.500000
5928.766667	120.466667	2964383	coarse_label	Sleep/rest	n/a	n/a	n/a	n/a	n/a	n/a	n/a	n/a	n/a	5928.766667
6049.233333	0.233333	3024617	coarse_label	Blocklist (Data break)	n/a	n/a	n/a	n/a	n/a	n/a	n/a	n/a	n/a	6049.233333
6049.466667	119.366667	3024733	coarse_label	Sleep/rest	n/a	n/a	n/a	n/a	n/a	n/a	n/a	n/a	n/a	6049.466667
6168.833333	0.100000	3084417	coarse_label	Blocklist (Data break)	n/a	n/a	n/a	n/a	n/a	n/a	n/a	n/a	n/a	6168.833333
6168.933333	121.800000	3084467	coarse_label	Sleep/rest	n/a	n/a	n/a	n/a	n/a	n/a	n/a	n/a	n/a	6168.933333
6290.733333	0.133333	3145367	coarse_label	Blocklist (Data break)	n/a	n/a	n/a	n/a	n/a	n/a	n/a	n/a	n/a	6290.733333
6290.866667	118.200000	3145433	coarse_label	Sleep/rest	n/a	n/a	n/a	n/a	n/a	n/a	n/a	n/a	n/a	6290.866667
6409.066667	0.133333	3204533	coarse_label	Blocklist (Data break)	n/a	n/a	n/a	n/a	n/a	n/a	n/a	n/a	n/a	6409.066667
6409.200000	119.266667	3204600	coarse_label	Sleep/rest	n/a	n/a	n/a	n/a	n/a	n/a	n/a	n/a	n/a	6409.200000
6528.466667	0.266667	3264233	coarse_label	Blocklist (Data break)	n/a	n/a	n/a	n/a	n/a	n/a	n/a	n/a	n/a	6528.466667
6528.733333	120.533333	3264367	coarse_label	Sleep/rest	n/a	n/a	n/a	n/a	n/a	n/a	n/a	n/a	n/a	6528.733333
6649.266667	0.266667	3324633	coarse_label	Blocklist (Data break)	n/a	n/a	n/a	n/a	n/a	n/a	n/a	n/a	n/a	6649.266667
6649.533333	125.366667	3324767	coarse_label	Sleep/rest	n/a	n/a	n/a	n/a	n/a	n/a	n/a	n/a	n/a	6649.533333
6774.900000	0.166667	3387450	coarse_label	Blocklist (Data break)	n/a	n/a	n/a	n/a	n/a	n/a	n/a	n/a	n/a	6774.900000
6775.066667	113.400000	3387533	coarse_label	Sleep/rest	n/a	n/a	n/a	n/a	n/a	n/a	n/a	n/a	n/a	6775.066667
6888.466667	0.200000	3444233	coarse_label	Blocklist (Data break)	n/a	n/a	n/a	n/a	n/a	n/a	n/a	n/a	n/a	6888.466667
6888.666667	120.466667	3444333	coarse_label	Sleep/rest	n/a	n/a	n/a	n/a	n/a	n/a	n/a	n/a	n/a	6888.666667
7009.133333	0.266667	3504567	coarse_label	Blocklist (Data break)	n/a	n/a	n/a	n/a	n/a	n/a	n/a	n/a	n/a	7009.133333
7009.400000	119.366667	3504700	coarse_label	Sleep/rest	n/a	n/a	n/a	n/a	n/a	n/a	n/a	n/a	n/a	7009.400000
7128.766667	0.166667	3564383	coarse_label	Blocklist (Data break)	n/a	n/a	n/a	n/a	n/a	n/a	n/a	n/a	n/a	7128.766667
7128.933333	120.533333	3564467	coarse_label	Sleep/rest	n/a	n/a	n/a	n/a	n/a	n/a	n/a	n/a	n/a	7128.933333
7249.466667	0.233333	3624733	coarse_label	Blocklist (Data break)	n/a	n/a	n/a	n/a	n/a	n/a	n/a	n/a	n/a	7249.466667
7249.700000	119.300000	3624850	coarse_label	Sleep/rest	n/a	n/a	n/a	n/a	n/a	n/a	n/a	n/a	n/a	7249.700000
7369.000000	0.233333	3684500	coarse_label	Blocklist (Data break)	n/a	n/a	n/a	n/a	n/a	n/a	n/a	n/a	n/a	7369.000000
7369.233333	120.633333	3684617	coarse_label	Sleep/rest	n/a	n/a	n/a	n/a	n/a	n/a	n/a	n/a	n/a	7369.233333
7489.866667	0.100000	3744933	coarse_label	Blocklist (Data break)	n/a	n/a	n/a	n/a	n/a	n/a	n/a	n/a	n/a	7489.866667
7489.966667	119.500000	3744983	coarse_label	Sleep/rest	n/a	n/a	n/a	n/a	n/a	n/a	n/a	n/a	n/a	7489.966667
7609.466667	0.200000	3804733	coarse_label	Blocklist (Data break)	n/a	n/a	n/a	n/a	n/a	n/a	n/a	n/a	n/a	7609.466667
7609.666667	119.466667	3804833	coarse_label	Sleep/rest	n/a	n/a	n/a	n/a	n/a	n/a	n/a	n/a	n/a	7609.666667
7729.133333	0.200000	3864567	coarse_label	Blocklist (Data break)	n/a	n/a	n/a	n/a	n/a	n/a	n/a	n/a	n/a	7729.133333
7729.333333	119.366667	3864667	coarse_label	Sleep/rest	n/a	n/a	n/a	n/a	n/a	n/a	n/a	n/a	n/a	7729.333333
7848.700000	0.266667	3924350	coarse_label	Blocklist (Data break)	n/a	n/a	n/a	n/a	n/a	n/a	n/a	n/a	n/a	7848.700000
7848.966667	127.900000	3924483	coarse_label	Sleep/rest	n/a	n/a	n/a	n/a	n/a	n/a	n/a	n/a	n/a	7848.966667
7976.866667	0.166667	3988433	coarse_label	Blocklist (Data break)	n/a	n/a	n/a	n/a	n/a	n/a	n/a	n/a	n/a	7976.866667
7977.033333	111.966667	3988517	coarse_label	Blocklist (Camera move/zoom)	n/a	n/a	n/a	n/a	n/a	n/a	n/a	n/a	n/a	7977.033333
8089.000000	0.233333	4044500	coarse_label	Blocklist (Data break)	n/a	n/a	n/a	n/a	n/a	n/a	n/a	n/a	n/a	8089.000000
8089.233333	119.633333	4044617	coarse_label	Sleep/rest	n/a	n/a	n/a	n/a	n/a	n/a	n/a	n/a	n/a	8089.233333
8208.866667	0.100000	4104433	coarse_label	Blocklist (Data break)	n/a	n/a	n/a	n/a	n/a	n/a	n/a	n/a	n/a	8208.866667
8208.966667	120.566667	4104483	coarse_label	Sleep/rest	n/a	n/a	n/a	n/a	n/a	n/a	n/a	n/a	n/a	8208.966667
8329.533333	0.266667	4164767	coarse_label	Blocklist (Data break)	n/a	n/a	n/a	n/a	n/a	n/a	n/a	n/a	n/a	8329.533333
8329.800000	119.400000	4164900	coarse_label	Sleep/rest	n/a	n/a	n/a	n/a	n/a	n/a	n/a	n/a	n/a	8329.800000
8449.200000	0.266667	4224600	coarse_label	Blocklist (Data break)	n/a	n/a	n/a	n/a	n/a	n/a	n/a	n/a	n/a	8449.200000
8449.466667	119.833333	4224733	coarse_label	Sleep/rest	n/a	n/a	n/a	n/a	n/a	n/a	n/a	n/a	n/a	8449.466667
8569.300000	0.300000	4284650	coarse_label	Blocklist (Data break)	n/a	n/a	n/a	n/a	n/a	n/a	n/a	n/a	n/a	8569.300000
8569.600000	121.033333	4284800	coarse_label	Sleep/rest	n/a	n/a	n/a	n/a	n/a	n/a	n/a	n/a	n/a	8569.600000
8690.633333	0.066667	4345317	coarse_label	Blocklist (Data break)	n/a	n/a	n/a	n/a	n/a	n/a	n/a	n/a	n/a	8690.633333
8690.700000	124.900000	4345350	coarse_label	Sleep/rest	n/a	n/a	n/a	n/a	n/a	n/a	n/a	n/a	n/a	8690.700000
8815.600000	0.266667	4407800	coarse_label	Blocklist (Data break)	n/a	n/a	n/a	n/a	n/a	n/a	n/a	n/a	n/a	8815.600000
8815.866667	113.100000	4407933	coarse_label	Sleep/rest	n/a	n/a	n/a	n/a	n/a	n/a	n/a	n/a	n/a	8815.866667
8928.966667	0.100000	4464483	coarse_label	Blocklist (Data break)	n/a	n/a	n/a	n/a	n/a	n/a	n/a	n/a	n/a	8928.966667
8929.066667	120.266667	4464533	coarse_label	Sleep/rest	n/a	n/a	n/a	n/a	n/a	n/a	n/a	n/a	n/a	8929.066667
9049.333333	0.300000	4524667	coarse_label	Blocklist (Data break)	n/a	n/a	n/a	n/a	n/a	n/a	n/a	n/a	n/a	9049.333333
9049.633333	121.200000	4524817	coarse_label	Sleep/rest	n/a	n/a	n/a	n/a	n/a	n/a	n/a	n/a	n/a	9049.633333
9170.833333	0.133333	4585417	coarse_label	Blocklist (Data break)	n/a	n/a	n/a	n/a	n/a	n/a	n/a	n/a	n/a	9170.833333
9170.966667	118.866667	4585483	coarse_label	Sleep/rest	n/a	n/a	n/a	n/a	n/a	n/a	n/a	n/a	n/a	9170.966667
9289.833333	0.233333	4644917	coarse_label	Blocklist (Data break)	n/a	n/a	n/a	n/a	n/a	n/a	n/a	n/a	n/a	9289.833333
9290.066667	120.966667	4645033	coarse_label	Other activity	n/a	n/a	n/a	n/a	n/a	n/a	n/a	n/a	n/a	9290.066667
9318.086000	0.966667	4659043	reach_onset	n/a	r_wrist	160.782203	125.971574	34.179151	0.117512	0.013150	0.000000	0.000000	9318.086000	9318.086000
9392.052000	1.933333	4696026	reach_onset	n/a	r_wrist	241.170610	-144.386735	31.681628	0.162230	0.031420	0.166667	1.000000	9392.052000	9392.053000
9411.033333	0.200000	4705517	coarse_label	Blocklist (Data break)	n/a	n/a	n/a	n/a	n/a	n/a	n/a	n/a	n/a	9411.033333
9411.233333	120.400000	4705617	coarse_label		n/a	n/a	n/a	n/a	n/a	n/a	n/a	n/a	n/a	9411.233333
9505.080000	3.633333	4752540	reach_onset	n/a	r_wrist	212.662575	-102.775746	41.606178	0.092636	0.149188	1.833333	1.000000	9505.080000	9505.080000
9531.633333	0.166667	4765817	coarse_label	Blocklist (Data break)	n/a	n/a	n/a	n/a	n/a	n/a	n/a	n/a	n/a	9531.633333
9531.800000	116.833333	4765900	coarse_label		n/a	n/a	n/a	n/a	n/a	n/a	n/a	n/a	n/a	9531.800000
9640.266000	0.600000	4820133	reach_onset	n/a	r_wrist	8.373287	6.182334	15.805816	0.099650	0.111749	0.000000	0.000000	9640.266000	9640.267000
9648.633333	0.166667	4824317	coarse_label	Blocklist (Data break)	n/a	n/a	n/a	n/a	n/a	n/a	n/a	n/a	n/a	9648.633333
9648.800000	121.766667	4824400	coarse_label		n/a	n/a	n/a	n/a	n/a	n/a	n/a	n/a	n/a	9648.800000
9697.482000	1.700000	4848741	reach_onset	n/a	r_wrist	172.537567	-83.641759	22.136490	0.149479	0.041038	0.333333	1.000000	9697.482000	9697.483000
9769.382000	1.066667	4884691	reach_onset	n/a	r_wrist	56.784545	94.580394	62.640287	0.172232	0.054166	0.233333	1.000000	9769.382000	9769.383000
9770.566667	0.100000	4885283	coarse_label	Blocklist (Data break)	n/a	n/a	n/a	n/a	n/a	n/a	n/a	n/a	n/a	9770.566667
9770.666667	118.866667	4885333	coarse_label		n/a	n/a	n/a	n/a	n/a	n/a	n/a	n/a	n/a	9770.666667
9889.533333	0.133333	4944767	coarse_label	Blocklist (Data break)	n/a	n/a	n/a	n/a	n/a	n/a	n/a	n/a	n/a	9889.533333
9889.666667	119.766667	4944833	coarse_label		n/a	n/a	n/a	n/a	n/a	n/a	n/a	n/a	n/a	9889.666667
10009.433333	0.266667	5004717	coarse_label	Blocklist (Data break)	n/a	n/a	n/a	n/a	n/a	n/a	n/a	n/a	n/a	10009.433333
10009.700000	122.866667	5004850	coarse_label	Other activity	n/a	n/a	n/a	n/a	n/a	n/a	n/a	n/a	n/a	10009.700000
10061.860000	2.166667	5030930	reach_onset	n/a	r_wrist	167.291986	-157.227837	43.035905	0.107795	0.187224	2.166667	1.000000	10061.860000	10061.861000
10132.566667	0.133333	5066283	coarse_label	Blocklist (Data break)	n/a	n/a	n/a	n/a	n/a	n/a	n/a	n/a	n/a	10132.566667
10132.700000	115.833333	5066350	coarse_label		n/a	n/a	n/a	n/a	n/a	n/a	n/a	n/a	n/a	10132.700000
10248.533333	0.300000	5124267	coarse_label	Blocklist (Data break)	n/a	n/a	n/a	n/a	n/a	n/a	n/a	n/a	n/a	10248.533333
10248.833333	120.566667	5124417	coarse_label		n/a	n/a	n/a	n/a	n/a	n/a	n/a	n/a	n/a	10248.833333
10369.400000	0.200000	5184700	coarse_label	Blocklist (Data break)	n/a	n/a	n/a	n/a	n/a	n/a	n/a	n/a	n/a	10369.400000
10369.600000	119.333333	5184800	coarse_label	Computer/phone	n/a	n/a	n/a	n/a	n/a	n/a	n/a	n/a	n/a	10369.600000
10488.933333	0.233333	5244467	coarse_label	Blocklist (Data break)	n/a	n/a	n/a	n/a	n/a	n/a	n/a	n/a	n/a	10488.933333
10489.166667	119.300000	5244583	coarse_label	Computer/phone	n/a	n/a	n/a	n/a	n/a	n/a	n/a	n/a	n/a	10489.166667
10608.466667	0.200000	5304233	coarse_label	Blocklist (Data break)	n/a	n/a	n/a	n/a	n/a	n/a	n/a	n/a	n/a	10608.466667
10608.666667	120.500000	5304333	coarse_label	Computer/phone	n/a	n/a	n/a	n/a	n/a	n/a	n/a	n/a	n/a	10608.666667
10729.166667	0.166667	5364583	coarse_label	Blocklist (Data break)	n/a	n/a	n/a	n/a	n/a	n/a	n/a	n/a	n/a	10729.166667
10729.333333	119.500000	5364667	coarse_label	Computer/phone	n/a	n/a	n/a	n/a	n/a	n/a	n/a	n/a	n/a	10729.333333
10848.833333	0.266667	5424417	coarse_label	Blocklist (Data break)	n/a	n/a	n/a	n/a	n/a	n/a	n/a	n/a	n/a	10848.833333
10849.100000	119.833333	5424550	coarse_label	Sleep/rest	n/a	n/a	n/a	n/a	n/a	n/a	n/a	n/a	n/a	10849.100000
10968.933333	0.233333	5484467	coarse_label	Blocklist (Data break)	n/a	n/a	n/a	n/a	n/a	n/a	n/a	n/a	n/a	10968.933333
10969.166667	119.866667	5484583	coarse_label	Sleep/rest	n/a	n/a	n/a	n/a	n/a	n/a	n/a	n/a	n/a	10969.166667
11089.033333	0.233333	5544517	coarse_label	Blocklist (Data break)	n/a	n/a	n/a	n/a	n/a	n/a	n/a	n/a	n/a	11089.033333
11089.266667	119.866667	5544633	coarse_label	Sleep/rest	n/a	n/a	n/a	n/a	n/a	n/a	n/a	n/a	n/a	11089.266667
11209.133333	0.166667	5604567	coarse_label	Blocklist (Data break)	n/a	n/a	n/a	n/a	n/a	n/a	n/a	n/a	n/a	11209.133333
11209.300000	137.866667	5604650	coarse_label	Sleep/rest	n/a	n/a	n/a	n/a	n/a	n/a	n/a	n/a	n/a	11209.300000
11347.166667	0.133333	5673583	coarse_label	Blocklist (Data break)	n/a	n/a	n/a	n/a	n/a	n/a	n/a	n/a	n/a	11347.166667
11347.300000	102.900000	5673650	coarse_label	Sleep/rest	n/a	n/a	n/a	n/a	n/a	n/a	n/a	n/a	n/a	11347.300000
11450.200000	0.133333	5725100	coarse_label	Blocklist (Data break)	n/a	n/a	n/a	n/a	n/a	n/a	n/a	n/a	n/a	11450.200000
11450.333333	144.800000	5725167	coarse_label	Sleep/rest	n/a	n/a	n/a	n/a	n/a	n/a	n/a	n/a	n/a	11450.333333
11595.133333	0.200000	5797567	coarse_label	Blocklist (Data break)	n/a	n/a	n/a	n/a	n/a	n/a	n/a	n/a	n/a	11595.133333
11595.333333	93.366667	5797667	coarse_label	Sleep/rest	n/a	n/a	n/a	n/a	n/a	n/a	n/a	n/a	n/a	11595.333333
11688.700000	0.166667	5844350	coarse_label	Blocklist (Data break)	n/a	n/a	n/a	n/a	n/a	n/a	n/a	n/a	n/a	11688.700000
11688.866667	121.066667	5844433	coarse_label	Sleep/rest	n/a	n/a	n/a	n/a	n/a	n/a	n/a	n/a	n/a	11688.866667
11809.933333	0.100000	5904967	coarse_label	Blocklist (Data break)	n/a	n/a	n/a	n/a	n/a	n/a	n/a	n/a	n/a	11809.933333
11810.033333	118.600000	5905017	coarse_label	Sleep/rest	n/a	n/a	n/a	n/a	n/a	n/a	n/a	n/a	n/a	11810.033333
11928.633333	0.233333	5964317	coarse_label	Blocklist (Data break)	n/a	n/a	n/a	n/a	n/a	n/a	n/a	n/a	n/a	11928.633333
11928.866667	120.933333	5964433	coarse_label	Sleep/rest	n/a	n/a	n/a	n/a	n/a	n/a	n/a	n/a	n/a	11928.866667
12049.800000	0.166667	6024900	coarse_label	Blocklist (Data break)	n/a	n/a	n/a	n/a	n/a	n/a	n/a	n/a	n/a	12049.800000
12049.966667	119.800000	6024983	coarse_label	Sleep/rest	n/a	n/a	n/a	n/a	n/a	n/a	n/a	n/a	n/a	12049.966667
12169.766667	0.133333	6084883	coarse_label	Blocklist (Data break)	n/a	n/a	n/a	n/a	n/a	n/a	n/a	n/a	n/a	12169.766667
12169.900000	118.666667	6084950	coarse_label	Sleep/rest	n/a	n/a	n/a	n/a	n/a	n/a	n/a	n/a	n/a	12169.900000
12288.566667	0.100000	6144283	coarse_label	Blocklist (Data break)	n/a	n/a	n/a	n/a	n/a	n/a	n/a	n/a	n/a	12288.566667
12288.666667	120.933333	6144333	coarse_label	Sleep/rest	n/a	n/a	n/a	n/a	n/a	n/a	n/a	n/a	n/a	12288.666667
12409.600000	0.200000	6204800	coarse_label	Blocklist (Data break)	n/a	n/a	n/a	n/a	n/a	n/a	n/a	n/a	n/a	12409.600000
12409.800000	119.666667	6204900	coarse_label	Sleep/rest	n/a	n/a	n/a	n/a	n/a	n/a	n/a	n/a	n/a	12409.800000
12529.466667	0.166667	6264733	coarse_label	Blocklist (Data break)	n/a	n/a	n/a	n/a	n/a	n/a	n/a	n/a	n/a	12529.466667
12529.633333	122.033333	6264817	coarse_label	Sleep/rest	n/a	n/a	n/a	n/a	n/a	n/a	n/a	n/a	n/a	12529.633333
12651.666667	0.200000	6325833	coarse_label	Blocklist (Data break)	n/a	n/a	n/a	n/a	n/a	n/a	n/a	n/a	n/a	12651.666667
12651.866667	117.100000	6325933	coarse_label	Sleep/rest	n/a	n/a	n/a	n/a	n/a	n/a	n/a	n/a	n/a	12651.866667
12768.966667	0.266667	6384483	coarse_label	Blocklist (Data break)	n/a	n/a	n/a	n/a	n/a	n/a	n/a	n/a	n/a	12768.966667
12769.233333	122.100000	6384617	coarse_label	Sleep/rest	n/a	n/a	n/a	n/a	n/a	n/a	n/a	n/a	n/a	12769.233333
12891.333333	0.100000	6445667	coarse_label	Blocklist (Data break)	n/a	n/a	n/a	n/a	n/a	n/a	n/a	n/a	n/a	12891.333333
12891.433333	118.300000	6445717	coarse_label	Sleep/rest	n/a	n/a	n/a	n/a	n/a	n/a	n/a	n/a	n/a	12891.433333
13009.733333	0.266667	6504867	coarse_label	Blocklist (Data break)	n/a	n/a	n/a	n/a	n/a	n/a	n/a	n/a	n/a	13009.733333
13010.000000	118.333333	6505000	coarse_label	Sleep/rest	n/a	n/a	n/a	n/a	n/a	n/a	n/a	n/a	n/a	13010.000000
13128.333333	0.300000	6564167	coarse_label	Blocklist (Data break)	n/a	n/a	n/a	n/a	n/a	n/a	n/a	n/a	n/a	13128.333333
13128.633333	120.766667	6564317	coarse_label	Sleep/rest	n/a	n/a	n/a	n/a	n/a	n/a	n/a	n/a	n/a	13128.633333
13249.400000	0.233333	6624700	coarse_label	Blocklist (Data break)	n/a	n/a	n/a	n/a	n/a	n/a	n/a	n/a	n/a	13249.400000
13249.633333	119.600000	6624817	coarse_label	Sleep/rest	n/a	n/a	n/a	n/a	n/a	n/a	n/a	n/a	n/a	13249.633333
13369.233333	0.133333	6684617	coarse_label	Blocklist (Data break)	n/a	n/a	n/a	n/a	n/a	n/a	n/a	n/a	n/a	13369.233333
13369.366667	119.566667	6684683	coarse_label	Sleep/rest	n/a	n/a	n/a	n/a	n/a	n/a	n/a	n/a	n/a	13369.366667
13488.933333	0.233333	6744467	coarse_label	Blocklist (Data break)	n/a	n/a	n/a	n/a	n/a	n/a	n/a	n/a	n/a	13488.933333
13489.166667	119.600000	6744583	coarse_label	Sleep/rest	n/a	n/a	n/a	n/a	n/a	n/a	n/a	n/a	n/a	13489.166667
13608.766667	0.200000	6804383	coarse_label	Blocklist (Data break)	n/a	n/a	n/a	n/a	n/a	n/a	n/a	n/a	n/a	13608.766667
13608.966667	119.600000	6804483	coarse_label	Sleep/rest	n/a	n/a	n/a	n/a	n/a	n/a	n/a	n/a	n/a	13608.966667
13728.566667	0.233333	6864283	coarse_label	Blocklist (Data break)	n/a	n/a	n/a	n/a	n/a	n/a	n/a	n/a	n/a	13728.566667
13728.800000	119.600000	6864400	coarse_label	Sleep/rest	n/a	n/a	n/a	n/a	n/a	n/a	n/a	n/a	n/a	13728.800000
13848.400000	0.233333	6924200	coarse_label	Blocklist (Data break)	n/a	n/a	n/a	n/a	n/a	n/a	n/a	n/a	n/a	13848.400000
13848.633333	120.700000	6924317	coarse_label	Sleep/rest	n/a	n/a	n/a	n/a	n/a	n/a	n/a	n/a	n/a	13848.633333
13969.333333	0.300000	6984667	coarse_label	Blocklist (Data break)	n/a	n/a	n/a	n/a	n/a	n/a	n/a	n/a	n/a	13969.333333
13969.633333	120.733333	6984817	coarse_label	Sleep/rest	n/a	n/a	n/a	n/a	n/a	n/a	n/a	n/a	n/a	13969.633333
14090.366667	0.300000	7045183	coarse_label	Blocklist (Data break)	n/a	n/a	n/a	n/a	n/a	n/a	n/a	n/a	n/a	14090.366667
14090.666667	118.333333	7045333	coarse_label	Sleep/rest	n/a	n/a	n/a	n/a	n/a	n/a	n/a	n/a	n/a	14090.666667
14209.000000	0.233333	7104500	coarse_label	Blocklist (Data break)	n/a	n/a	n/a	n/a	n/a	n/a	n/a	n/a	n/a	14209.000000
14209.233333	120.800000	7104617	coarse_label	Sleep/rest	n/a	n/a	n/a	n/a	n/a	n/a	n/a	n/a	n/a	14209.233333
14330.033333	0.200000	7165017	coarse_label	Blocklist (Data break)	n/a	n/a	n/a	n/a	n/a	n/a	n/a	n/a	n/a	14330.033333
14330.233333	120.666667	7165117	coarse_label	Sleep/rest	n/a	n/a	n/a	n/a	n/a	n/a	n/a	n/a	n/a	14330.233333
14450.900000	0.266667	7225450	coarse_label	Blocklist (Data break)	n/a	n/a	n/a	n/a	n/a	n/a	n/a	n/a	n/a	14450.900000
14451.166667	117.133333	7225583	coarse_label	Sleep/rest	n/a	n/a	n/a	n/a	n/a	n/a	n/a	n/a	n/a	14451.166667
14568.300000	0.266667	7284150	coarse_label	Blocklist (Data break)	n/a	n/a	n/a	n/a	n/a	n/a	n/a	n/a	n/a	14568.300000
14568.566667	120.900000	7284283	coarse_label	Sleep/rest	n/a	n/a	n/a	n/a	n/a	n/a	n/a	n/a	n/a	14568.566667
14689.466667	0.166667	7344733	coarse_label	Blocklist (Data break)	n/a	n/a	n/a	n/a	n/a	n/a	n/a	n/a	n/a	14689.466667
14689.633333	120.766667	7344817	coarse_label	Sleep/rest	n/a	n/a	n/a	n/a	n/a	n/a	n/a	n/a	n/a	14689.633333
14810.400000	0.266667	7405200	coarse_label	Blocklist (Data break)	n/a	n/a	n/a	n/a	n/a	n/a	n/a	n/a	n/a	14810.400000
14810.666667	118.300000	7405333	coarse_label	Sleep/rest	n/a	n/a	n/a	n/a	n/a	n/a	n/a	n/a	n/a	14810.666667
14928.966667	0.266667	7464483	coarse_label	Blocklist (Data break)	n/a	n/a	n/a	n/a	n/a	n/a	n/a	n/a	n/a	14928.966667
14929.233333	120.800000	7464617	coarse_label	Sleep/rest	n/a	n/a	n/a	n/a	n/a	n/a	n/a	n/a	n/a	14929.233333
15050.033333	0.166667	7525017	coarse_label	Blocklist (Data break)	n/a	n/a	n/a	n/a	n/a	n/a	n/a	n/a	n/a	15050.033333
15050.200000	118.400000	7525100	coarse_label	Sleep/rest	n/a	n/a	n/a	n/a	n/a	n/a	n/a	n/a	n/a	15050.200000
15168.600000	0.166667	7584300	coarse_label	Blocklist (Data break)	n/a	n/a	n/a	n/a	n/a	n/a	n/a	n/a	n/a	15168.600000
15168.766667	119.700000	7584383	coarse_label	Sleep/rest	n/a	n/a	n/a	n/a	n/a	n/a	n/a	n/a	n/a	15168.766667
15288.466667	0.166667	7644233	coarse_label	Blocklist (Data break)	n/a	n/a	n/a	n/a	n/a	n/a	n/a	n/a	n/a	15288.466667
15288.633333	120.800000	7644317	coarse_label	Sleep/rest	n/a	n/a	n/a	n/a	n/a	n/a	n/a	n/a	n/a	15288.633333
15409.433333	0.200000	7704717	coarse_label	Blocklist (Data break)	n/a	n/a	n/a	n/a	n/a	n/a	n/a	n/a	n/a	15409.433333
15409.633333	120.766667	7704817	coarse_label	Sleep/rest	n/a	n/a	n/a	n/a	n/a	n/a	n/a	n/a	n/a	15409.633333
15530.400000	0.233333	7765200	coarse_label	Blocklist (Data break)	n/a	n/a	n/a	n/a	n/a	n/a	n/a	n/a	n/a	15530.400000
15530.633333	118.400000	7765317	coarse_label	Sleep/rest	n/a	n/a	n/a	n/a	n/a	n/a	n/a	n/a	n/a	15530.633333
15649.033333	0.100000	7824517	coarse_label	Blocklist (Data break)	n/a	n/a	n/a	n/a	n/a	n/a	n/a	n/a	n/a	15649.033333
15649.133333	119.466667	7824567	coarse_label	Sleep/rest	n/a	n/a	n/a	n/a	n/a	n/a	n/a	n/a	n/a	15649.133333
15768.600000	0.300000	7884300	coarse_label	Blocklist (Data break)	n/a	n/a	n/a	n/a	n/a	n/a	n/a	n/a	n/a	15768.600000
15768.900000	119.500000	7884450	coarse_label	Sleep/rest	n/a	n/a	n/a	n/a	n/a	n/a	n/a	n/a	n/a	15768.900000
15888.400000	0.100000	7944200	coarse_label	Blocklist (Data break)	n/a	n/a	n/a	n/a	n/a	n/a	n/a	n/a	n/a	15888.400000
15888.500000	120.600000	7944250	coarse_label	Sleep/rest	n/a	n/a	n/a	n/a	n/a	n/a	n/a	n/a	n/a	15888.500000
16009.100000	0.233333	8004550	coarse_label	Blocklist (Data break)	n/a	n/a	n/a	n/a	n/a	n/a	n/a	n/a	n/a	16009.100000
16009.333333	124.433333	8004667	coarse_label	Sleep/rest	n/a	n/a	n/a	n/a	n/a	n/a	n/a	n/a	n/a	16009.333333
16133.766667	0.100000	8066883	coarse_label	Blocklist (Data break)	n/a	n/a	n/a	n/a	n/a	n/a	n/a	n/a	n/a	16133.766667
16133.866667	114.866667	8066933	coarse_label	Sleep/rest	n/a	n/a	n/a	n/a	n/a	n/a	n/a	n/a	n/a	16133.866667
16248.733333	0.266667	8124367	coarse_label	Blocklist (Data break)	n/a	n/a	n/a	n/a	n/a	n/a	n/a	n/a	n/a	16248.733333
16249.000000	119.633333	8124500	coarse_label	Sleep/rest	n/a	n/a	n/a	n/a	n/a	n/a	n/a	n/a	n/a	16249.000000
16368.633333	0.166667	8184317	coarse_label	Blocklist (Data break)	n/a	n/a	n/a	n/a	n/a	n/a	n/a	n/a	n/a	16368.633333
16368.800000	119.666667	8184400	coarse_label	Sleep/rest	n/a	n/a	n/a	n/a	n/a	n/a	n/a	n/a	n/a	16368.800000
16488.466667	0.133333	8244233	coarse_label	Blocklist (Data break)	n/a	n/a	n/a	n/a	n/a	n/a	n/a	n/a	n/a	16488.466667
16488.600000	120.733333	8244300	coarse_label	Sleep/rest	n/a	n/a	n/a	n/a	n/a	n/a	n/a	n/a	n/a	16488.600000
16609.333333	0.266667	8304667	coarse_label	Blocklist (Data break)	n/a	n/a	n/a	n/a	n/a	n/a	n/a	n/a	n/a	16609.333333
16609.600000	119.766667	8304800	coarse_label	Sleep/rest	n/a	n/a	n/a	n/a	n/a	n/a	n/a	n/a	n/a	16609.600000
16729.366667	0.233333	8364683	coarse_label	Blocklist (Data break)	n/a	n/a	n/a	n/a	n/a	n/a	n/a	n/a	n/a	16729.366667
16729.600000	121.000000	8364800	coarse_label	Sleep/rest	n/a	n/a	n/a	n/a	n/a	n/a	n/a	n/a	n/a	16729.600000
16850.600000	0.133333	8425300	coarse_label	Blocklist (Data break)	n/a	n/a	n/a	n/a	n/a	n/a	n/a	n/a	n/a	16850.600000
16850.733333	118.500000	8425367	coarse_label	Sleep/rest	n/a	n/a	n/a	n/a	n/a	n/a	n/a	n/a	n/a	16850.733333
16969.233333	0.233333	8484617	coarse_label	Blocklist (Data break)	n/a	n/a	n/a	n/a	n/a	n/a	n/a	n/a	n/a	16969.233333
16969.466667	120.300000	8484733	coarse_label	Sleep/rest	n/a	n/a	n/a	n/a	n/a	n/a	n/a	n/a	n/a	16969.466667
17089.766667	0.133333	8544883	coarse_label	Blocklist (Data break)	n/a	n/a	n/a	n/a	n/a	n/a	n/a	n/a	n/a	17089.766667
17089.900000	118.500000	8544950	coarse_label	Sleep/rest	n/a	n/a	n/a	n/a	n/a	n/a	n/a	n/a	n/a	17089.900000
17208.400000	0.300000	8604200	coarse_label	Blocklist (Data break)	n/a	n/a	n/a	n/a	n/a	n/a	n/a	n/a	n/a	17208.400000
17208.700000	120.933333	8604350	coarse_label	Sleep/rest	n/a	n/a	n/a	n/a	n/a	n/a	n/a	n/a	n/a	17208.700000
17329.633333	0.200000	8664817	coarse_label	Blocklist (Data break)	n/a	n/a	n/a	n/a	n/a	n/a	n/a	n/a	n/a	17329.633333
17329.833333	118.666667	8664917	coarse_label	Sleep/rest	n/a	n/a	n/a	n/a	n/a	n/a	n/a	n/a	n/a	17329.833333
17448.500000	0.133333	8724250	coarse_label	Blocklist (Data break)	n/a	n/a	n/a	n/a	n/a	n/a	n/a	n/a	n/a	17448.500000
17448.633333	119.800000	8724317	coarse_label	Sleep/rest	n/a	n/a	n/a	n/a	n/a	n/a	n/a	n/a	n/a	17448.633333
17568.433333	0.233333	8784217	coarse_label	Blocklist (Data break)	n/a	n/a	n/a	n/a	n/a	n/a	n/a	n/a	n/a	17568.433333
17568.666667	120.900000	8784333	coarse_label	Sleep/rest	n/a	n/a	n/a	n/a	n/a	n/a	n/a	n/a	n/a	17568.666667
17689.566667	0.266667	8844783	coarse_label	Blocklist (Data break)	n/a	n/a	n/a	n/a	n/a	n/a	n/a	n/a	n/a	17689.566667
17689.833333	118.666667	8844917	coarse_label	Sleep/rest	n/a	n/a	n/a	n/a	n/a	n/a	n/a	n/a	n/a	17689.833333
17808.500000	0.133333	8904250	coarse_label	Blocklist (Data break)	n/a	n/a	n/a	n/a	n/a	n/a	n/a	n/a	n/a	17808.500000
17808.633333	119.866667	8904317	coarse_label	Sleep/rest	n/a	n/a	n/a	n/a	n/a	n/a	n/a	n/a	n/a	17808.633333
17928.500000	0.100000	8964250	coarse_label	Blocklist (Data break)	n/a	n/a	n/a	n/a	n/a	n/a	n/a	n/a	n/a	17928.500000
17928.600000	119.766667	8964300	coarse_label	Sleep/rest	n/a	n/a	n/a	n/a	n/a	n/a	n/a	n/a	n/a	17928.600000
18048.366667	0.266667	9024183	coarse_label	Blocklist (Data break)	n/a	n/a	n/a	n/a	n/a	n/a	n/a	n/a	n/a	18048.366667
18048.633333	135.333333	9024317	coarse_label	Sleep/rest	n/a	n/a	n/a	n/a	n/a	n/a	n/a	n/a	n/a	18048.633333
18183.966667	0.266667	9091983	coarse_label	Blocklist (Data break)	n/a	n/a	n/a	n/a	n/a	n/a	n/a	n/a	n/a	18183.966667
18184.233333	104.266667	9092117	coarse_label	Sleep/rest	n/a	n/a	n/a	n/a	n/a	n/a	n/a	n/a	n/a	18184.233333
18288.500000	0.200000	9144250	coarse_label	Blocklist (Data break)	n/a	n/a	n/a	n/a	n/a	n/a	n/a	n/a	n/a	18288.500000
18288.700000	120.000000	9144350	coarse_label	Sleep/rest	n/a	n/a	n/a	n/a	n/a	n/a	n/a	n/a	n/a	18288.700000
18408.700000	0.100000	9204350	coarse_label	Blocklist (Data break)	n/a	n/a	n/a	n/a	n/a	n/a	n/a	n/a	n/a	18408.700000
18408.800000	119.966667	9204400	coarse_label	Sleep/rest	n/a	n/a	n/a	n/a	n/a	n/a	n/a	n/a	n/a	18408.800000
18528.766667	0.100000	9264383	coarse_label	Blocklist (Data break)	n/a	n/a	n/a	n/a	n/a	n/a	n/a	n/a	n/a	18528.766667
18528.866667	119.833333	9264433	coarse_label	Sleep/rest	n/a	n/a	n/a	n/a	n/a	n/a	n/a	n/a	n/a	18528.866667
18648.700000	0.266667	9324350	coarse_label	Blocklist (Data break)	n/a	n/a	n/a	n/a	n/a	n/a	n/a	n/a	n/a	18648.700000
18648.966667	119.900000	9324483	coarse_label	Sleep/rest	n/a	n/a	n/a	n/a	n/a	n/a	n/a	n/a	n/a	18648.966667
18768.866667	0.166667	9384433	coarse_label	Blocklist (Data break)	n/a	n/a	n/a	n/a	n/a	n/a	n/a	n/a	n/a	18768.866667
18769.033333	119.966667	9384517	coarse_label	Sleep/rest	n/a	n/a	n/a	n/a	n/a	n/a	n/a	n/a	n/a	18769.033333
18889.000000	0.133333	9444500	coarse_label	Blocklist (Data break)	n/a	n/a	n/a	n/a	n/a	n/a	n/a	n/a	n/a	18889.000000
18889.133333	119.833333	9444567	coarse_label	Sleep/rest	n/a	n/a	n/a	n/a	n/a	n/a	n/a	n/a	n/a	18889.133333
19008.966667	0.300000	9504483	coarse_label	Blocklist (Data break)	n/a	n/a	n/a	n/a	n/a	n/a	n/a	n/a	n/a	19008.966667
19009.266667	120.033333	9504633	coarse_label	Sleep/rest	n/a	n/a	n/a	n/a	n/a	n/a	n/a	n/a	n/a	19009.266667
19129.300000	0.200000	9564650	coarse_label	Blocklist (Data break)	n/a	n/a	n/a	n/a	n/a	n/a	n/a	n/a	n/a	19129.300000
19129.500000	119.733333	9564750	coarse_label	Sleep/rest	n/a	n/a	n/a	n/a	n/a	n/a	n/a	n/a	n/a	19129.500000
19249.233333	0.233333	9624617	coarse_label	Blocklist (Data break)	n/a	n/a	n/a	n/a	n/a	n/a	n/a	n/a	n/a	19249.233333
19249.466667	119.700000	9624733	coarse_label	Sleep/rest	n/a	n/a	n/a	n/a	n/a	n/a	n/a	n/a	n/a	19249.466667
19369.166667	0.100000	9684583	coarse_label	Blocklist (Data break)	n/a	n/a	n/a	n/a	n/a	n/a	n/a	n/a	n/a	19369.166667
19369.266667	122.433333	9684633	coarse_label	Sleep/rest	n/a	n/a	n/a	n/a	n/a	n/a	n/a	n/a	n/a	19369.266667
19491.700000	0.133333	9745850	coarse_label	Blocklist (Data break)	n/a	n/a	n/a	n/a	n/a	n/a	n/a	n/a	n/a	19491.700000
19491.833333	117.766667	9745917	coarse_label	Sleep/rest	n/a	n/a	n/a	n/a	n/a	n/a	n/a	n/a	n/a	19491.833333
19609.600000	0.166667	9804800	coarse_label	Blocklist (Data break)	n/a	n/a	n/a	n/a	n/a	n/a	n/a	n/a	n/a	19609.600000
19609.766667	118.700000	9804883	coarse_label	Sleep/rest	n/a	n/a	n/a	n/a	n/a	n/a	n/a	n/a	n/a	19609.766667
19728.466667	0.233333	9864233	coarse_label	Blocklist (Data break)	n/a	n/a	n/a	n/a	n/a	n/a	n/a	n/a	n/a	19728.466667
19728.700000	119.600000	9864350	coarse_label	Sleep/rest	n/a	n/a	n/a	n/a	n/a	n/a	n/a	n/a	n/a	19728.700000
19848.300000	0.266667	9924150	coarse_label	Blocklist (Data break)	n/a	n/a	n/a	n/a	n/a	n/a	n/a	n/a	n/a	19848.300000
19848.566667	120.733333	9924283	coarse_label	Sleep/rest	n/a	n/a	n/a	n/a	n/a	n/a	n/a	n/a	n/a	19848.566667
19969.300000	0.233333	9984650	coarse_label	Blocklist (Data break)	n/a	n/a	n/a	n/a	n/a	n/a	n/a	n/a	n/a	19969.300000
19969.533333	119.500000	9984767	coarse_label	Sleep/rest	n/a	n/a	n/a	n/a	n/a	n/a	n/a	n/a	n/a	19969.533333
20089.033333	0.233333	10044517	coarse_label	Blocklist (Data break)	n/a	n/a	n/a	n/a	n/a	n/a	n/a	n/a	n/a	20089.033333
20089.266667	120.800000	10044633	coarse_label	Sleep/rest	n/a	n/a	n/a	n/a	n/a	n/a	n/a	n/a	n/a	20089.266667
20210.066667	0.133333	10105033	coarse_label	Blocklist (Data break)	n/a	n/a	n/a	n/a	n/a	n/a	n/a	n/a	n/a	20210.066667
20210.200000	122.000000	10105100	coarse_label	Sleep/rest	n/a	n/a	n/a	n/a	n/a	n/a	n/a	n/a	n/a	20210.200000
20332.200000	0.166667	10166100	coarse_label	Blocklist (Data break)	n/a	n/a	n/a	n/a	n/a	n/a	n/a	n/a	n/a	20332.200000
20332.366667	118.500000	10166183	coarse_label	Sleep/rest	n/a	n/a	n/a	n/a	n/a	n/a	n/a	n/a	n/a	20332.366667
20450.866667	0.100000	10225433	coarse_label	Blocklist (Data break)	n/a	n/a	n/a	n/a	n/a	n/a	n/a	n/a	n/a	20450.866667
20450.966667	118.400000	10225483	coarse_label	Sleep/rest	n/a	n/a	n/a	n/a	n/a	n/a	n/a	n/a	n/a	20450.966667
20569.366667	0.233333	10284683	coarse_label	Blocklist (Data break)	n/a	n/a	n/a	n/a	n/a	n/a	n/a	n/a	n/a	20569.366667
20569.600000	119.666667	10284800	coarse_label	Sleep/rest	n/a	n/a	n/a	n/a	n/a	n/a	n/a	n/a	n/a	20569.600000
20689.266667	0.166667	10344633	coarse_label	Blocklist (Data break)	n/a	n/a	n/a	n/a	n/a	n/a	n/a	n/a	n/a	20689.266667
20689.433333	126.766667	10344717	coarse_label	Sleep/rest	n/a	n/a	n/a	n/a	n/a	n/a	n/a	n/a	n/a	20689.433333
20816.200000	0.233333	10408100	coarse_label	Blocklist (Data break)	n/a	n/a	n/a	n/a	n/a	n/a	n/a	n/a	n/a	20816.200000
20816.433333	112.366667	10408217	coarse_label	Sleep/rest	n/a	n/a	n/a	n/a	n/a	n/a	n/a	n/a	n/a	20816.433333
20928.800000	0.200000	10464400	coarse_label	Blocklist (Data break)	n/a	n/a	n/a	n/a	n/a	n/a	n/a	n/a	n/a	20928.800000
20929.000000	119.500000	10464500	coarse_label	Sleep/rest	n/a	n/a	n/a	n/a	n/a	n/a	n/a	n/a	n/a	20929.000000
21048.500000	0.266667	10524250	coarse_label	Blocklist (Data break)	n/a	n/a	n/a	n/a	n/a	n/a	n/a	n/a	n/a	21048.500000
21048.766667	120.866667	10524383	coarse_label	Sleep/rest	n/a	n/a	n/a	n/a	n/a	n/a	n/a	n/a	n/a	21048.766667
21169.633333	0.133333	10584817	coarse_label	Blocklist (Data break)	n/a	n/a	n/a	n/a	n/a	n/a	n/a	n/a	n/a	21169.633333
21169.766667	118.333333	10584883	coarse_label	Sleep/rest	n/a	n/a	n/a	n/a	n/a	n/a	n/a	n/a	n/a	21169.766667
21288.100000	0.266667	10644050	coarse_label	Blocklist (Data break)	n/a	n/a	n/a	n/a	n/a	n/a	n/a	n/a	n/a	21288.100000
21288.366667	122.100000	10644183	coarse_label	Blocklist (Private time)	n/a	n/a	n/a	n/a	n/a	n/a	n/a	n/a	n/a	21288.366667
21410.466667	0.300000	10705233	coarse_label	Blocklist (Data break)	n/a	n/a	n/a	n/a	n/a	n/a	n/a	n/a	n/a	21410.466667
21410.766667	117.866667	10705383	coarse_label	Sleep/rest	n/a	n/a	n/a	n/a	n/a	n/a	n/a	n/a	n/a	21410.766667
21528.633333	0.200000	10764317	coarse_label	Blocklist (Data break)	n/a	n/a	n/a	n/a	n/a	n/a	n/a	n/a	n/a	21528.633333
21528.833333	126.266667	10764417	coarse_label	Sleep/rest	n/a	n/a	n/a	n/a	n/a	n/a	n/a	n/a	n/a	21528.833333
21655.100000	0.233333	10827550	coarse_label	Blocklist (Data break)	n/a	n/a	n/a	n/a	n/a	n/a	n/a	n/a	n/a	21655.100000
21655.333333	115.466667	10827667	coarse_label	Sleep/rest	n/a	n/a	n/a	n/a	n/a	n/a	n/a	n/a	n/a	21655.333333
21770.800000	0.233333	10885400	coarse_label	Blocklist (Data break)	n/a	n/a	n/a	n/a	n/a	n/a	n/a	n/a	n/a	21770.800000
21771.033333	118.966667	10885517	coarse_label	Sleep/rest	n/a	n/a	n/a	n/a	n/a	n/a	n/a	n/a	n/a	21771.033333
21890.000000	0.166667	10945000	coarse_label	Blocklist (Data break)	n/a	n/a	n/a	n/a	n/a	n/a	n/a	n/a	n/a	21890.000000
21890.166667	118.866667	10945083	coarse_label	Sleep/rest	n/a	n/a	n/a	n/a	n/a	n/a	n/a	n/a	n/a	21890.166667
22009.033333	0.200000	11004517	coarse_label	Blocklist (Data break)	n/a	n/a	n/a	n/a	n/a	n/a	n/a	n/a	n/a	22009.033333
22009.233333	118.900000	11004617	coarse_label	Sleep/rest	n/a	n/a	n/a	n/a	n/a	n/a	n/a	n/a	n/a	22009.233333
22128.133333	0.166667	11064067	coarse_label	Blocklist (Data break)	n/a	n/a	n/a	n/a	n/a	n/a	n/a	n/a	n/a	22128.133333
22128.300000	119.933333	11064150	coarse_label	Sleep/rest	n/a	n/a	n/a	n/a	n/a	n/a	n/a	n/a	n/a	22128.300000
22248.233333	0.200000	11124117	coarse_label	Blocklist (Data break)	n/a	n/a	n/a	n/a	n/a	n/a	n/a	n/a	n/a	22248.233333
22248.433333	120.000000	11124217	coarse_label	Sleep/rest	n/a	n/a	n/a	n/a	n/a	n/a	n/a	n/a	n/a	22248.433333
22293.434000	4.266000	11146717	nan_segment	n/a	n/a	n/a	n/a	n/a	n/a	n/a	n/a	n/a	n/a	n/a
22368.433333	0.100000	11184217	coarse_label	Blocklist (Data break)	n/a	n/a	n/a	n/a	n/a	n/a	n/a	n/a	n/a	22368.433333
22368.533333	119.866667	11184267	coarse_label	Sleep/rest	n/a	n/a	n/a	n/a	n/a	n/a	n/a	n/a	n/a	22368.533333
22488.400000	0.266667	11244200	coarse_label	Blocklist (Data break)	n/a	n/a	n/a	n/a	n/a	n/a	n/a	n/a	n/a	22488.400000
22488.666667	122.500000	11244333	coarse_label	Sleep/rest	n/a	n/a	n/a	n/a	n/a	n/a	n/a	n/a	n/a	22488.666667
22611.166667	0.133333	11305583	coarse_label	Blocklist (Data break)	n/a	n/a	n/a	n/a	n/a	n/a	n/a	n/a	n/a	22611.166667
22611.300000	117.633333	11305650	coarse_label	Sleep/rest	n/a	n/a	n/a	n/a	n/a	n/a	n/a	n/a	n/a	22611.300000
22728.933333	0.166667	11364467	coarse_label	Blocklist (Data break)	n/a	n/a	n/a	n/a	n/a	n/a	n/a	n/a	n/a	22728.933333
22729.100000	120.000000	11364550	coarse_label	Sleep/rest	n/a	n/a	n/a	n/a	n/a	n/a	n/a	n/a	n/a	22729.100000
22849.100000	0.100000	11424550	coarse_label	Blocklist (Data break)	n/a	n/a	n/a	n/a	n/a	n/a	n/a	n/a	n/a	22849.100000
22849.200000	121.366667	11424600	coarse_label	Sleep/rest	n/a	n/a	n/a	n/a	n/a	n/a	n/a	n/a	n/a	22849.200000
22927.202000	4.710000	11463601	nan_segment	n/a	n/a	n/a	n/a	n/a	n/a	n/a	n/a	n/a	n/a	n/a
22970.566667	0.133333	11485283	coarse_label	Blocklist (Data break)	n/a	n/a	n/a	n/a	n/a	n/a	n/a	n/a	n/a	22970.566667
22970.700000	117.833333	11485350	coarse_label	Sleep/rest	n/a	n/a	n/a	n/a	n/a	n/a	n/a	n/a	n/a	22970.700000
23088.533333	0.133333	11544267	coarse_label	Blocklist (Data break)	n/a	n/a	n/a	n/a	n/a	n/a	n/a	n/a	n/a	23088.533333
23088.666667	120.000000	11544333	coarse_label	Sleep/rest	n/a	n/a	n/a	n/a	n/a	n/a	n/a	n/a	n/a	23088.666667
23208.666667	0.233333	11604333	coarse_label	Blocklist (Data break)	n/a	n/a	n/a	n/a	n/a	n/a	n/a	n/a	n/a	23208.666667
23208.900000	119.933333	11604450	coarse_label	Sleep/rest	n/a	n/a	n/a	n/a	n/a	n/a	n/a	n/a	n/a	23208.900000
23328.833333	0.166667	11664417	coarse_label	Blocklist (Data break)	n/a	n/a	n/a	n/a	n/a	n/a	n/a	n/a	n/a	23328.833333
23329.000000	129.666667	11664500	coarse_label	Sleep/rest	n/a	n/a	n/a	n/a	n/a	n/a	n/a	n/a	n/a	23329.000000
23458.666667	0.233333	11729333	coarse_label	Blocklist (Data break)	n/a	n/a	n/a	n/a	n/a	n/a	n/a	n/a	n/a	23458.666667
23458.900000	109.333333	11729450	coarse_label	Sleep/rest	n/a	n/a	n/a	n/a	n/a	n/a	n/a	n/a	n/a	23458.900000
23568.233333	0.233333	11784117	coarse_label	Blocklist (Data break)	n/a	n/a	n/a	n/a	n/a	n/a	n/a	n/a	n/a	23568.233333
23568.466667	122.633333	11784233	coarse_label	Sleep/rest	n/a	n/a	n/a	n/a	n/a	n/a	n/a	n/a	n/a	23568.466667
23691.100000	0.233333	11845550	coarse_label	Blocklist (Data break)	n/a	n/a	n/a	n/a	n/a	n/a	n/a	n/a	n/a	23691.100000
23691.333333	117.833333	11845667	coarse_label	Sleep/rest	n/a	n/a	n/a	n/a	n/a	n/a	n/a	n/a	n/a	23691.333333
23809.166667	0.133333	11904583	coarse_label	Blocklist (Data break)	n/a	n/a	n/a	n/a	n/a	n/a	n/a	n/a	n/a	23809.166667
23809.300000	125.066667	11904650	coarse_label	Sleep/rest	n/a	n/a	n/a	n/a	n/a	n/a	n/a	n/a	n/a	23809.300000
23934.366667	0.200000	11967183	coarse_label	Blocklist (Data break)	n/a	n/a	n/a	n/a	n/a	n/a	n/a	n/a	n/a	23934.366667
23934.566667	114.233333	11967283	coarse_label	Sleep/rest	n/a	n/a	n/a	n/a	n/a	n/a	n/a	n/a	n/a	23934.566667
24048.800000	0.133333	12024400	coarse_label	Blocklist (Data break)	n/a	n/a	n/a	n/a	n/a	n/a	n/a	n/a	n/a	24048.800000
24048.933333	120.233333	12024467	coarse_label	Sleep/rest	n/a	n/a	n/a	n/a	n/a	n/a	n/a	n/a	n/a	24048.933333
24169.166667	0.266667	12084583	coarse_label	Blocklist (Data break)	n/a	n/a	n/a	n/a	n/a	n/a	n/a	n/a	n/a	24169.166667
24169.433333	118.766667	12084717	coarse_label	Sleep/rest	n/a	n/a	n/a	n/a	n/a	n/a	n/a	n/a	n/a	24169.433333
24288.200000	0.133333	12144100	coarse_label	Blocklist (Data break)	n/a	n/a	n/a	n/a	n/a	n/a	n/a	n/a	n/a	24288.200000
24288.333333	120.000000	12144167	coarse_label	Sleep/rest	n/a	n/a	n/a	n/a	n/a	n/a	n/a	n/a	n/a	24288.333333
24408.333333	0.166667	12204167	coarse_label	Blocklist (Data break)	n/a	n/a	n/a	n/a	n/a	n/a	n/a	n/a	n/a	24408.333333
24408.500000	120.100000	12204250	coarse_label	Sleep/rest	n/a	n/a	n/a	n/a	n/a	n/a	n/a	n/a	n/a	24408.500000
24528.600000	0.100000	12264300	coarse_label	Blocklist (Data break)	n/a	n/a	n/a	n/a	n/a	n/a	n/a	n/a	n/a	24528.600000
24528.700000	119.933333	12264350	coarse_label	Sleep/rest	n/a	n/a	n/a	n/a	n/a	n/a	n/a	n/a	n/a	24528.700000
24648.633333	0.300000	12324317	coarse_label	Blocklist (Data break)	n/a	n/a	n/a	n/a	n/a	n/a	n/a	n/a	n/a	24648.633333
24648.933333	134.466667	12324467	coarse_label	Sleep/rest	n/a	n/a	n/a	n/a	n/a	n/a	n/a	n/a	n/a	24648.933333
24783.400000	0.166667	12391700	coarse_label	Blocklist (Data break)	n/a	n/a	n/a	n/a	n/a	n/a	n/a	n/a	n/a	24783.400000
24783.566667	105.533333	12391783	coarse_label	Sleep/rest	n/a	n/a	n/a	n/a	n/a	n/a	n/a	n/a	n/a	24783.566667
24889.100000	0.233333	12444550	coarse_label	Blocklist (Data break)	n/a	n/a	n/a	n/a	n/a	n/a	n/a	n/a	n/a	24889.100000
24889.333333	118.733333	12444667	coarse_label	Sleep/rest	n/a	n/a	n/a	n/a	n/a	n/a	n/a	n/a	n/a	24889.333333
25008.066667	0.233333	12504033	coarse_label	Blocklist (Data break)	n/a	n/a	n/a	n/a	n/a	n/a	n/a	n/a	n/a	25008.066667
25008.300000	121.266667	12504150	coarse_label	Sleep/rest	n/a	n/a	n/a	n/a	n/a	n/a	n/a	n/a	n/a	25008.300000
25129.566667	0.133333	12564783	coarse_label	Blocklist (Data break)	n/a	n/a	n/a	n/a	n/a	n/a	n/a	n/a	n/a	25129.566667
25129.700000	118.733333	12564850	coarse_label	Sleep/rest	n/a	n/a	n/a	n/a	n/a	n/a	n/a	n/a	n/a	25129.700000
25248.433333	0.266667	12624217	coarse_label	Blocklist (Data break)	n/a	n/a	n/a	n/a	n/a	n/a	n/a	n/a	n/a	25248.433333
25248.700000	120.100000	12624350	coarse_label	Sleep/rest	n/a	n/a	n/a	n/a	n/a	n/a	n/a	n/a	n/a	25248.700000
25368.800000	0.166667	12684400	coarse_label	Blocklist (Data break)	n/a	n/a	n/a	n/a	n/a	n/a	n/a	n/a	n/a	25368.800000
25368.966667	119.966667	12684483	coarse_label	Sleep/rest	n/a	n/a	n/a	n/a	n/a	n/a	n/a	n/a	n/a	25368.966667
25488.933333	0.100000	12744467	coarse_label	Blocklist (Data break)	n/a	n/a	n/a	n/a	n/a	n/a	n/a	n/a	n/a	25488.933333
25489.033333	119.766667	12744517	coarse_label	Sleep/rest	n/a	n/a	n/a	n/a	n/a	n/a	n/a	n/a	n/a	25489.033333
25608.800000	0.166667	12804400	coarse_label	Blocklist (Data break)	n/a	n/a	n/a	n/a	n/a	n/a	n/a	n/a	n/a	25608.800000
25608.966667	119.933333	12804483	coarse_label	Sleep/rest	n/a	n/a	n/a	n/a	n/a	n/a	n/a	n/a	n/a	25608.966667
25728.900000	0.266667	12864450	coarse_label	Blocklist (Data break)	n/a	n/a	n/a	n/a	n/a	n/a	n/a	n/a	n/a	25728.900000
25729.166667	120.100000	12864583	coarse_label	Sleep/rest	n/a	n/a	n/a	n/a	n/a	n/a	n/a	n/a	n/a	25729.166667
25849.266667	0.133333	12924633	coarse_label	Blocklist (Data break)	n/a	n/a	n/a	n/a	n/a	n/a	n/a	n/a	n/a	25849.266667
25849.400000	118.733333	12924700	coarse_label	Sleep/rest	n/a	n/a	n/a	n/a	n/a	n/a	n/a	n/a	n/a	25849.400000
25968.133333	0.266667	12984067	coarse_label	Blocklist (Data break)	n/a	n/a	n/a	n/a	n/a	n/a	n/a	n/a	n/a	25968.133333
25968.400000	119.800000	12984200	coarse_label	Sleep/rest	n/a	n/a	n/a	n/a	n/a	n/a	n/a	n/a	n/a	25968.400000
26088.200000	0.133333	13044100	coarse_label	Blocklist (Data break)	n/a	n/a	n/a	n/a	n/a	n/a	n/a	n/a	n/a	26088.200000
26088.333333	120.700000	13044167	coarse_label	Blocklist (Camera move/zoom)	n/a	n/a	n/a	n/a	n/a	n/a	n/a	n/a	n/a	26088.333333
26209.033333	0.233333	13104517	coarse_label	Blocklist (Data break)	n/a	n/a	n/a	n/a	n/a	n/a	n/a	n/a	n/a	26209.033333
26209.266667	119.600000	13104633	coarse_label	Sleep/rest	n/a	n/a	n/a	n/a	n/a	n/a	n/a	n/a	n/a	26209.266667
26328.866667	0.300000	13164433	coarse_label	Blocklist (Data break)	n/a	n/a	n/a	n/a	n/a	n/a	n/a	n/a	n/a	26328.866667
26329.166667	121.233333	13164583	coarse_label	Sleep/rest	n/a	n/a	n/a	n/a	n/a	n/a	n/a	n/a	n/a	26329.166667
26450.400000	0.233333	13225200	coarse_label	Blocklist (Data break)	n/a	n/a	n/a	n/a	n/a	n/a	n/a	n/a	n/a	26450.400000
26450.633333	117.733333	13225317	coarse_label	Sleep/rest	n/a	n/a	n/a	n/a	n/a	n/a	n/a	n/a	n/a	26450.633333
26568.366667	0.066667	13284183	coarse_label	Blocklist (Data break)	n/a	n/a	n/a	n/a	n/a	n/a	n/a	n/a	n/a	26568.366667
26568.433333	119.833333	13284217	coarse_label	Sleep/rest	n/a	n/a	n/a	n/a	n/a	n/a	n/a	n/a	n/a	26568.433333
26688.266667	0.133333	13344133	coarse_label	Blocklist (Data break)	n/a	n/a	n/a	n/a	n/a	n/a	n/a	n/a	n/a	26688.266667
26688.400000	119.966667	13344200	coarse_label	Sleep/rest	n/a	n/a	n/a	n/a	n/a	n/a	n/a	n/a	n/a	26688.400000
26808.366667	0.133333	13404183	coarse_label	Blocklist (Data break)	n/a	n/a	n/a	n/a	n/a	n/a	n/a	n/a	n/a	26808.366667
26808.500000	120.366667	13404250	coarse_label	Talk	n/a	n/a	n/a	n/a	n/a	n/a	n/a	n/a	n/a	26808.500000
26928.866667	0.166667	13464433	coarse_label	Blocklist (Data break)	n/a	n/a	n/a	n/a	n/a	n/a	n/a	n/a	n/a	26928.866667
26929.033333	119.333333	13464517	coarse_label	Talk	n/a	n/a	n/a	n/a	n/a	n/a	n/a	n/a	n/a	26929.033333
26930.702000	0.866667	13465351	reach_onset	n/a	r_wrist	135.079718	84.055440	118.498414	0.390930	0.500000	0.866667	1.000000	26930.702000	26930.703000
27048.366667	0.200000	13524183	coarse_label	Blocklist (Data break)	n/a	n/a	n/a	n/a	n/a	n/a	n/a	n/a	n/a	27048.366667
27048.566667	120.166667	13524283	coarse_label	Sleep/rest	n/a	n/a	n/a	n/a	n/a	n/a	n/a	n/a	n/a	27048.566667
27168.733333	0.266667	13584367	coarse_label	Blocklist (Data break)	n/a	n/a	n/a	n/a	n/a	n/a	n/a	n/a	n/a	27168.733333
27169.000000	119.800000	13584500	coarse_label	Sleep/rest	n/a	n/a	n/a	n/a	n/a	n/a	n/a	n/a	n/a	27169.000000
27288.800000	0.166667	13644400	coarse_label	Blocklist (Data break)	n/a	n/a	n/a	n/a	n/a	n/a	n/a	n/a	n/a	27288.800000
27288.966667	119.466667	13644483	coarse_label	Sleep/rest	n/a	n/a	n/a	n/a	n/a	n/a	n/a	n/a	n/a	27288.966667
27408.433333	0.133333	13704217	coarse_label	Blocklist (Data break)	n/a	n/a	n/a	n/a	n/a	n/a	n/a	n/a	n/a	27408.433333
27408.566667	119.900000	13704283	coarse_label	Sleep/rest	n/a	n/a	n/a	n/a	n/a	n/a	n/a	n/a	n/a	27408.566667
27528.466667	0.200000	13764233	coarse_label	Blocklist (Data break)	n/a	n/a	n/a	n/a	n/a	n/a	n/a	n/a	n/a	27528.466667
27528.666667	119.500000	13764333	coarse_label	Sleep/rest	n/a	n/a	n/a	n/a	n/a	n/a	n/a	n/a	n/a	27528.666667
27648.166667	0.166667	13824083	coarse_label	Blocklist (Data break)	n/a	n/a	n/a	n/a	n/a	n/a	n/a	n/a	n/a	27648.166667
27648.333333	119.900000	13824167	coarse_label	Sleep/rest	n/a	n/a	n/a	n/a	n/a	n/a	n/a	n/a	n/a	27648.333333
27718.848000	4.752000	13859424	nan_segment	n/a	n/a	n/a	n/a	n/a	n/a	n/a	n/a	n/a	n/a	n/a
27768.233333	0.133333	13884117	coarse_label	Blocklist (Data break)	n/a	n/a	n/a	n/a	n/a	n/a	n/a	n/a	n/a	27768.233333
27768.366667	122.433333	13884183	coarse_label	Sleep/rest	n/a	n/a	n/a	n/a	n/a	n/a	n/a	n/a	n/a	27768.366667
27890.800000	0.200000	13945400	coarse_label	Blocklist (Data break)	n/a	n/a	n/a	n/a	n/a	n/a	n/a	n/a	n/a	27890.800000
27891.000000	117.533333	13945500	coarse_label	Sleep/rest	n/a	n/a	n/a	n/a	n/a	n/a	n/a	n/a	n/a	27891.000000
28008.533333	0.233333	14004267	coarse_label	Blocklist (Data break)	n/a	n/a	n/a	n/a	n/a	n/a	n/a	n/a	n/a	28008.533333
28008.766667	138.533333	14004383	coarse_label	Sleep/rest	n/a	n/a	n/a	n/a	n/a	n/a	n/a	n/a	n/a	28008.766667
28147.300000	0.133333	14073650	coarse_label	Blocklist (Data break)	n/a	n/a	n/a	n/a	n/a	n/a	n/a	n/a	n/a	28147.300000
28147.433333	101.533333	14073717	coarse_label	Sleep/rest	n/a	n/a	n/a	n/a	n/a	n/a	n/a	n/a	n/a	28147.433333
28248.966667	0.233333	14124483	coarse_label	Blocklist (Data break)	n/a	n/a	n/a	n/a	n/a	n/a	n/a	n/a	n/a	28248.966667
28249.200000	119.633333	14124600	coarse_label	Sleep/rest	n/a	n/a	n/a	n/a	n/a	n/a	n/a	n/a	n/a	28249.200000
28368.833333	0.300000	14184417	coarse_label	Blocklist (Data break)	n/a	n/a	n/a	n/a	n/a	n/a	n/a	n/a	n/a	28368.833333
28369.133333	119.400000	14184567	coarse_label	Sleep/rest	n/a	n/a	n/a	n/a	n/a	n/a	n/a	n/a	n/a	28369.133333
28488.533333	0.133333	14244267	coarse_label	Blocklist (Data break)	n/a	n/a	n/a	n/a	n/a	n/a	n/a	n/a	n/a	28488.533333
28488.666667	119.366667	14244333	coarse_label	Sleep/rest	n/a	n/a	n/a	n/a	n/a	n/a	n/a	n/a	n/a	28488.666667
28608.033333	0.300000	14304017	coarse_label	Blocklist (Data break)	n/a	n/a	n/a	n/a	n/a	n/a	n/a	n/a	n/a	28608.033333
28608.333333	120.000000	14304167	coarse_label	Sleep/rest	n/a	n/a	n/a	n/a	n/a	n/a	n/a	n/a	n/a	28608.333333
28728.333333	0.133333	14364167	coarse_label	Blocklist (Data break)	n/a	n/a	n/a	n/a	n/a	n/a	n/a	n/a	n/a	28728.333333
28728.466667	121.400000	14364233	coarse_label	Sleep/rest	n/a	n/a	n/a	n/a	n/a	n/a	n/a	n/a	n/a	28728.466667
28849.866667	0.200000	14424933	coarse_label	Blocklist (Data break)	n/a	n/a	n/a	n/a	n/a	n/a	n/a	n/a	n/a	28849.866667
28850.066667	120.000000	14425033	coarse_label	Sleep/rest	n/a	n/a	n/a	n/a	n/a	n/a	n/a	n/a	n/a	28850.066667
28970.066667	0.166667	14485033	coarse_label	Blocklist (Data break)	n/a	n/a	n/a	n/a	n/a	n/a	n/a	n/a	n/a	28970.066667
28970.233333	118.966667	14485117	coarse_label	Sleep/rest	n/a	n/a	n/a	n/a	n/a	n/a	n/a	n/a	n/a	28970.233333
29089.200000	0.166667	14544600	coarse_label	Blocklist (Data break)	n/a	n/a	n/a	n/a	n/a	n/a	n/a	n/a	n/a	29089.200000
29089.366667	121.700000	14544683	coarse_label	Sleep/rest	n/a	n/a	n/a	n/a	n/a	n/a	n/a	n/a	n/a	29089.366667
29211.066667	0.133333	14605533	coarse_label	Blocklist (Data break)	n/a	n/a	n/a	n/a	n/a	n/a	n/a	n/a	n/a	29211.066667
29211.200000	118.400000	14605600	coarse_label	Sleep/rest	n/a	n/a	n/a	n/a	n/a	n/a	n/a	n/a	n/a	29211.200000
29329.600000	0.100000	14664800	coarse_label	Blocklist (Data break)	n/a	n/a	n/a	n/a	n/a	n/a	n/a	n/a	n/a	29329.600000
29329.700000	118.400000	14664850	coarse_label	Sleep/rest	n/a	n/a	n/a	n/a	n/a	n/a	n/a	n/a	n/a	29329.700000
29448.100000	0.166667	14724050	coarse_label	Blocklist (Data break)	n/a	n/a	n/a	n/a	n/a	n/a	n/a	n/a	n/a	29448.100000
29448.266667	121.800000	14724133	coarse_label	Sleep/rest	n/a	n/a	n/a	n/a	n/a	n/a	n/a	n/a	n/a	29448.266667
29570.066667	0.166667	14785033	coarse_label	Blocklist (Data break)	n/a	n/a	n/a	n/a	n/a	n/a	n/a	n/a	n/a	29570.066667
29570.233333	119.333333	14785117	coarse_label	Sleep/rest	n/a	n/a	n/a	n/a	n/a	n/a	n/a	n/a	n/a	29570.233333
29689.566667	0.300000	14844783	coarse_label	Blocklist (Data break)	n/a	n/a	n/a	n/a	n/a	n/a	n/a	n/a	n/a	29689.566667
29689.866667	120.066667	14844933	coarse_label	Sleep/rest	n/a	n/a	n/a	n/a	n/a	n/a	n/a	n/a	n/a	29689.866667
29809.933333	0.033333	14904967	coarse_label	Blocklist (Data break)	n/a	n/a	n/a	n/a	n/a	n/a	n/a	n/a	n/a	29809.933333
29809.966667	119.966667	14904983	coarse_label	Sleep/rest	n/a	n/a	n/a	n/a	n/a	n/a	n/a	n/a	n/a	29809.966667
29929.933333	0.133333	14964967	coarse_label	Blocklist (Data break)	n/a	n/a	n/a	n/a	n/a	n/a	n/a	n/a	n/a	29929.933333
29930.066667	118.433333	14965033	coarse_label	Sleep/rest	n/a	n/a	n/a	n/a	n/a	n/a	n/a	n/a	n/a	29930.066667
30048.500000	0.166667	15024250	coarse_label	Blocklist (Data break)	n/a	n/a	n/a	n/a	n/a	n/a	n/a	n/a	n/a	30048.500000
30048.666667	121.133333	15024333	coarse_label	Sleep/rest	n/a	n/a	n/a	n/a	n/a	n/a	n/a	n/a	n/a	30048.666667
30169.800000	0.133333	15084900	coarse_label	Blocklist (Data break)	n/a	n/a	n/a	n/a	n/a	n/a	n/a	n/a	n/a	30169.800000
30169.933333	119.266667	15084967	coarse_label	Sleep/rest	n/a	n/a	n/a	n/a	n/a	n/a	n/a	n/a	n/a	30169.933333
30289.200000	0.133333	15144600	coarse_label	Blocklist (Data break)	n/a	n/a	n/a	n/a	n/a	n/a	n/a	n/a	n/a	30289.200000
30289.333333	119.600000	15144667	coarse_label	Sleep/rest	n/a	n/a	n/a	n/a	n/a	n/a	n/a	n/a	n/a	30289.333333
30408.933333	0.066667	15204467	coarse_label	Blocklist (Data break)	n/a	n/a	n/a	n/a	n/a	n/a	n/a	n/a	n/a	30408.933333
30409.000000	119.700000	15204500	coarse_label	Sleep/rest	n/a	n/a	n/a	n/a	n/a	n/a	n/a	n/a	n/a	30409.000000
30528.700000	0.100000	15264350	coarse_label	Blocklist (Data break)	n/a	n/a	n/a	n/a	n/a	n/a	n/a	n/a	n/a	30528.700000
30528.800000	119.500000	15264400	coarse_label	Sleep/rest	n/a	n/a	n/a	n/a	n/a	n/a	n/a	n/a	n/a	30528.800000
30648.300000	0.033333	15324150	coarse_label	Blocklist (Data break)	n/a	n/a	n/a	n/a	n/a	n/a	n/a	n/a	n/a	30648.300000
30648.333333	119.866667	15324167	coarse_label	Sleep/rest	n/a	n/a	n/a	n/a	n/a	n/a	n/a	n/a	n/a	30648.333333
30768.200000	0.133333	15384100	coarse_label	Blocklist (Data break)	n/a	n/a	n/a	n/a	n/a	n/a	n/a	n/a	n/a	30768.200000
30768.333333	120.700000	15384167	coarse_label	Sleep/rest	n/a	n/a	n/a	n/a	n/a	n/a	n/a	n/a	n/a	30768.333333
30889.033333	0.033333	15444517	coarse_label	Blocklist (Data break)	n/a	n/a	n/a	n/a	n/a	n/a	n/a	n/a	n/a	30889.033333
30889.066667	119.200000	15444533	coarse_label	Sleep/rest	n/a	n/a	n/a	n/a	n/a	n/a	n/a	n/a	n/a	30889.066667
31008.266667	0.066667	15504133	coarse_label	Blocklist (Data break)	n/a	n/a	n/a	n/a	n/a	n/a	n/a	n/a	n/a	31008.266667
31008.333333	119.866667	15504167	coarse_label	Sleep/rest	n/a	n/a	n/a	n/a	n/a	n/a	n/a	n/a	n/a	31008.333333
31128.200000	0.033333	15564100	coarse_label	Blocklist (Data break)	n/a	n/a	n/a	n/a	n/a	n/a	n/a	n/a	n/a	31128.200000
31128.233333	120.800000	15564117	coarse_label	Sleep/rest	n/a	n/a	n/a	n/a	n/a	n/a	n/a	n/a	n/a	31128.233333
31249.033333	0.066667	15624517	coarse_label	Blocklist (Data break)	n/a	n/a	n/a	n/a	n/a	n/a	n/a	n/a	n/a	31249.033333
31249.100000	119.400000	15624550	coarse_label	Sleep/rest	n/a	n/a	n/a	n/a	n/a	n/a	n/a	n/a	n/a	31249.100000
31368.500000	0.033333	15684250	coarse_label	Blocklist (Data break)	n/a	n/a	n/a	n/a	n/a	n/a	n/a	n/a	n/a	31368.500000
31368.533333	120.200000	15684267	coarse_label	Sleep/rest	n/a	n/a	n/a	n/a	n/a	n/a	n/a	n/a	n/a	31368.533333
31488.733333	0.066667	15744367	coarse_label	Blocklist (Data break)	n/a	n/a	n/a	n/a	n/a	n/a	n/a	n/a	n/a	31488.733333
31488.800000	106.133333	15744400	coarse_label	Sleep/rest	n/a	n/a	n/a	n/a	n/a	n/a	n/a	n/a	n/a	31488.800000
31544.412000	17.182000	15772206	nan_segment	n/a	n/a	n/a	n/a	n/a	n/a	n/a	n/a	n/a	n/a	n/a
31592.916000	76.964000	15796458	nan_segment	n/a	n/a	n/a	n/a	n/a	n/a	n/a	n/a	n/a	n/a	n/a
31594.933333	57.833333	15797467	coarse_label	Blocklist (Data break)	n/a	n/a	n/a	n/a	n/a	n/a	n/a	n/a	n/a	31594.933333
31652.766667	120.166667	15826383	coarse_label	Sleep/rest	n/a	n/a	n/a	n/a	n/a	n/a	n/a	n/a	n/a	31652.766667
31695.666000	48.162000	15847833	nan_segment	n/a	n/a	n/a	n/a	n/a	n/a	n/a	n/a	n/a	n/a	n/a
31772.933333	0.066667	15886467	coarse_label	Blocklist (Data break)	n/a	n/a	n/a	n/a	n/a	n/a	n/a	n/a	n/a	31772.933333
31773.000000	120.033333	15886500	coarse_label	Sleep/rest	n/a	n/a	n/a	n/a	n/a	n/a	n/a	n/a	n/a	31773.000000
31893.033333	0.066667	15946517	coarse_label	Blocklist (Data break)	n/a	n/a	n/a	n/a	n/a	n/a	n/a	n/a	n/a	31893.033333
31893.100000	120.200000	15946550	coarse_label	Sleep/rest	n/a	n/a	n/a	n/a	n/a	n/a	n/a	n/a	n/a	31893.100000
32013.300000	0.066667	16006650	coarse_label	Blocklist (Data break)	n/a	n/a	n/a	n/a	n/a	n/a	n/a	n/a	n/a	32013.300000
32013.366667	121.866667	16006683	coarse_label	Sleep/rest	n/a	n/a	n/a	n/a	n/a	n/a	n/a	n/a	n/a	32013.366667
32135.233333	0.133333	16067617	coarse_label	Blocklist (Data break)	n/a	n/a	n/a	n/a	n/a	n/a	n/a	n/a	n/a	32135.233333
32135.366667	117.333333	16067683	coarse_label	Sleep/rest	n/a	n/a	n/a	n/a	n/a	n/a	n/a	n/a	n/a	32135.366667
32252.700000	0.066667	16126350	coarse_label	Blocklist (Data break)	n/a	n/a	n/a	n/a	n/a	n/a	n/a	n/a	n/a	32252.700000
32252.766667	121.333333	16126383	coarse_label	Sleep/rest	n/a	n/a	n/a	n/a	n/a	n/a	n/a	n/a	n/a	32252.766667
32374.100000	0.066667	16187050	coarse_label	Blocklist (Data break)	n/a	n/a	n/a	n/a	n/a	n/a	n/a	n/a	n/a	32374.100000
32374.166667	118.733333	16187083	coarse_label	Sleep/rest	n/a	n/a	n/a	n/a	n/a	n/a	n/a	n/a	n/a	32374.166667
32492.900000	0.033333	16246450	coarse_label	Blocklist (Data break)	n/a	n/a	n/a	n/a	n/a	n/a	n/a	n/a	n/a	32492.900000
32492.933333	119.866667	16246467	coarse_label	Sleep/rest	n/a	n/a	n/a	n/a	n/a	n/a	n/a	n/a	n/a	32492.933333
32612.800000	0.100000	16306400	coarse_label	Blocklist (Data break)	n/a	n/a	n/a	n/a	n/a	n/a	n/a	n/a	n/a	32612.800000
32612.900000	119.666667	16306450	coarse_label	Sleep/rest	n/a	n/a	n/a	n/a	n/a	n/a	n/a	n/a	n/a	32612.900000
32732.566667	0.066667	16366283	coarse_label	Blocklist (Data break)	n/a	n/a	n/a	n/a	n/a	n/a	n/a	n/a	n/a	32732.566667
32732.633333	120.233333	16366317	coarse_label	Sleep/rest	n/a	n/a	n/a	n/a	n/a	n/a	n/a	n/a	n/a	32732.633333
32852.866667	0.033333	16426433	coarse_label	Blocklist (Data break)	n/a	n/a	n/a	n/a	n/a	n/a	n/a	n/a	n/a	32852.866667
32852.900000	120.100000	16426450	coarse_label	Sleep/rest	n/a	n/a	n/a	n/a	n/a	n/a	n/a	n/a	n/a	32852.900000
32973.000000	0.133333	16486500	coarse_label	Blocklist (Data break)	n/a	n/a	n/a	n/a	n/a	n/a	n/a	n/a	n/a	32973.000000
32973.133333	120.233333	16486567	coarse_label	Sleep/rest	n/a	n/a	n/a	n/a	n/a	n/a	n/a	n/a	n/a	32973.133333
33093.366667	0.033333	16546683	coarse_label	Blocklist (Data break)	n/a	n/a	n/a	n/a	n/a	n/a	n/a	n/a	n/a	33093.366667
33093.400000	120.033333	16546700	coarse_label	Sleep/rest	n/a	n/a	n/a	n/a	n/a	n/a	n/a	n/a	n/a	33093.400000
33213.433333	0.066667	16606717	coarse_label	Blocklist (Data break)	n/a	n/a	n/a	n/a	n/a	n/a	n/a	n/a	n/a	33213.433333
33213.500000	119.866667	16606750	coarse_label	Inactive	n/a	n/a	n/a	n/a	n/a	n/a	n/a	n/a	n/a	33213.500000
33333.366667	0.100000	16666683	coarse_label	Blocklist (Data break)	n/a	n/a	n/a	n/a	n/a	n/a	n/a	n/a	n/a	33333.366667
33333.466667	121.166667	16666733	coarse_label	Other activity	n/a	n/a	n/a	n/a	n/a	n/a	n/a	n/a	n/a	33333.466667
33454.633333	0.100000	16727317	coarse_label	Blocklist (Data break)	n/a	n/a	n/a	n/a	n/a	n/a	n/a	n/a	n/a	33454.633333
33454.733333	118.000000	16727367	coarse_label	Talk	n/a	n/a	n/a	n/a	n/a	n/a	n/a	n/a	n/a	33454.733333
33572.733333	0.033333	16786367	coarse_label	Blocklist (Data break)	n/a	n/a	n/a	n/a	n/a	n/a	n/a	n/a	n/a	33572.733333
33572.766667	120.533333	16786383	coarse_label	Talk	n/a	n/a	n/a	n/a	n/a	n/a	n/a	n/a	n/a	33572.766667
33693.300000	0.033333	16846650	coarse_label	Blocklist (Data break)	n/a	n/a	n/a	n/a	n/a	n/a	n/a	n/a	n/a	33693.300000
33693.333333	119.000000	16846667	coarse_label	Sleep/rest	n/a	n/a	n/a	n/a	n/a	n/a	n/a	n/a	n/a	33693.333333
33812.333333	0.200000	16906167	coarse_label	Blocklist (Data break)	n/a	n/a	n/a	n/a	n/a	n/a	n/a	n/a	n/a	33812.333333
33812.533333	119.833333	16906267	coarse_label	Sleep/rest	n/a	n/a	n/a	n/a	n/a	n/a	n/a	n/a	n/a	33812.533333
33932.366667	0.133333	16966183	coarse_label	Blocklist (Data break)	n/a	n/a	n/a	n/a	n/a	n/a	n/a	n/a	n/a	33932.366667
33932.500000	121.900000	16966250	coarse_label	Sleep/rest	n/a	n/a	n/a	n/a	n/a	n/a	n/a	n/a	n/a	33932.500000
34054.400000	0.033333	17027200	coarse_label	Blocklist (Data break)	n/a	n/a	n/a	n/a	n/a	n/a	n/a	n/a	n/a	34054.400000
34054.433333	119.466667	17027217	coarse_label	Sleep/rest	n/a	n/a	n/a	n/a	n/a	n/a	n/a	n/a	n/a	34054.433333
34173.900000	0.066667	17086950	coarse_label	Blocklist (Data break)	n/a	n/a	n/a	n/a	n/a	n/a	n/a	n/a	n/a	34173.900000
34173.966667	118.333333	17086983	coarse_label	Sleep/rest	n/a	n/a	n/a	n/a	n/a	n/a	n/a	n/a	n/a	34173.966667
34292.300000	0.166667	17146150	coarse_label	Blocklist (Data break)	n/a	n/a	n/a	n/a	n/a	n/a	n/a	n/a	n/a	34292.300000
34292.466667	121.766667	17146233	coarse_label	Sleep/rest	n/a	n/a	n/a	n/a	n/a	n/a	n/a	n/a	n/a	34292.466667
34414.233333	0.100000	17207117	coarse_label	Blocklist (Data break)	n/a	n/a	n/a	n/a	n/a	n/a	n/a	n/a	n/a	34414.233333
34414.333333	118.533333	17207167	coarse_label	Sleep/rest	n/a	n/a	n/a	n/a	n/a	n/a	n/a	n/a	n/a	34414.333333
34532.866667	0.033333	17266433	coarse_label	Blocklist (Data break)	n/a	n/a	n/a	n/a	n/a	n/a	n/a	n/a	n/a	34532.866667
34532.900000	120.733333	17266450	coarse_label	Sleep/rest	n/a	n/a	n/a	n/a	n/a	n/a	n/a	n/a	n/a	34532.900000
34653.633333	0.066667	17326817	coarse_label	Blocklist (Data break)	n/a	n/a	n/a	n/a	n/a	n/a	n/a	n/a	n/a	34653.633333
34653.700000	121.500000	17326850	coarse_label	Sleep/rest	n/a	n/a	n/a	n/a	n/a	n/a	n/a	n/a	n/a	34653.700000
34775.200000	0.033333	17387600	coarse_label	Blocklist (Data break)	n/a	n/a	n/a	n/a	n/a	n/a	n/a	n/a	n/a	34775.200000
34775.233333	118.466667	17387617	coarse_label	Sleep/rest	n/a	n/a	n/a	n/a	n/a	n/a	n/a	n/a	n/a	34775.233333
34893.700000	0.133333	17446850	coarse_label	Blocklist (Data break)	n/a	n/a	n/a	n/a	n/a	n/a	n/a	n/a	n/a	34893.700000
34893.833333	119.400000	17446917	coarse_label	Sleep/rest	n/a	n/a	n/a	n/a	n/a	n/a	n/a	n/a	n/a	34893.833333
35013.233333	0.100000	17506617	coarse_label	Blocklist (Data break)	n/a	n/a	n/a	n/a	n/a	n/a	n/a	n/a	n/a	35013.233333
35013.333333	119.733333	17506667	coarse_label	Sleep/rest	n/a	n/a	n/a	n/a	n/a	n/a	n/a	n/a	n/a	35013.333333
35133.066667	0.100000	17566533	coarse_label	Blocklist (Data break)	n/a	n/a	n/a	n/a	n/a	n/a	n/a	n/a	n/a	35133.066667
35133.166667	119.566667	17566583	coarse_label	Other activity	n/a	n/a	n/a	n/a	n/a	n/a	n/a	n/a	n/a	35133.166667
35252.733333	0.200000	17626367	coarse_label	Blocklist (Data break)	n/a	n/a	n/a	n/a	n/a	n/a	n/a	n/a	n/a	35252.733333
35252.933333	120.166667	17626467	coarse_label	Sleep/rest	n/a	n/a	n/a	n/a	n/a	n/a	n/a	n/a	n/a	35252.933333
35373.100000	0.033333	17686550	coarse_label	Blocklist (Data break)	n/a	n/a	n/a	n/a	n/a	n/a	n/a	n/a	n/a	35373.100000
35373.133333	123.266667	17686567	coarse_label	Sleep/rest	n/a	n/a	n/a	n/a	n/a	n/a	n/a	n/a	n/a	35373.133333
35496.400000	0.233333	17748200	coarse_label	Blocklist (Data break)	n/a	n/a	n/a	n/a	n/a	n/a	n/a	n/a	n/a	35496.400000
35496.633333	115.733333	17748317	coarse_label	Sleep/rest	n/a	n/a	n/a	n/a	n/a	n/a	n/a	n/a	n/a	35496.633333
35612.366667	0.166667	17806183	coarse_label	Blocklist (Data break)	n/a	n/a	n/a	n/a	n/a	n/a	n/a	n/a	n/a	35612.366667
35612.533333	122.166667	17806267	coarse_label	Sleep/rest	n/a	n/a	n/a	n/a	n/a	n/a	n/a	n/a	n/a	35612.533333
35734.700000	0.066667	17867350	coarse_label	Blocklist (Data break)	n/a	n/a	n/a	n/a	n/a	n/a	n/a	n/a	n/a	35734.700000
35734.766667	120.033333	17867383	coarse_label	Sleep/rest	n/a	n/a	n/a	n/a	n/a	n/a	n/a	n/a	n/a	35734.766667
35854.800000	0.166667	17927400	coarse_label	Blocklist (Data break)	n/a	n/a	n/a	n/a	n/a	n/a	n/a	n/a	n/a	35854.800000
35854.966667	117.900000	17927483	coarse_label	Sleep/rest	n/a	n/a	n/a	n/a	n/a	n/a	n/a	n/a	n/a	35854.966667
35972.866667	0.066667	17986433	coarse_label	Blocklist (Data break)	n/a	n/a	n/a	n/a	n/a	n/a	n/a	n/a	n/a	35972.866667
35972.933333	119.933333	17986467	coarse_label	Sleep/rest	n/a	n/a	n/a	n/a	n/a	n/a	n/a	n/a	n/a	35972.933333
36092.866667	0.033333	18046433	coarse_label	Blocklist (Data break)	n/a	n/a	n/a	n/a	n/a	n/a	n/a	n/a	n/a	36092.866667
36092.900000	120.100000	18046450	coarse_label	Sleep/rest	n/a	n/a	n/a	n/a	n/a	n/a	n/a	n/a	n/a	36092.900000
36213.000000	0.266667	18106500	coarse_label	Blocklist (Data break)	n/a	n/a	n/a	n/a	n/a	n/a	n/a	n/a	n/a	36213.000000
36213.266667	119.900000	18106633	coarse_label	Sleep/rest	n/a	n/a	n/a	n/a	n/a	n/a	n/a	n/a	n/a	36213.266667
36333.166667	0.100000	18166583	coarse_label	Blocklist (Data break)	n/a	n/a	n/a	n/a	n/a	n/a	n/a	n/a	n/a	36333.166667
36333.266667	121.200000	18166633	coarse_label	Sleep/rest	n/a	n/a	n/a	n/a	n/a	n/a	n/a	n/a	n/a	36333.266667
36454.466667	0.100000	18227233	coarse_label	Blocklist (Data break)	n/a	n/a	n/a	n/a	n/a	n/a	n/a	n/a	n/a	36454.466667
36454.566667	119.333333	18227283	coarse_label	Sleep/rest	n/a	n/a	n/a	n/a	n/a	n/a	n/a	n/a	n/a	36454.566667
36573.900000	0.233333	18286950	coarse_label	Blocklist (Data break)	n/a	n/a	n/a	n/a	n/a	n/a	n/a	n/a	n/a	36573.900000
36574.133333	120.066667	18287067	coarse_label	Sleep/rest	n/a	n/a	n/a	n/a	n/a	n/a	n/a	n/a	n/a	36574.133333
36694.200000	0.033333	18347100	coarse_label	Blocklist (Data break)	n/a	n/a	n/a	n/a	n/a	n/a	n/a	n/a	n/a	36694.200000
36694.233333	122.333333	18347117	coarse_label	Sleep/rest	n/a	n/a	n/a	n/a	n/a	n/a	n/a	n/a	n/a	36694.233333
36816.566667	0.066667	18408283	coarse_label	Blocklist (Data break)	n/a	n/a	n/a	n/a	n/a	n/a	n/a	n/a	n/a	36816.566667
36816.633333	117.066667	18408317	coarse_label	Sleep/rest	n/a	n/a	n/a	n/a	n/a	n/a	n/a	n/a	n/a	36816.633333
36933.700000	0.100000	18466850	coarse_label	Blocklist (Data break)	n/a	n/a	n/a	n/a	n/a	n/a	n/a	n/a	n/a	36933.700000
36933.800000	118.833333	18466900	coarse_label	Sleep/rest	n/a	n/a	n/a	n/a	n/a	n/a	n/a	n/a	n/a	36933.800000
37052.633333	0.200000	18526317	coarse_label	Blocklist (Data break)	n/a	n/a	n/a	n/a	n/a	n/a	n/a	n/a	n/a	37052.633333
37052.833333	122.700000	18526417	coarse_label	Sleep/rest	n/a	n/a	n/a	n/a	n/a	n/a	n/a	n/a	n/a	37052.833333
37175.533333	0.033333	18587767	coarse_label	Blocklist (Data break)	n/a	n/a	n/a	n/a	n/a	n/a	n/a	n/a	n/a	37175.533333
37175.566667	117.066667	18587783	coarse_label	Talk	n/a	n/a	n/a	n/a	n/a	n/a	n/a	n/a	n/a	37175.566667
37179.462000	2.733333	18589731	reach_onset	n/a	r_wrist	169.436217	121.570615	77.772843	0.117733	0.489423	2.166667	1.000000	37179.462000	37179.462000
37239.694000	0.700000	18619847	reach_onset	n/a	r_wrist	26.959099	-105.021893	45.128188	0.092084	0.004339	0.000000	0.000000	37239.694000	37239.695000
37292.633333	0.166667	18646317	coarse_label	Blocklist (Data break)	n/a	n/a	n/a	n/a	n/a	n/a	n/a	n/a	n/a	37292.633333
37292.800000	120.533333	18646400	coarse_label	Sleep/rest	n/a	n/a	n/a	n/a	n/a	n/a	n/a	n/a	n/a	37292.800000
37413.333333	0.066667	18706667	coarse_label	Blocklist (Data break)	n/a	n/a	n/a	n/a	n/a	n/a	n/a	n/a	n/a	37413.333333
37413.400000	119.433333	18706700	coarse_label	Sleep/rest	n/a	n/a	n/a	n/a	n/a	n/a	n/a	n/a	n/a	37413.400000
37532.833333	0.100000	18766417	coarse_label	Blocklist (Data break)	n/a	n/a	n/a	n/a	n/a	n/a	n/a	n/a	n/a	37532.833333
37532.933333	120.466667	18766467	coarse_label	Sleep/rest	n/a	n/a	n/a	n/a	n/a	n/a	n/a	n/a	n/a	37532.933333
37653.400000	0.033333	18826700	coarse_label	Blocklist (Data break)	n/a	n/a	n/a	n/a	n/a	n/a	n/a	n/a	n/a	37653.400000
37653.433333	119.366667	18826717	coarse_label	Sleep/rest	n/a	n/a	n/a	n/a	n/a	n/a	n/a	n/a	n/a	37653.433333
37772.800000	0.100000	18886400	coarse_label	Blocklist (Data break)	n/a	n/a	n/a	n/a	n/a	n/a	n/a	n/a	n/a	37772.800000
37772.900000	119.700000	18886450	coarse_label	Sleep/rest	n/a	n/a	n/a	n/a	n/a	n/a	n/a	n/a	n/a	37772.900000
37892.600000	0.033333	18946300	coarse_label	Blocklist (Data break)	n/a	n/a	n/a	n/a	n/a	n/a	n/a	n/a	n/a	37892.600000
37892.633333	120.133333	18946317	coarse_label	Sleep/rest	n/a	n/a	n/a	n/a	n/a	n/a	n/a	n/a	n/a	37892.633333
38012.766667	0.066667	19006383	coarse_label	Blocklist (Data break)	n/a	n/a	n/a	n/a	n/a	n/a	n/a	n/a	n/a	38012.766667
38012.833333	120.033333	19006417	coarse_label	Sleep/rest	n/a	n/a	n/a	n/a	n/a	n/a	n/a	n/a	n/a	38012.833333
38132.866667	0.133333	19066433	coarse_label	Blocklist (Data break)	n/a	n/a	n/a	n/a	n/a	n/a	n/a	n/a	n/a	38132.866667
38133.000000	123.500000	19066500	coarse_label	Sleep/rest	n/a	n/a	n/a	n/a	n/a	n/a	n/a	n/a	n/a	38133.000000
38256.500000	0.033333	19128250	coarse_label	Blocklist (Data break)	n/a	n/a	n/a	n/a	n/a	n/a	n/a	n/a	n/a	38256.500000
38256.533333	116.766667	19128267	coarse_label	Talk	n/a	n/a	n/a	n/a	n/a	n/a	n/a	n/a	n/a	38256.533333
38274.360000	1.433333	19137180	reach_onset	n/a	r_wrist	100.145628	-94.340975	62.790536	0.428726	0.238013	1.266667	1.000000	38274.360000	38274.360000
38373.300000	0.033333	19186650	coarse_label	Blocklist (Data break)	n/a	n/a	n/a	n/a	n/a	n/a	n/a	n/a	n/a	38373.300000
38373.333333	120.033333	19186667	coarse_label	Talk	n/a	n/a	n/a	n/a	n/a	n/a	n/a	n/a	n/a	38373.333333
38386.628000	0.666667	19193314	reach_onset	n/a	r_wrist	133.438483	-107.988161	135.957096	0.418210	0.135628	0.666667	1.000000	38386.628000	38386.628000
38493.366667	0.033333	19246683	coarse_label	Blocklist (Data break)	n/a	n/a	n/a	n/a	n/a	n/a	n/a	n/a	n/a	38493.366667
38493.400000	120.700000	19246700	coarse_label	Computer/phone	n/a	n/a	n/a	n/a	n/a	n/a	n/a	n/a	n/a	38493.400000
38614.100000	0.033333	19307050	coarse_label	Blocklist (Data break)	n/a	n/a	n/a	n/a	n/a	n/a	n/a	n/a	n/a	38614.100000
38614.133333	121.633333	19307067	coarse_label	Computer/phone	n/a	n/a	n/a	n/a	n/a	n/a	n/a	n/a	n/a	38614.133333
38735.766667	0.066667	19367883	coarse_label	Blocklist (Data break)	n/a	n/a	n/a	n/a	n/a	n/a	n/a	n/a	n/a	38735.766667
38735.833333	117.333333	19367917	coarse_label	Computer/phone	n/a	n/a	n/a	n/a	n/a	n/a	n/a	n/a	n/a	38735.833333
38853.166667	0.166667	19426583	coarse_label	Blocklist (Data break)	n/a	n/a	n/a	n/a	n/a	n/a	n/a	n/a	n/a	38853.166667
38853.333333	120.266667	19426667	coarse_label	Computer/phone	n/a	n/a	n/a	n/a	n/a	n/a	n/a	n/a	n/a	38853.333333
38973.600000	0.066667	19486800	coarse_label	Blocklist (Data break)	n/a	n/a	n/a	n/a	n/a	n/a	n/a	n/a	n/a	38973.600000
38973.666667	119.966667	19486833	coarse_label	Computer/phone	n/a	n/a	n/a	n/a	n/a	n/a	n/a	n/a	n/a	38973.666667
39093.633333	0.033333	19546817	coarse_label	Blocklist (Data break)	n/a	n/a	n/a	n/a	n/a	n/a	n/a	n/a	n/a	39093.633333
39093.666667	118.833333	19546833	coarse_label	Computer/phone	n/a	n/a	n/a	n/a	n/a	n/a	n/a	n/a	n/a	39093.666667
39212.500000	0.133333	19606250	coarse_label	Blocklist (Data break)	n/a	n/a	n/a	n/a	n/a	n/a	n/a	n/a	n/a	39212.500000
39212.633333	121.633333	19606317	coarse_label	Blocklist (Private time)	n/a	n/a	n/a	n/a	n/a	n/a	n/a	n/a	n/a	39212.633333
39334.266667	0.100000	19667133	coarse_label	Blocklist (Data break)	n/a	n/a	n/a	n/a	n/a	n/a	n/a	n/a	n/a	39334.266667
39334.366667	118.666667	19667183	coarse_label	Computer/phone	n/a	n/a	n/a	n/a	n/a	n/a	n/a	n/a	n/a	39334.366667
39432.638000	0.766667	19716319	reach_onset	n/a	r_wrist	26.893971	-64.572582	62.105458	0.141696	0.228118	0.066667	0.000000	39432.638000	39432.639000
39453.033333	0.166667	19726517	coarse_label	Blocklist (Data break)	n/a	n/a	n/a	n/a	n/a	n/a	n/a	n/a	n/a	39453.033333
39453.200000	123.100000	19726600	coarse_label	Computer/phone	n/a	n/a	n/a	n/a	n/a	n/a	n/a	n/a	n/a	39453.200000
39576.300000	0.066667	19788150	coarse_label	Blocklist (Data break)	n/a	n/a	n/a	n/a	n/a	n/a	n/a	n/a	n/a	39576.300000
39576.366667	116.066667	19788183	coarse_label	Computer/phone	n/a	n/a	n/a	n/a	n/a	n/a	n/a	n/a	n/a	39576.366667
39682.514000	0.566667	19841257	reach_onset	n/a	r_wrist	8.053558	41.281805	14.728475	0.185478	0.933992	0.266667	1.000000	39682.514000	39682.514000
39692.433333	0.033333	19846217	coarse_label	Blocklist (Data break)	n/a	n/a	n/a	n/a	n/a	n/a	n/a	n/a	n/a	39692.433333
39692.466667	121.433333	19846233	coarse_label	Blocklist (Private time)	n/a	n/a	n/a	n/a	n/a	n/a	n/a	n/a	n/a	39692.466667
39813.900000	0.133333	19906950	coarse_label	Blocklist (Data break)	n/a	n/a	n/a	n/a	n/a	n/a	n/a	n/a	n/a	39813.900000
39814.033333	120.066667	19907017	coarse_label	Blocklist (Private time)	n/a	n/a	n/a	n/a	n/a	n/a	n/a	n/a	n/a	39814.033333
39934.100000	0.133333	19967050	coarse_label	Blocklist (Data break)	n/a	n/a	n/a	n/a	n/a	n/a	n/a	n/a	n/a	39934.100000
39934.233333	118.333333	19967117	coarse_label	Blocklist (Private time)	n/a	n/a	n/a	n/a	n/a	n/a	n/a	n/a	n/a	39934.233333
40052.566667	0.066667	20026283	coarse_label	Blocklist (Data break)	n/a	n/a	n/a	n/a	n/a	n/a	n/a	n/a	n/a	40052.566667
40052.633333	120.633333	20026317	coarse_label	Blocklist (Private time)	n/a	n/a	n/a	n/a	n/a	n/a	n/a	n/a	n/a	40052.633333
40173.266667	0.066667	20086633	coarse_label	Blocklist (Data break)	n/a	n/a	n/a	n/a	n/a	n/a	n/a	n/a	n/a	40173.266667
40173.333333	119.833333	20086667	coarse_label	Blocklist (Private time)	n/a	n/a	n/a	n/a	n/a	n/a	n/a	n/a	n/a	40173.333333
40222.688000	3.998000	20111344	nan_segment	n/a	n/a	n/a	n/a	n/a	n/a	n/a	n/a	n/a	n/a	n/a
40293.166667	0.100000	20146583	coarse_label	Blocklist (Data break)	n/a	n/a	n/a	n/a	n/a	n/a	n/a	n/a	n/a	40293.166667
40293.266667	119.200000	20146633	coarse_label	Talk	n/a	n/a	n/a	n/a	n/a	n/a	n/a	n/a	n/a	40293.266667
40294.432000	0.533333	20147216	reach_onset	n/a	r_wrist	9.639094	58.914846	13.052866	0.215342	0.500000	0.533333	1.000000	40294.432000	40294.433000
40412.466667	0.100000	20206233	coarse_label	Blocklist (Data break)	n/a	n/a	n/a	n/a	n/a	n/a	n/a	n/a	n/a	40412.466667
40412.566667	121.533333	20206283	coarse_label	Computer/phone	n/a	n/a	n/a	n/a	n/a	n/a	n/a	n/a	n/a	40412.566667
40488.852000	1.200000	20244426	reach_onset	n/a	r_wrist	151.564446	41.506322	40.851980	0.104629	0.312209	1.100000	1.000000	40488.852000	40488.853000
40534.100000	0.066667	20267050	coarse_label	Blocklist (Data break)	n/a	n/a	n/a	n/a	n/a	n/a	n/a	n/a	n/a	40534.100000
40534.166667	118.233333	20267083	coarse_label	Computer/phone	n/a	n/a	n/a	n/a	n/a	n/a	n/a	n/a	n/a	40534.166667
40652.400000	0.033333	20326200	coarse_label	Blocklist (Data break)	n/a	n/a	n/a	n/a	n/a	n/a	n/a	n/a	n/a	40652.400000
40652.433333	120.300000	20326217	coarse_label	Computer/phone	n/a	n/a	n/a	n/a	n/a	n/a	n/a	n/a	n/a	40652.433333
40772.733333	0.166667	20386367	coarse_label	Blocklist (Data break)	n/a	n/a	n/a	n/a	n/a	n/a	n/a	n/a	n/a	40772.733333
40772.900000	120.133333	20386450	coarse_label	Computer/phone	n/a	n/a	n/a	n/a	n/a	n/a	n/a	n/a	n/a	40772.900000
40893.033333	0.033333	20446517	coarse_label	Blocklist (Data break)	n/a	n/a	n/a	n/a	n/a	n/a	n/a	n/a	n/a	40893.033333
40893.066667	124.366667	20446533	coarse_label	Computer/phone	n/a	n/a	n/a	n/a	n/a	n/a	n/a	n/a	n/a	40893.066667
41017.433333	0.066667	20508717	coarse_label	Blocklist (Data break)	n/a	n/a	n/a	n/a	n/a	n/a	n/a	n/a	n/a	41017.433333
41017.500000	115.900000	20508750	coarse_label	Computer/phone	n/a	n/a	n/a	n/a	n/a	n/a	n/a	n/a	n/a	41017.500000
41133.400000	0.033333	20566700	coarse_label	Blocklist (Data break)	n/a	n/a	n/a	n/a	n/a	n/a	n/a	n/a	n/a	41133.400000
41133.433333	119.066667	20566717	coarse_label	Computer/phone	n/a	n/a	n/a	n/a	n/a	n/a	n/a	n/a	n/a	41133.433333
41252.500000	0.066667	20626250	coarse_label	Blocklist (Data break)	n/a	n/a	n/a	n/a	n/a	n/a	n/a	n/a	n/a	41252.500000
41252.566667	121.300000	20626283	coarse_label	Computer/phone	n/a	n/a	n/a	n/a	n/a	n/a	n/a	n/a	n/a	41252.566667
41373.866667	0.033333	20686933	coarse_label	Blocklist (Data break)	n/a	n/a	n/a	n/a	n/a	n/a	n/a	n/a	n/a	41373.866667
41373.900000	119.800000	20686950	coarse_label	Sleep/rest	n/a	n/a	n/a	n/a	n/a	n/a	n/a	n/a	n/a	41373.900000
41493.700000	0.066667	20746850	coarse_label	Blocklist (Data break)	n/a	n/a	n/a	n/a	n/a	n/a	n/a	n/a	n/a	41493.700000
41493.766667	124.166667	20746883	coarse_label	Sleep/rest	n/a	n/a	n/a	n/a	n/a	n/a	n/a	n/a	n/a	41493.766667
41617.933333	0.133333	20808967	coarse_label	Blocklist (Data break)	n/a	n/a	n/a	n/a	n/a	n/a	n/a	n/a	n/a	41617.933333
41618.066667	116.500000	20809033	coarse_label	Sleep/rest	n/a	n/a	n/a	n/a	n/a	n/a	n/a	n/a	n/a	41618.066667
41734.566667	0.066667	20867283	coarse_label	Blocklist (Data break)	n/a	n/a	n/a	n/a	n/a	n/a	n/a	n/a	n/a	41734.566667
41734.633333	118.566667	20867317	coarse_label	Sleep/rest	n/a	n/a	n/a	n/a	n/a	n/a	n/a	n/a	n/a	41734.633333
41853.200000	0.033333	20926600	coarse_label	Blocklist (Data break)	n/a	n/a	n/a	n/a	n/a	n/a	n/a	n/a	n/a	41853.200000
41853.233333	119.700000	20926617	coarse_label	Computer/phone	n/a	n/a	n/a	n/a	n/a	n/a	n/a	n/a	n/a	41853.233333
41972.933333	0.066667	20986467	coarse_label	Blocklist (Data break)	n/a	n/a	n/a	n/a	n/a	n/a	n/a	n/a	n/a	41972.933333
41973.000000	119.366667	20986500	coarse_label	Other activity	n/a	n/a	n/a	n/a	n/a	n/a	n/a	n/a	n/a	41973.000000
42092.366667	0.100000	21046183	coarse_label	Blocklist (Data break)	n/a	n/a	n/a	n/a	n/a	n/a	n/a	n/a	n/a	42092.366667
42092.466667	120.500000	21046233	coarse_label	Sleep/rest	n/a	n/a	n/a	n/a	n/a	n/a	n/a	n/a	n/a	42092.466667
42212.966667	0.033333	21106483	coarse_label	Blocklist (Data break)	n/a	n/a	n/a	n/a	n/a	n/a	n/a	n/a	n/a	42212.966667
42213.000000	124.200000	21106500	coarse_label	Computer/phone	n/a	n/a	n/a	n/a	n/a	n/a	n/a	n/a	n/a	42213.000000
42244.272000	3.800000	21122136	reach_onset	n/a	r_wrist	127.134968	134.563956	58.350220	0.220958	0.020112	0.500000	1.000000	42244.272000	42244.273000
42337.200000	0.066667	21168600	coarse_label	Blocklist (Data break)	n/a	n/a	n/a	n/a	n/a	n/a	n/a	n/a	n/a	42337.200000
42337.266667	115.700000	21168633	coarse_label	Sleep/rest	n/a	n/a	n/a	n/a	n/a	n/a	n/a	n/a	n/a	42337.266667
42452.966667	0.200000	21226483	coarse_label	Blocklist (Data break)	n/a	n/a	n/a	n/a	n/a	n/a	n/a	n/a	n/a	42452.966667
42453.166667	120.000000	21226583	coarse_label	Sleep/rest	n/a	n/a	n/a	n/a	n/a	n/a	n/a	n/a	n/a	42453.166667
42573.166667	0.133333	21286583	coarse_label	Blocklist (Data break)	n/a	n/a	n/a	n/a	n/a	n/a	n/a	n/a	n/a	42573.166667
42573.300000	119.500000	21286650	coarse_label	Sleep/rest	n/a	n/a	n/a	n/a	n/a	n/a	n/a	n/a	n/a	42573.300000
42692.800000	0.133333	21346400	coarse_label	Blocklist (Data break)	n/a	n/a	n/a	n/a	n/a	n/a	n/a	n/a	n/a	42692.800000
42692.933333	121.566667	21346467	coarse_label	Sleep/rest	n/a	n/a	n/a	n/a	n/a	n/a	n/a	n/a	n/a	42692.933333
42814.500000	0.300000	21407250	coarse_label	Blocklist (Data break)	n/a	n/a	n/a	n/a	n/a	n/a	n/a	n/a	n/a	42814.500000
42814.800000	117.500000	21407400	coarse_label	Sleep/rest	n/a	n/a	n/a	n/a	n/a	n/a	n/a	n/a	n/a	42814.800000
42932.300000	0.066667	21466150	coarse_label	Blocklist (Data break)	n/a	n/a	n/a	n/a	n/a	n/a	n/a	n/a	n/a	42932.300000
42932.366667	120.200000	21466183	coarse_label	Sleep/rest	n/a	n/a	n/a	n/a	n/a	n/a	n/a	n/a	n/a	42932.366667
43052.566667	0.066667	21526283	coarse_label	Blocklist (Data break)	n/a	n/a	n/a	n/a	n/a	n/a	n/a	n/a	n/a	43052.566667
43052.633333	120.366667	21526317	coarse_label	Sleep/rest	n/a	n/a	n/a	n/a	n/a	n/a	n/a	n/a	n/a	43052.633333
43173.000000	0.166667	21586500	coarse_label	Blocklist (Data break)	n/a	n/a	n/a	n/a	n/a	n/a	n/a	n/a	n/a	43173.000000
43173.166667	119.033333	21586583	coarse_label	Sleep/rest	n/a	n/a	n/a	n/a	n/a	n/a	n/a	n/a	n/a	43173.166667
43292.200000	0.066667	21646100	coarse_label	Blocklist (Data break)	n/a	n/a	n/a	n/a	n/a	n/a	n/a	n/a	n/a	43292.200000
43292.266667	120.066667	21646133	coarse_label	Sleep/rest	n/a	n/a	n/a	n/a	n/a	n/a	n/a	n/a	n/a	43292.266667
43412.333333	0.066667	21706167	coarse_label	Blocklist (Data break)	n/a	n/a	n/a	n/a	n/a	n/a	n/a	n/a	n/a	43412.333333
43412.400000	122.400000	21706200	coarse_label	Sleep/rest	n/a	n/a	n/a	n/a	n/a	n/a	n/a	n/a	n/a	43412.400000
43534.800000	0.066667	21767400	coarse_label	Blocklist (Data break)	n/a	n/a	n/a	n/a	n/a	n/a	n/a	n/a	n/a	43534.800000
43534.866667	118.066667	21767433	coarse_label	Sleep/rest	n/a	n/a	n/a	n/a	n/a	n/a	n/a	n/a	n/a	43534.866667
43652.933333	0.066667	21826467	coarse_label	Blocklist (Data break)	n/a	n/a	n/a	n/a	n/a	n/a	n/a	n/a	n/a	43652.933333
43653.000000	119.233333	21826500	coarse_label	Sleep/rest	n/a	n/a	n/a	n/a	n/a	n/a	n/a	n/a	n/a	43653.000000
43772.233333	0.166667	21886117	coarse_label	Blocklist (Data break)	n/a	n/a	n/a	n/a	n/a	n/a	n/a	n/a	n/a	43772.233333
43772.400000	120.233333	21886200	coarse_label	Sleep/rest	n/a	n/a	n/a	n/a	n/a	n/a	n/a	n/a	n/a	43772.400000
43892.633333	0.033333	21946317	coarse_label	Blocklist (Data break)	n/a	n/a	n/a	n/a	n/a	n/a	n/a	n/a	n/a	43892.633333
43892.666667	120.366667	21946333	coarse_label	Sleep/rest	n/a	n/a	n/a	n/a	n/a	n/a	n/a	n/a	n/a	43892.666667
44013.033333	0.066667	22006517	coarse_label	Blocklist (Data break)	n/a	n/a	n/a	n/a	n/a	n/a	n/a	n/a	n/a	44013.033333
44013.100000	121.300000	22006550	coarse_label	Sleep/rest	n/a	n/a	n/a	n/a	n/a	n/a	n/a	n/a	n/a	44013.100000
44134.400000	0.033333	22067200	coarse_label	Blocklist (Data break)	n/a	n/a	n/a	n/a	n/a	n/a	n/a	n/a	n/a	44134.400000
44134.433333	118.100000	22067217	coarse_label	Sleep/rest	n/a	n/a	n/a	n/a	n/a	n/a	n/a	n/a	n/a	44134.433333
44252.533333	0.033333	22126267	coarse_label	Blocklist (Data break)	n/a	n/a	n/a	n/a	n/a	n/a	n/a	n/a	n/a	44252.533333
44252.566667	120.100000	22126283	coarse_label	Sleep/rest	n/a	n/a	n/a	n/a	n/a	n/a	n/a	n/a	n/a	44252.566667
44372.666667	0.200000	22186333	coarse_label	Blocklist (Data break)	n/a	n/a	n/a	n/a	n/a	n/a	n/a	n/a	n/a	44372.666667
44372.866667	119.100000	22186433	coarse_label	Sleep/rest	n/a	n/a	n/a	n/a	n/a	n/a	n/a	n/a	n/a	44372.866667
44491.966667	0.266667	22245983	coarse_label	Blocklist (Data break)	n/a	n/a	n/a	n/a	n/a	n/a	n/a	n/a	n/a	44491.966667
44492.233333	121.433333	22246117	coarse_label	Sleep/rest	n/a	n/a	n/a	n/a	n/a	n/a	n/a	n/a	n/a	44492.233333
44613.666667	0.033333	22306833	coarse_label	Blocklist (Data break)	n/a	n/a	n/a	n/a	n/a	n/a	n/a	n/a	n/a	44613.666667
44613.700000	119.066667	22306850	coarse_label	Sleep/rest	n/a	n/a	n/a	n/a	n/a	n/a	n/a	n/a	n/a	44613.700000
44732.766667	0.066667	22366383	coarse_label	Blocklist (Data break)	n/a	n/a	n/a	n/a	n/a	n/a	n/a	n/a	n/a	44732.766667
44732.833333	122.200000	22366417	coarse_label	Sleep/rest	n/a	n/a	n/a	n/a	n/a	n/a	n/a	n/a	n/a	44732.833333
44855.033333	0.266667	22427517	coarse_label	Blocklist (Data break)	n/a	n/a	n/a	n/a	n/a	n/a	n/a	n/a	n/a	44855.033333
44855.300000	116.833333	22427650	coarse_label	Sleep/rest	n/a	n/a	n/a	n/a	n/a	n/a	n/a	n/a	n/a	44855.300000
44972.133333	0.166667	22486067	coarse_label	Blocklist (Data break)	n/a	n/a	n/a	n/a	n/a	n/a	n/a	n/a	n/a	44972.133333
44972.300000	120.033333	22486150	coarse_label	Sleep/rest	n/a	n/a	n/a	n/a	n/a	n/a	n/a	n/a	n/a	44972.300000
45092.333333	0.033333	22546167	coarse_label	Blocklist (Data break)	n/a	n/a	n/a	n/a	n/a	n/a	n/a	n/a	n/a	45092.333333
45092.366667	119.966667	22546183	coarse_label	Sleep/rest	n/a	n/a	n/a	n/a	n/a	n/a	n/a	n/a	n/a	45092.366667
45212.333333	0.100000	22606167	coarse_label	Blocklist (Data break)	n/a	n/a	n/a	n/a	n/a	n/a	n/a	n/a	n/a	45212.333333
45212.433333	122.033333	22606217	coarse_label	Sleep/rest	n/a	n/a	n/a	n/a	n/a	n/a	n/a	n/a	n/a	45212.433333
45334.466667	0.066667	22667233	coarse_label	Blocklist (Data break)	n/a	n/a	n/a	n/a	n/a	n/a	n/a	n/a	n/a	45334.466667
45334.533333	117.766667	22667267	coarse_label	Sleep/rest	n/a	n/a	n/a	n/a	n/a	n/a	n/a	n/a	n/a	45334.533333
45452.300000	0.166667	22726150	coarse_label	Blocklist (Data break)	n/a	n/a	n/a	n/a	n/a	n/a	n/a	n/a	n/a	45452.300000
45452.466667	121.033333	22726233	coarse_label	Sleep/rest	n/a	n/a	n/a	n/a	n/a	n/a	n/a	n/a	n/a	45452.466667
45573.500000	0.066667	22786750	coarse_label	Blocklist (Data break)	n/a	n/a	n/a	n/a	n/a	n/a	n/a	n/a	n/a	45573.500000
45573.566667	118.866667	22786783	coarse_label	Sleep/rest	n/a	n/a	n/a	n/a	n/a	n/a	n/a	n/a	n/a	45573.566667
45692.433333	0.100000	22846217	coarse_label	Blocklist (Data break)	n/a	n/a	n/a	n/a	n/a	n/a	n/a	n/a	n/a	45692.433333
45692.533333	120.100000	22846267	coarse_label	Sleep/rest	n/a	n/a	n/a	n/a	n/a	n/a	n/a	n/a	n/a	45692.533333
45812.633333	0.033333	22906317	coarse_label	Blocklist (Data break)	n/a	n/a	n/a	n/a	n/a	n/a	n/a	n/a	n/a	45812.633333
45812.666667	121.166667	22906333	coarse_label	Sleep/rest	n/a	n/a	n/a	n/a	n/a	n/a	n/a	n/a	n/a	45812.666667
45933.833333	0.066667	22966917	coarse_label	Blocklist (Data break)	n/a	n/a	n/a	n/a	n/a	n/a	n/a	n/a	n/a	45933.833333
45933.900000	118.933333	22966950	coarse_label	Sleep/rest	n/a	n/a	n/a	n/a	n/a	n/a	n/a	n/a	n/a	45933.900000
46052.833333	0.133333	23026417	coarse_label	Blocklist (Data break)	n/a	n/a	n/a	n/a	n/a	n/a	n/a	n/a	n/a	46052.833333
46052.966667	121.200000	23026483	coarse_label	Sleep/rest	n/a	n/a	n/a	n/a	n/a	n/a	n/a	n/a	n/a	46052.966667
46174.166667	0.066667	23087083	coarse_label	Blocklist (Data break)	n/a	n/a	n/a	n/a	n/a	n/a	n/a	n/a	n/a	46174.166667
46174.233333	120.333333	23087117	coarse_label	Talk	n/a	n/a	n/a	n/a	n/a	n/a	n/a	n/a	n/a	46174.233333
46259.048000	1.500000	23129524	reach_onset	n/a	r_wrist	90.489385	-9.209514	37.135408	0.207690	0.171313	1.133333	1.000000	46259.048000	46259.048000
46294.566667	0.066667	23147283	coarse_label	Blocklist (Data break)	n/a	n/a	n/a	n/a	n/a	n/a	n/a	n/a	n/a	46294.566667
46294.633333	120.600000	23147317	coarse_label	Sleep/rest	n/a	n/a	n/a	n/a	n/a	n/a	n/a	n/a	n/a	46294.633333
46415.233333	0.066667	23207617	coarse_label	Blocklist (Data break)	n/a	n/a	n/a	n/a	n/a	n/a	n/a	n/a	n/a	46415.233333
46415.300000	122.700000	23207650	coarse_label	Sleep/rest	n/a	n/a	n/a	n/a	n/a	n/a	n/a	n/a	n/a	46415.300000
46538.000000	0.066667	23269000	coarse_label	Blocklist (Data break)	n/a	n/a	n/a	n/a	n/a	n/a	n/a	n/a	n/a	46538.000000
46538.066667	114.200000	23269033	coarse_label	Sleep/rest	n/a	n/a	n/a	n/a	n/a	n/a	n/a	n/a	n/a	46538.066667
46652.266667	0.066667	23326133	coarse_label	Blocklist (Data break)	n/a	n/a	n/a	n/a	n/a	n/a	n/a	n/a	n/a	46652.266667
46652.333333	124.700000	23326167	coarse_label	Sleep/rest	n/a	n/a	n/a	n/a	n/a	n/a	n/a	n/a	n/a	46652.333333
46777.033333	0.066667	23388517	coarse_label	Blocklist (Data break)	n/a	n/a	n/a	n/a	n/a	n/a	n/a	n/a	n/a	46777.033333
46777.100000	119.300000	23388550	coarse_label	Sleep/rest	n/a	n/a	n/a	n/a	n/a	n/a	n/a	n/a	n/a	46777.100000
46896.400000	0.200000	23448200	coarse_label	Blocklist (Data break)	n/a	n/a	n/a	n/a	n/a	n/a	n/a	n/a	n/a	46896.400000
46896.600000	116.233333	23448300	coarse_label	Sleep/rest	n/a	n/a	n/a	n/a	n/a	n/a	n/a	n/a	n/a	46896.600000
47012.833333	0.133333	23506417	coarse_label	Blocklist (Data break)	n/a	n/a	n/a	n/a	n/a	n/a	n/a	n/a	n/a	47012.833333
47012.966667	121.066667	23506483	coarse_label	Sleep/rest	n/a	n/a	n/a	n/a	n/a	n/a	n/a	n/a	n/a	47012.966667
47134.033333	0.066667	23567017	coarse_label	Blocklist (Data break)	n/a	n/a	n/a	n/a	n/a	n/a	n/a	n/a	n/a	47134.033333
47134.100000	118.666667	23567050	coarse_label	Sleep/rest	n/a	n/a	n/a	n/a	n/a	n/a	n/a	n/a	n/a	47134.100000
47252.766667	0.066667	23626383	coarse_label	Blocklist (Data break)	n/a	n/a	n/a	n/a	n/a	n/a	n/a	n/a	n/a	47252.766667
47252.833333	119.466667	23626417	coarse_label	Sleep/rest	n/a	n/a	n/a	n/a	n/a	n/a	n/a	n/a	n/a	47252.833333
47372.300000	0.133333	23686150	coarse_label	Blocklist (Data break)	n/a	n/a	n/a	n/a	n/a	n/a	n/a	n/a	n/a	47372.300000
47372.433333	124.033333	23686217	coarse_label	Sleep/rest	n/a	n/a	n/a	n/a	n/a	n/a	n/a	n/a	n/a	47372.433333
47496.466667	0.066667	23748233	coarse_label	Blocklist (Data break)	n/a	n/a	n/a	n/a	n/a	n/a	n/a	n/a	n/a	47496.466667
47496.533333	116.166667	23748267	coarse_label	Sleep/rest	n/a	n/a	n/a	n/a	n/a	n/a	n/a	n/a	n/a	47496.533333
47612.700000	0.100000	23806350	coarse_label	Blocklist (Data break)	n/a	n/a	n/a	n/a	n/a	n/a	n/a	n/a	n/a	47612.700000
47612.800000	119.800000	23806400	coarse_label	Sleep/rest	n/a	n/a	n/a	n/a	n/a	n/a	n/a	n/a	n/a	47612.800000
47732.600000	0.033333	23866300	coarse_label	Blocklist (Data break)	n/a	n/a	n/a	n/a	n/a	n/a	n/a	n/a	n/a	47732.600000
47732.633333	119.300000	23866317	coarse_label	Sleep/rest	n/a	n/a	n/a	n/a	n/a	n/a	n/a	n/a	n/a	47732.633333
47851.933333	0.266667	23925967	coarse_label	Blocklist (Data break)	n/a	n/a	n/a	n/a	n/a	n/a	n/a	n/a	n/a	47851.933333
47852.200000	120.533333	23926100	coarse_label	Sleep/rest	n/a	n/a	n/a	n/a	n/a	n/a	n/a	n/a	n/a	47852.200000
47972.733333	0.133333	23986367	coarse_label	Blocklist (Data break)	n/a	n/a	n/a	n/a	n/a	n/a	n/a	n/a	n/a	47972.733333
47972.866667	119.433333	23986433	coarse_label	Sleep/rest	n/a	n/a	n/a	n/a	n/a	n/a	n/a	n/a	n/a	47972.866667
48092.300000	0.200000	24046150	coarse_label	Blocklist (Data break)	n/a	n/a	n/a	n/a	n/a	n/a	n/a	n/a	n/a	48092.300000
48092.500000	119.766667	24046250	coarse_label	Sleep/rest	n/a	n/a	n/a	n/a	n/a	n/a	n/a	n/a	n/a	48092.500000
48212.266667	0.033333	24106133	coarse_label	Blocklist (Data break)	n/a	n/a	n/a	n/a	n/a	n/a	n/a	n/a	n/a	48212.266667
48212.300000	119.900000	24106150	coarse_label	Sleep/rest	n/a	n/a	n/a	n/a	n/a	n/a	n/a	n/a	n/a	48212.300000
48332.200000	0.066667	24166100	coarse_label	Blocklist (Data break)	n/a	n/a	n/a	n/a	n/a	n/a	n/a	n/a	n/a	48332.200000
48332.266667	119.866667	24166133	coarse_label	Sleep/rest	n/a	n/a	n/a	n/a	n/a	n/a	n/a	n/a	n/a	48332.266667
48452.133333	0.133333	24226067	coarse_label	Blocklist (Data break)	n/a	n/a	n/a	n/a	n/a	n/a	n/a	n/a	n/a	48452.133333
48452.266667	119.900000	24226133	coarse_label	Sleep/rest	n/a	n/a	n/a	n/a	n/a	n/a	n/a	n/a	n/a	48452.266667
48467.200000	5.114000	24233600	nan_segment	n/a	n/a	n/a	n/a	n/a	n/a	n/a	n/a	n/a	n/a	n/a
48572.166667	0.066667	24286083	coarse_label	Blocklist (Data break)	n/a	n/a	n/a	n/a	n/a	n/a	n/a	n/a	n/a	48572.166667
48572.233333	119.900000	24286117	coarse_label	Sleep/rest	n/a	n/a	n/a	n/a	n/a	n/a	n/a	n/a	n/a	48572.233333
48692.133333	0.066667	24346067	coarse_label	Blocklist (Data break)	n/a	n/a	n/a	n/a	n/a	n/a	n/a	n/a	n/a	48692.133333
48692.200000	120.900000	24346100	coarse_label	Sleep/rest	n/a	n/a	n/a	n/a	n/a	n/a	n/a	n/a	n/a	48692.200000
48813.100000	0.100000	24406550	coarse_label	Blocklist (Data break)	n/a	n/a	n/a	n/a	n/a	n/a	n/a	n/a	n/a	48813.100000
48813.200000	119.700000	24406600	coarse_label	Sleep/rest	n/a	n/a	n/a	n/a	n/a	n/a	n/a	n/a	n/a	48813.200000
48932.900000	0.133333	24466450	coarse_label	Blocklist (Data break)	n/a	n/a	n/a	n/a	n/a	n/a	n/a	n/a	n/a	48932.900000
48933.033333	119.666667	24466517	coarse_label	Sleep/rest	n/a	n/a	n/a	n/a	n/a	n/a	n/a	n/a	n/a	48933.033333
49052.700000	0.066667	24526350	coarse_label	Blocklist (Data break)	n/a	n/a	n/a	n/a	n/a	n/a	n/a	n/a	n/a	49052.700000
49052.766667	123.700000	24526383	coarse_label	Sleep/rest	n/a	n/a	n/a	n/a	n/a	n/a	n/a	n/a	n/a	49052.766667
49176.466667	0.133333	24588233	coarse_label	Blocklist (Data break)	n/a	n/a	n/a	n/a	n/a	n/a	n/a	n/a	n/a	49176.466667
49176.600000	115.766667	24588300	coarse_label	Sleep/rest	n/a	n/a	n/a	n/a	n/a	n/a	n/a	n/a	n/a	49176.600000
49292.366667	0.100000	24646183	coarse_label	Blocklist (Data break)	n/a	n/a	n/a	n/a	n/a	n/a	n/a	n/a	n/a	49292.366667
49292.466667	120.066667	24646233	coarse_label	Sleep/rest	n/a	n/a	n/a	n/a	n/a	n/a	n/a	n/a	n/a	49292.466667
49412.533333	0.133333	24706267	coarse_label	Blocklist (Data break)	n/a	n/a	n/a	n/a	n/a	n/a	n/a	n/a	n/a	49412.533333
49412.666667	120.200000	24706333	coarse_label	Sleep/rest	n/a	n/a	n/a	n/a	n/a	n/a	n/a	n/a	n/a	49412.666667
49532.866667	0.200000	24766433	coarse_label	Blocklist (Data break)	n/a	n/a	n/a	n/a	n/a	n/a	n/a	n/a	n/a	49532.866667
49533.066667	120.333333	24766533	coarse_label	Sleep/rest	n/a	n/a	n/a	n/a	n/a	n/a	n/a	n/a	n/a	49533.066667
49653.400000	0.066667	24826700	coarse_label	Blocklist (Data break)	n/a	n/a	n/a	n/a	n/a	n/a	n/a	n/a	n/a	49653.400000
49653.466667	119.233333	24826733	coarse_label	Sleep/rest	n/a	n/a	n/a	n/a	n/a	n/a	n/a	n/a	n/a	49653.466667
49772.700000	0.133333	24886350	coarse_label	Blocklist (Data break)	n/a	n/a	n/a	n/a	n/a	n/a	n/a	n/a	n/a	49772.700000
49772.833333	120.200000	24886417	coarse_label	Sleep/rest	n/a	n/a	n/a	n/a	n/a	n/a	n/a	n/a	n/a	49772.833333
49893.033333	0.066667	24946517	coarse_label	Blocklist (Data break)	n/a	n/a	n/a	n/a	n/a	n/a	n/a	n/a	n/a	49893.033333
49893.100000	127.766667	24946550	coarse_label	Sleep/rest	n/a	n/a	n/a	n/a	n/a	n/a	n/a	n/a	n/a	49893.100000
49918.410000	4.828000	24959205	nan_segment	n/a	n/a	n/a	n/a	n/a	n/a	n/a	n/a	n/a	n/a	n/a
50020.866667	0.066667	25010433	coarse_label	Blocklist (Data break)	n/a	n/a	n/a	n/a	n/a	n/a	n/a	n/a	n/a	50020.866667
50020.933333	111.566667	25010467	coarse_label	Sleep/rest	n/a	n/a	n/a	n/a	n/a	n/a	n/a	n/a	n/a	50020.933333
50132.500000	0.133333	25066250	coarse_label	Blocklist (Data break)	n/a	n/a	n/a	n/a	n/a	n/a	n/a	n/a	n/a	50132.500000
50132.633333	120.166667	25066317	coarse_label	Sleep/rest	n/a	n/a	n/a	n/a	n/a	n/a	n/a	n/a	n/a	50132.633333
50252.800000	0.166667	25126400	coarse_label	Blocklist (Data break)	n/a	n/a	n/a	n/a	n/a	n/a	n/a	n/a	n/a	50252.800000
50252.966667	119.400000	25126483	coarse_label	Sleep/rest	n/a	n/a	n/a	n/a	n/a	n/a	n/a	n/a	n/a	50252.966667
50372.366667	0.066667	25186183	coarse_label	Blocklist (Data break)	n/a	n/a	n/a	n/a	n/a	n/a	n/a	n/a	n/a	50372.366667
50372.433333	120.266667	25186217	coarse_label	Sleep/rest	n/a	n/a	n/a	n/a	n/a	n/a	n/a	n/a	n/a	50372.433333
50492.700000	0.133333	25246350	coarse_label	Blocklist (Data break)	n/a	n/a	n/a	n/a	n/a	n/a	n/a	n/a	n/a	50492.700000
50492.833333	120.266667	25246417	coarse_label	Sleep/rest	n/a	n/a	n/a	n/a	n/a	n/a	n/a	n/a	n/a	50492.833333
50613.100000	0.066667	25306550	coarse_label	Blocklist (Data break)	n/a	n/a	n/a	n/a	n/a	n/a	n/a	n/a	n/a	50613.100000
50613.166667	119.100000	25306583	coarse_label	Sleep/rest	n/a	n/a	n/a	n/a	n/a	n/a	n/a	n/a	n/a	50613.166667
50709.042000	4.396000	25354521	nan_segment	n/a	n/a	n/a	n/a	n/a	n/a	n/a	n/a	n/a	n/a	n/a
50732.266667	0.166667	25366133	coarse_label	Blocklist (Data break)	n/a	n/a	n/a	n/a	n/a	n/a	n/a	n/a	n/a	50732.266667
50732.433333	120.066667	25366217	coarse_label	Sleep/rest	n/a	n/a	n/a	n/a	n/a	n/a	n/a	n/a	n/a	50732.433333
50852.500000	0.066667	25426250	coarse_label	Blocklist (Data break)	n/a	n/a	n/a	n/a	n/a	n/a	n/a	n/a	n/a	50852.500000
50852.566667	120.133333	25426283	coarse_label	Sleep/rest	n/a	n/a	n/a	n/a	n/a	n/a	n/a	n/a	n/a	50852.566667
50972.700000	0.200000	25486350	coarse_label	Blocklist (Data break)	n/a	n/a	n/a	n/a	n/a	n/a	n/a	n/a	n/a	50972.700000
50972.900000	119.100000	25486450	coarse_label	Sleep/rest	n/a	n/a	n/a	n/a	n/a	n/a	n/a	n/a	n/a	50972.900000
51092.000000	0.066667	25546000	coarse_label	Blocklist (Data break)	n/a	n/a	n/a	n/a	n/a	n/a	n/a	n/a	n/a	51092.000000
51092.066667	121.033333	25546033	coarse_label	Talk	n/a	n/a	n/a	n/a	n/a	n/a	n/a	n/a	n/a	51092.066667
51177.392000	1.100000	25588696	reach_onset	n/a	r_wrist	59.025664	-14.894979	90.876470	0.315900	0.598026	1.100000	1.000000	51177.392000	51177.393000
51206.726000	1.400000	25603363	reach_onset	n/a	r_wrist	19.518507	-140.014367	33.024539	0.338660	0.230194	0.900000	1.000000	51206.726000	51206.726000
51213.100000	0.033333	25606550	coarse_label	Blocklist (Data break)	n/a	n/a	n/a	n/a	n/a	n/a	n/a	n/a	n/a	51213.100000
51213.133333	119.566667	25606567	coarse_label		n/a	n/a	n/a	n/a	n/a	n/a	n/a	n/a	n/a	51213.133333
51240.862000	1.233333	25620431	reach_onset	n/a	r_wrist	57.274908	89.764951	27.952328	0.313653	0.504516	1.000000	1.000000	51240.862000	51240.862000
51332.700000	0.133333	25666350	coarse_label	Blocklist (Data break)	n/a	n/a	n/a	n/a	n/a	n/a	n/a	n/a	n/a	51332.700000
51332.833333	120.366667	25666417	coarse_label		n/a	n/a	n/a	n/a	n/a	n/a	n/a	n/a	n/a	51332.833333
51412.208000	4.048000	25706104	nan_segment	n/a	n/a	n/a	n/a	n/a	n/a	n/a	n/a	n/a	n/a	n/a
51433.046000	0.500000	25716523	reach_onset	n/a	r_wrist	235.533240	73.210277	427.557241	0.195225	0.382161	0.466667	1.000000	51433.046000	51433.047000
51453.200000	0.066667	25726600	coarse_label	Blocklist (Data break)	n/a	n/a	n/a	n/a	n/a	n/a	n/a	n/a	n/a	51453.200000
51453.266667	118.766667	25726633	coarse_label	Inactive	n/a	n/a	n/a	n/a	n/a	n/a	n/a	n/a	n/a	51453.266667
51572.033333	0.066667	25786017	coarse_label	Blocklist (Data break)	n/a	n/a	n/a	n/a	n/a	n/a	n/a	n/a	n/a	51572.033333
51572.100000	120.366667	25786050	coarse_label	Blocklist (Private time)	n/a	n/a	n/a	n/a	n/a	n/a	n/a	n/a	n/a	51572.100000
51592.284000	6.608000	25796142	nan_segment	n/a	n/a	n/a	n/a	n/a	n/a	n/a	n/a	n/a	n/a	n/a
51615.516000	10.032000	25807758	nan_segment	n/a	n/a	n/a	n/a	n/a	n/a	n/a	n/a	n/a	n/a	n/a
51683.172000	8.072000	25841586	nan_segment	n/a	n/a	n/a	n/a	n/a	n/a	n/a	n/a	n/a	n/a	n/a
51692.466667	0.033333	25846233	coarse_label	Blocklist (Data break)	n/a	n/a	n/a	n/a	n/a	n/a	n/a	n/a	n/a	51692.466667
51692.500000	120.433333	25846250	coarse_label	Blocklist (Private time)	n/a	n/a	n/a	n/a	n/a	n/a	n/a	n/a	n/a	51692.500000
51722.490000	9.164000	25861245	nan_segment	n/a	n/a	n/a	n/a	n/a	n/a	n/a	n/a	n/a	n/a	n/a
51812.933333	0.066667	25906467	coarse_label	Blocklist (Data break)	n/a	n/a	n/a	n/a	n/a	n/a	n/a	n/a	n/a	51812.933333
51813.000000	119.100000	25906500	coarse_label	Blocklist (Private time)	n/a	n/a	n/a	n/a	n/a	n/a	n/a	n/a	n/a	51813.000000
51817.286000	4.400000	25908643	nan_segment	n/a	n/a	n/a	n/a	n/a	n/a	n/a	n/a	n/a	n/a	n/a
51932.100000	0.033333	25966050	coarse_label	Blocklist (Data break)	n/a	n/a	n/a	n/a	n/a	n/a	n/a	n/a	n/a	51932.100000
51932.133333	121.833333	25966067	coarse_label	Inactive	n/a	n/a	n/a	n/a	n/a	n/a	n/a	n/a	n/a	51932.133333
52053.966667	0.100000	26026983	coarse_label	Blocklist (Data break)	n/a	n/a	n/a	n/a	n/a	n/a	n/a	n/a	n/a	52053.966667
52054.066667	118.566667	26027033	coarse_label	Inactive	n/a	n/a	n/a	n/a	n/a	n/a	n/a	n/a	n/a	52054.066667
52172.633333	0.066667	26086317	coarse_label	Blocklist (Data break)	n/a	n/a	n/a	n/a	n/a	n/a	n/a	n/a	n/a	52172.633333
52172.700000	120.866667	26086350	coarse_label	Inactive	n/a	n/a	n/a	n/a	n/a	n/a	n/a	n/a	n/a	52172.700000
52293.566667	0.133333	26146783	coarse_label	Blocklist (Data break)	n/a	n/a	n/a	n/a	n/a	n/a	n/a	n/a	n/a	52293.566667
52293.700000	118.666667	26146850	coarse_label		n/a	n/a	n/a	n/a	n/a	n/a	n/a	n/a	n/a	52293.700000
52412.366667	0.200000	26206183	coarse_label	Blocklist (Data break)	n/a	n/a	n/a	n/a	n/a	n/a	n/a	n/a	n/a	52412.366667
52412.566667	120.933333	26206283	coarse_label		n/a	n/a	n/a	n/a	n/a	n/a	n/a	n/a	n/a	52412.566667
52481.394000	1.066667	26240697	reach_onset	n/a	r_wrist	17.348899	-121.457197	17.871720	0.182833	0.421001	0.766667	1.000000	52481.394000	52481.394000
52512.160000	1.133333	26256080	reach_onset	n/a	r_wrist	40.958661	138.008183	46.801268	0.169165	0.078960	0.000000	0.000000	52512.160000	52512.161000
52533.500000	0.066667	26266750	coarse_label	Blocklist (Data break)	n/a	n/a	n/a	n/a	n/a	n/a	n/a	n/a	n/a	52533.500000
52533.566667	119.433333	26266783	coarse_label		n/a	n/a	n/a	n/a	n/a	n/a	n/a	n/a	n/a	52533.566667
52653.000000	0.066667	26326500	coarse_label	Blocklist (Data break)	n/a	n/a	n/a	n/a	n/a	n/a	n/a	n/a	n/a	52653.000000
52653.066667	119.366667	26326533	coarse_label	Inactive	n/a	n/a	n/a	n/a	n/a	n/a	n/a	n/a	n/a	52653.066667
52772.433333	0.033333	26386217	coarse_label	Blocklist (Data break)	n/a	n/a	n/a	n/a	n/a	n/a	n/a	n/a	n/a	52772.433333
52772.466667	119.466667	26386233	coarse_label	Blocklist (Private time)	n/a	n/a	n/a	n/a	n/a	n/a	n/a	n/a	n/a	52772.466667
52891.933333	0.433333	26445967	coarse_label	Blocklist (Data break)	n/a	n/a	n/a	n/a	n/a	n/a	n/a	n/a	n/a	52891.933333
52892.366667	122.766667	26446183	coarse_label	Blocklist (Private time)	n/a	n/a	n/a	n/a	n/a	n/a	n/a	n/a	n/a	52892.366667
52962.436000	9.730000	26481218	nan_segment	n/a	n/a	n/a	n/a	n/a	n/a	n/a	n/a	n/a	n/a	n/a
53005.904000	6.990000	26502952	nan_segment	n/a	n/a	n/a	n/a	n/a	n/a	n/a	n/a	n/a	n/a	n/a
53015.133333	0.066667	26507567	coarse_label	Blocklist (Data break)	n/a	n/a	n/a	n/a	n/a	n/a	n/a	n/a	n/a	53015.133333
53015.200000	119.633333	26507600	coarse_label	Talk	n/a	n/a	n/a	n/a	n/a	n/a	n/a	n/a	n/a	53015.200000
53023.976000	1.066667	26511988	reach_onset	n/a	r_wrist	125.731445	171.116400	42.091767	0.197317	0.637880	1.066667	1.000000	53023.976000	53023.976000
53036.130000	4.100000	26518065	nan_segment	n/a	n/a	n/a	n/a	n/a	n/a	n/a	n/a	n/a	n/a	n/a
53087.376000	1.300000	26543688	reach_onset	n/a	r_wrist	128.570350	-37.279873	69.025908	0.294600	0.639753	0.433333	1.000000	53087.376000	53087.376000
53100.442000	1.566667	26550221	reach_onset	n/a	r_wrist	127.582626	117.778264	68.424699	0.319604	0.254185	1.033333	1.000000	53100.442000	53100.443000
53119.108000	3.333333	26559554	reach_onset	n/a	r_wrist	122.192997	-40.693837	67.504569	0.326958	0.834050	1.933333	1.000000	53119.108000	53119.109000
53130.952000	4.106000	26565476	nan_segment	n/a	n/a	n/a	n/a	n/a	n/a	n/a	n/a	n/a	n/a	n/a
53134.833333	0.166667	26567417	coarse_label	Blocklist (Data break)	n/a	n/a	n/a	n/a	n/a	n/a	n/a	n/a	n/a	53134.833333
53135.000000	118.100000	26567500	coarse_label	Talk, Computer/phone	n/a	n/a	n/a	n/a	n/a	n/a	n/a	n/a	n/a	53135.000000
53141.090000	1.866667	26570545	reach_onset	n/a	r_wrist	160.981218	-155.965435	113.582346	0.314478	0.008453	0.000000	0.000000	53141.090000	53141.089000
53232.756000	2.366667	26616378	reach_onset	n/a	r_wrist	68.813080	-115.190368	12.599198	0.174661	0.000000	1.800000	1.000000	53232.756000	53232.756000
53253.100000	0.066667	26626550	coarse_label	Blocklist (Data break)	n/a	n/a	n/a	n/a	n/a	n/a	n/a	n/a	n/a	53253.100000
53253.166667	119.433333	26626583	coarse_label	Computer/phone	n/a	n/a	n/a	n/a	n/a	n/a	n/a	n/a	n/a	53253.166667
53258.546000	0.666667	26629273	reach_onset	n/a	r_wrist	66.451550	-103.183995	104.639235	0.149306	0.031075	0.000000	0.000000	53258.546000	53258.546000
53335.878000	1.800000	26667939	reach_onset	n/a	r_wrist	54.618178	175.754642	67.062272	0.153715	0.159233	0.233333	1.000000	53335.878000	53335.879000
53372.600000	0.233333	26686300	coarse_label	Blocklist (Data break)	n/a	n/a	n/a	n/a	n/a	n/a	n/a	n/a	n/a	53372.600000
53372.833333	239.900000	26686417	coarse_label	Computer/phone	n/a	n/a	n/a	n/a	n/a	n/a	n/a	n/a	n/a	53372.833333
53490.164000	1.266667	26745082	reach_onset	n/a	r_wrist	131.998288	-36.947480	75.475920	0.203289	0.035053	0.166667	1.000000	53490.164000	53490.165000
53612.733333	0.033333	26806367	coarse_label	Blocklist (Data break)	n/a	n/a	n/a	n/a	n/a	n/a	n/a	n/a	n/a	53612.733333
53612.766667	120.066667	26806383	coarse_label	Talk, Computer/phone	n/a	n/a	n/a	n/a	n/a	n/a	n/a	n/a	n/a	53612.766667
53683.362000	0.600000	26841681	reach_onset	n/a	r_wrist	71.868745	-157.098922	148.344333	0.220847	0.014137	0.000000	0.000000	53683.362000	53683.362000
53726.262000	1.366667	26863131	reach_onset	n/a	r_wrist	150.463668	131.165576	324.479274	0.301580	0.269761	0.233333	1.000000	53726.262000	53726.262000
53732.833333	0.166667	26866417	coarse_label	Blocklist (Data break)	n/a	n/a	n/a	n/a	n/a	n/a	n/a	n/a	n/a	53732.833333
53733.000000	120.233333	26866500	coarse_label	Computer/phone	n/a	n/a	n/a	n/a	n/a	n/a	n/a	n/a	n/a	53733.000000
53853.233333	0.166667	26926617	coarse_label	Blocklist (Data break)	n/a	n/a	n/a	n/a	n/a	n/a	n/a	n/a	n/a	53853.233333
53853.400000	119.033333	26926700	coarse_label		n/a	n/a	n/a	n/a	n/a	n/a	n/a	n/a	n/a	53853.400000
53947.938000	1.133333	26973969	reach_onset	n/a	r_wrist	141.490279	-3.901876	32.304570	0.313669	0.068813	1.066667	1.000000	53947.938000	53947.938000
53972.433333	0.200000	26986217	coarse_label	Blocklist (Data break)	n/a	n/a	n/a	n/a	n/a	n/a	n/a	n/a	n/a	53972.433333
53972.633333	122.866667	26986317	coarse_label		n/a	n/a	n/a	n/a	n/a	n/a	n/a	n/a	n/a	53972.633333
53991.056000	0.733333	26995528	reach_onset	n/a	r_wrist	19.455221	-56.799549	23.070147	0.209768	0.846716	0.733333	1.000000	53991.056000	53991.055000
54005.956000	1.333333	27002978	reach_onset	n/a	r_wrist	18.624319	29.075164	39.588040	0.187195	0.625689	1.166667	1.000000	54005.956000	54005.955000
54095.500000	0.100000	27047750	coarse_label	Blocklist (Data break)	n/a	n/a	n/a	n/a	n/a	n/a	n/a	n/a	n/a	54095.500000
54095.600000	116.400000	27047800	coarse_label		n/a	n/a	n/a	n/a	n/a	n/a	n/a	n/a	n/a	54095.600000
54164.836000	1.066667	27082418	reach_onset	n/a	r_wrist	242.446118	134.946931	396.744645	0.190847	0.178417	0.833333	1.000000	54164.836000	54164.836000
54212.000000	0.100000	27106000	coarse_label	Blocklist (Data break)	n/a	n/a	n/a	n/a	n/a	n/a	n/a	n/a	n/a	54212.000000
54212.100000	120.800000	27106050	coarse_label		n/a	n/a	n/a	n/a	n/a	n/a	n/a	n/a	n/a	54212.100000
54332.900000	0.033333	27166450	coarse_label	Blocklist (Data break)	n/a	n/a	n/a	n/a	n/a	n/a	n/a	n/a	n/a	54332.900000
54332.933333	119.533333	27166467	coarse_label		n/a	n/a	n/a	n/a	n/a	n/a	n/a	n/a	n/a	54332.933333
54362.126000	4.850000	27181063	nan_segment	n/a	n/a	n/a	n/a	n/a	n/a	n/a	n/a	n/a	n/a	n/a
54374.958000	1.200000	27187479	reach_onset	n/a	r_wrist	36.592113	25.309200	26.463197	0.373827	0.361384	0.566667	1.000000	54374.958000	54374.957000
54452.466667	0.066667	27226233	coarse_label	Blocklist (Data break)	n/a	n/a	n/a	n/a	n/a	n/a	n/a	n/a	n/a	54452.466667
54452.533333	119.466667	27226267	coarse_label		n/a	n/a	n/a	n/a	n/a	n/a	n/a	n/a	n/a	54452.533333
54572.000000	0.066667	27286000	coarse_label	Blocklist (Data break)	n/a	n/a	n/a	n/a	n/a	n/a	n/a	n/a	n/a	54572.000000
54572.066667	121.600000	27286033	coarse_label		n/a	n/a	n/a	n/a	n/a	n/a	n/a	n/a	n/a	54572.066667
54648.368000	4.232000	27324184	nan_segment	n/a	n/a	n/a	n/a	n/a	n/a	n/a	n/a	n/a	n/a	n/a
54693.666667	0.133333	27346833	coarse_label	Blocklist (Data break)	n/a	n/a	n/a	n/a	n/a	n/a	n/a	n/a	n/a	54693.666667
54693.800000	119.033333	27346900	coarse_label		n/a	n/a	n/a	n/a	n/a	n/a	n/a	n/a	n/a	54693.800000
54717.120000	1.233333	27358560	reach_onset	n/a	r_wrist	117.726870	32.240858	76.889387	0.219186	0.329455	1.166667	1.000000	54717.120000	54717.119000
54812.833333	0.033333	27406417	coarse_label	Blocklist (Data break)	n/a	n/a	n/a	n/a	n/a	n/a	n/a	n/a	n/a	54812.833333
54812.866667	119.800000	27406433	coarse_label		n/a	n/a	n/a	n/a	n/a	n/a	n/a	n/a	n/a	54812.866667
54861.222000	1.833333	27430611	reach_onset	n/a	r_wrist	58.350055	86.602331	17.628892	0.197597	0.538300	1.666667	1.000000	54861.222000	54861.222000
54932.666667	0.200000	27466333	coarse_label	Blocklist (Data break)	n/a	n/a	n/a	n/a	n/a	n/a	n/a	n/a	n/a	54932.666667
54932.866667	120.966667	27466433	coarse_label		n/a	n/a	n/a	n/a	n/a	n/a	n/a	n/a	n/a	54932.866667
55053.833333	0.066667	27526917	coarse_label	Blocklist (Data break)	n/a	n/a	n/a	n/a	n/a	n/a	n/a	n/a	n/a	55053.833333
55053.900000	118.900000	27526950	coarse_label		n/a	n/a	n/a	n/a	n/a	n/a	n/a	n/a	n/a	55053.900000
55172.800000	0.066667	27586400	coarse_label	Blocklist (Data break)	n/a	n/a	n/a	n/a	n/a	n/a	n/a	n/a	n/a	55172.800000
55172.866667	119.100000	27586433	coarse_label	Talk, Computer/phone	n/a	n/a	n/a	n/a	n/a	n/a	n/a	n/a	n/a	55172.866667
55291.966667	0.066667	27645983	coarse_label	Blocklist (Data break)	n/a	n/a	n/a	n/a	n/a	n/a	n/a	n/a	n/a	55291.966667
55292.033333	120.233333	27646017	coarse_label		n/a	n/a	n/a	n/a	n/a	n/a	n/a	n/a	n/a	55292.033333
55412.266667	0.100000	27706133	coarse_label	Blocklist (Data break)	n/a	n/a	n/a	n/a	n/a	n/a	n/a	n/a	n/a	55412.266667
55412.366667	120.433333	27706183	coarse_label		n/a	n/a	n/a	n/a	n/a	n/a	n/a	n/a	n/a	55412.366667
55532.800000	0.033333	27766400	coarse_label	Blocklist (Data break)	n/a	n/a	n/a	n/a	n/a	n/a	n/a	n/a	n/a	55532.800000
55532.833333	119.400000	27766417	coarse_label		n/a	n/a	n/a	n/a	n/a	n/a	n/a	n/a	n/a	55532.833333
55594.762000	5.166000	27797381	nan_segment	n/a	n/a	n/a	n/a	n/a	n/a	n/a	n/a	n/a	n/a	n/a
55626.892000	0.866667	27813446	reach_onset	n/a	r_wrist	19.527176	70.603345	25.333175	0.238400	0.104014	0.000000	0.000000	55626.892000	55626.893000
55638.126000	0.500000	27819063	reach_onset	n/a	r_wrist	16.773003	68.835386	47.719224	0.227278	0.210797	0.000000	0.000000	55638.126000	55638.126000
55652.233333	0.066667	27826117	coarse_label	Blocklist (Data break)	n/a	n/a	n/a	n/a	n/a	n/a	n/a	n/a	n/a	55652.233333
55652.300000	120.333333	27826150	coarse_label		n/a	n/a	n/a	n/a	n/a	n/a	n/a	n/a	n/a	55652.300000
55684.698000	4.152000	27842349	nan_segment	n/a	n/a	n/a	n/a	n/a	n/a	n/a	n/a	n/a	n/a	n/a
55723.094000	5.232000	27861547	nan_segment	n/a	n/a	n/a	n/a	n/a	n/a	n/a	n/a	n/a	n/a	n/a
55772.633333	0.100000	27886317	coarse_label	Blocklist (Data break)	n/a	n/a	n/a	n/a	n/a	n/a	n/a	n/a	n/a	55772.633333
55772.733333	119.600000	27886367	coarse_label		n/a	n/a	n/a	n/a	n/a	n/a	n/a	n/a	n/a	55772.733333
55892.333333	0.266667	27946167	coarse_label	Blocklist (Data break)	n/a	n/a	n/a	n/a	n/a	n/a	n/a	n/a	n/a	55892.333333
55892.600000	119.866667	27946300	coarse_label		n/a	n/a	n/a	n/a	n/a	n/a	n/a	n/a	n/a	55892.600000
55969.184000	1.200000	27984592	reach_onset	n/a	r_wrist	73.532276	-39.217416	128.496376	0.190885	0.015581	0.000000	0.000000	55969.184000	55969.185000
56012.466667	0.133333	28006233	coarse_label	Blocklist (Data break)	n/a	n/a	n/a	n/a	n/a	n/a	n/a	n/a	n/a	56012.466667
56012.600000	126.533333	28006300	coarse_label		n/a	n/a	n/a	n/a	n/a	n/a	n/a	n/a	n/a	56012.600000
56034.770000	1.633333	28017385	reach_onset	n/a	r_wrist	64.780826	58.908875	90.383822	0.242383	0.519472	0.833333	1.000000	56034.770000	56034.771000
56103.106000	11.802000	28051553	nan_segment	n/a	n/a	n/a	n/a	n/a	n/a	n/a	n/a	n/a	n/a	n/a
56103.270000	1.066667	28051635	reach_onset	n/a	r_wrist	62.085388	34.941765	61.342258	0.184736	0.439574	1.066667	1.000000	56103.270000	56103.271000
56123.304000	1.300000	28061652	reach_onset	n/a	r_wrist	73.799553	-83.779135	30.302662	0.153768	0.004104	0.000000	0.000000	56123.304000	56123.304000
56139.133333	0.200000	28069567	coarse_label	Blocklist (Data break)	n/a	n/a	n/a	n/a	n/a	n/a	n/a	n/a	n/a	56139.133333
56139.333333	113.333333	28069667	coarse_label		n/a	n/a	n/a	n/a	n/a	n/a	n/a	n/a	n/a	56139.333333
56196.782000	0.866667	28098391	reach_onset	n/a	r_wrist	71.568196	148.765516	122.999893	0.142020	0.020970	0.000000	0.000000	56196.782000	56196.782000
56246.214000	0.900000	28123107	reach_onset	n/a	r_wrist	72.298066	152.617260	81.888287	0.117162	0.090813	0.000000	0.000000	56246.214000	56246.215000
56252.666667	0.033333	28126333	coarse_label	Blocklist (Data break)	n/a	n/a	n/a	n/a	n/a	n/a	n/a	n/a	n/a	56252.666667
56252.700000	119.900000	28126350	coarse_label		n/a	n/a	n/a	n/a	n/a	n/a	n/a	n/a	n/a	56252.700000
56273.594000	1.533333	28136797	reach_onset	n/a	r_wrist	152.539258	-77.876030	181.499063	0.119037	0.009748	0.000000	0.000000	56273.594000	56273.595000
56294.602000	5.144000	28147301	nan_segment	n/a	n/a	n/a	n/a	n/a	n/a	n/a	n/a	n/a	n/a	n/a
56338.462000	1.033333	28169231	reach_onset	n/a	r_wrist	106.303042	-84.476100	86.747759	0.172754	0.027743	0.000000	0.000000	56338.462000	56338.462000
56342.428000	1.233333	28171214	reach_onset	n/a	r_wrist	111.258711	93.313373	35.694025	0.170219	0.042867	0.233333	1.000000	56342.428000	56342.428000
56348.194000	1.466667	28174097	reach_onset	n/a	r_wrist	102.641494	-82.131087	28.012400	0.165814	0.056206	0.200000	1.000000	56348.194000	56348.195000
56356.262000	1.300000	28178131	reach_onset	n/a	r_wrist	118.469981	88.576874	27.671969	0.160413	0.006405	0.433333	1.000000	56356.262000	56356.262000
56372.600000	0.133333	28186300	coarse_label	Blocklist (Data break)	n/a	n/a	n/a	n/a	n/a	n/a	n/a	n/a	n/a	56372.600000
56372.733333	120.666667	28186367	coarse_label		n/a	n/a	n/a	n/a	n/a	n/a	n/a	n/a	n/a	56372.733333
56374.916000	1.666667	28187458	reach_onset	n/a	r_wrist	134.868866	-94.897105	53.159874	0.156265	0.011456	0.500000	1.000000	56374.916000	56374.916000
56390.682000	3.566667	28195341	reach_onset	n/a	r_wrist	177.229542	-95.156808	58.252342	0.150475	0.019838	0.166667	1.000000	56390.682000	56390.683000
56398.222000	3.998000	28199111	nan_segment	n/a	n/a	n/a	n/a	n/a	n/a	n/a	n/a	n/a	n/a	n/a
56403.072000	4.864000	28201536	nan_segment	n/a	n/a	n/a	n/a	n/a	n/a	n/a	n/a	n/a	n/a	n/a
56480.572000	6.450000	28240286	nan_segment	n/a	n/a	n/a	n/a	n/a	n/a	n/a	n/a	n/a	n/a	n/a
56493.400000	0.166667	28246700	coarse_label	Blocklist (Data break)	n/a	n/a	n/a	n/a	n/a	n/a	n/a	n/a	n/a	56493.400000
56493.566667	118.500000	28246783	coarse_label		n/a	n/a	n/a	n/a	n/a	n/a	n/a	n/a	n/a	56493.566667
56527.000000	9.292000	28263500	nan_segment	n/a	n/a	n/a	n/a	n/a	n/a	n/a	n/a	n/a	n/a	n/a
56555.670000	1.133333	28277835	reach_onset	n/a	r_wrist	17.597416	-16.945908	13.073200	0.237449	0.046784	0.000000	0.000000	56555.670000	56555.670000
56576.704000	0.566667	28288352	reach_onset	n/a	r_wrist	23.708879	-127.551033	58.949891	0.255465	0.136025	0.000000	0.000000	56576.704000	56576.704000
56602.770000	1.100000	28301385	reach_onset	n/a	r_wrist	51.531078	-19.770778	68.884146	0.272215	0.008213	0.000000	0.000000	56602.770000	56602.770000
56612.066667	0.200000	28306033	coarse_label	Blocklist (Data break)	n/a	n/a	n/a	n/a	n/a	n/a	n/a	n/a	n/a	56612.066667
56612.266667	120.733333	28306133	coarse_label		n/a	n/a	n/a	n/a	n/a	n/a	n/a	n/a	n/a	56612.266667
56663.442000	4.298000	28331721	nan_segment	n/a	n/a	n/a	n/a	n/a	n/a	n/a	n/a	n/a	n/a	n/a
56664.854000	1.200000	28332427	reach_onset	n/a	r_wrist	35.773984	149.599533	45.688545	0.318263	0.018303	0.000000	0.000000	56664.854000	56664.855000
56678.162000	4.154000	28339081	nan_segment	n/a	n/a	n/a	n/a	n/a	n/a	n/a	n/a	n/a	n/a	n/a
56733.000000	0.100000	28366500	coarse_label	Blocklist (Data break)	n/a	n/a	n/a	n/a	n/a	n/a	n/a	n/a	n/a	56733.000000
56733.100000	120.600000	28366550	coarse_label		n/a	n/a	n/a	n/a	n/a	n/a	n/a	n/a	n/a	56733.100000
56851.528000	15.078000	28425764	nan_segment	n/a	n/a	n/a	n/a	n/a	n/a	n/a	n/a	n/a	n/a	n/a
56853.700000	0.066667	28426850	coarse_label	Blocklist (Data break)	n/a	n/a	n/a	n/a	n/a	n/a	n/a	n/a	n/a	56853.700000
56853.766667	118.066667	28426883	coarse_label		n/a	n/a	n/a	n/a	n/a	n/a	n/a	n/a	n/a	56853.766667
56858.446000	1.366667	28429223	reach_onset	n/a	r_wrist	163.432094	90.702206	122.386718	0.199815	0.077303	1.266667	1.000000	56858.446000	56858.446000
56903.320000	7.216000	28451660	nan_segment	n/a	n/a	n/a	n/a	n/a	n/a	n/a	n/a	n/a	n/a	n/a
56925.682000	8.478000	28462841	nan_segment	n/a	n/a	n/a	n/a	n/a	n/a	n/a	n/a	n/a	n/a	n/a
56957.678000	1.000000	28478839	reach_onset	n/a	r_wrist	33.541568	-111.489838	49.958539	0.165431	0.441352	0.700000	1.000000	56957.678000	56957.679000
56971.833333	0.066667	28485917	coarse_label	Blocklist (Data break)	n/a	n/a	n/a	n/a	n/a	n/a	n/a	n/a	n/a	56971.833333
56971.900000	120.133333	28485950	coarse_label		n/a	n/a	n/a	n/a	n/a	n/a	n/a	n/a	n/a	56971.900000
57016.898000	1.166667	28508449	reach_onset	n/a	r_wrist	144.664883	-45.331797	29.231692	0.238907	0.573960	0.966667	1.000000	57016.898000	57016.898000
57092.033333	0.166667	28546017	coarse_label	Blocklist (Data break)	n/a	n/a	n/a	n/a	n/a	n/a	n/a	n/a	n/a	57092.033333
57092.200000	124.333333	28546100	coarse_label		n/a	n/a	n/a	n/a	n/a	n/a	n/a	n/a	n/a	57092.200000
57144.550000	1.233333	28572275	reach_onset	n/a	r_wrist	18.739182	-127.995203	10.828911	0.198073	0.636440	1.000000	1.000000	57144.550000	57144.551000
57216.533333	0.166667	28608267	coarse_label	Blocklist (Data break)	n/a	n/a	n/a	n/a	n/a	n/a	n/a	n/a	n/a	57216.533333
57216.700000	115.766667	28608350	coarse_label	Talk, Computer/phone	n/a	n/a	n/a	n/a	n/a	n/a	n/a	n/a	n/a	57216.700000
57222.876000	1.033333	28611438	reach_onset	n/a	r_wrist	6.762259	58.233026	10.476705	0.233421	0.936846	1.033333	1.000000	57222.876000	57222.876000
57262.782000	5.414000	28631391	nan_segment	n/a	n/a	n/a	n/a	n/a	n/a	n/a	n/a	n/a	n/a	n/a
57269.608000	1.200000	28634804	reach_onset	n/a	r_wrist	51.018690	-170.516031	35.943463	0.169253	0.110276	0.266667	1.000000	57269.608000	57269.609000
57312.476000	3.233333	28656238	reach_onset	n/a	r_wrist	174.526031	120.469184	151.329494	0.137530	0.020367	0.233333	1.000000	57312.476000	57312.476000
57321.640000	4.098000	28660820	nan_segment	n/a	n/a	n/a	n/a	n/a	n/a	n/a	n/a	n/a	n/a	n/a
57332.466667	0.133333	28666233	coarse_label	Blocklist (Data break)	n/a	n/a	n/a	n/a	n/a	n/a	n/a	n/a	n/a	57332.466667
57332.600000	122.366667	28666300	coarse_label	Sleep/rest	n/a	n/a	n/a	n/a	n/a	n/a	n/a	n/a	n/a	57332.600000
57454.966667	0.066667	28727483	coarse_label	Blocklist (Data break)	n/a	n/a	n/a	n/a	n/a	n/a	n/a	n/a	n/a	57454.966667
57455.033333	117.533333	28727517	coarse_label	Sleep/rest	n/a	n/a	n/a	n/a	n/a	n/a	n/a	n/a	n/a	57455.033333
57572.566667	0.033333	28786283	coarse_label	Blocklist (Data break)	n/a	n/a	n/a	n/a	n/a	n/a	n/a	n/a	n/a	57572.566667
57572.600000	119.600000	28786300	coarse_label	Sleep/rest	n/a	n/a	n/a	n/a	n/a	n/a	n/a	n/a	n/a	57572.600000
57692.200000	0.100000	28846100	coarse_label	Blocklist (Data break)	n/a	n/a	n/a	n/a	n/a	n/a	n/a	n/a	n/a	57692.200000
57692.300000	120.466667	28846150	coarse_label	Sleep/rest	n/a	n/a	n/a	n/a	n/a	n/a	n/a	n/a	n/a	57692.300000
57812.766667	0.200000	28906383	coarse_label	Blocklist (Data break)	n/a	n/a	n/a	n/a	n/a	n/a	n/a	n/a	n/a	57812.766667
57812.966667	119.433333	28906483	coarse_label	Sleep/rest	n/a	n/a	n/a	n/a	n/a	n/a	n/a	n/a	n/a	57812.966667
57932.400000	0.066667	28966200	coarse_label	Blocklist (Data break)	n/a	n/a	n/a	n/a	n/a	n/a	n/a	n/a	n/a	57932.400000
57932.466667	121.300000	28966233	coarse_label	Sleep/rest	n/a	n/a	n/a	n/a	n/a	n/a	n/a	n/a	n/a	57932.466667
58053.766667	0.266667	29026883	coarse_label	Blocklist (Data break)	n/a	n/a	n/a	n/a	n/a	n/a	n/a	n/a	n/a	58053.766667
58054.033333	120.700000	29027017	coarse_label	Sleep/rest	n/a	n/a	n/a	n/a	n/a	n/a	n/a	n/a	n/a	58054.033333
58174.733333	0.066667	29087367	coarse_label	Blocklist (Data break)	n/a	n/a	n/a	n/a	n/a	n/a	n/a	n/a	n/a	58174.733333
58174.800000	117.233333	29087400	coarse_label	Sleep/rest	n/a	n/a	n/a	n/a	n/a	n/a	n/a	n/a	n/a	58174.800000
58292.033333	0.066667	29146017	coarse_label	Blocklist (Data break)	n/a	n/a	n/a	n/a	n/a	n/a	n/a	n/a	n/a	58292.033333
58292.100000	120.166667	29146050	coarse_label	Sleep/rest	n/a	n/a	n/a	n/a	n/a	n/a	n/a	n/a	n/a	58292.100000
58412.266667	0.100000	29206133	coarse_label	Blocklist (Data break)	n/a	n/a	n/a	n/a	n/a	n/a	n/a	n/a	n/a	58412.266667
58412.366667	120.000000	29206183	coarse_label	Sleep/rest	n/a	n/a	n/a	n/a	n/a	n/a	n/a	n/a	n/a	58412.366667
58532.366667	0.200000	29266183	coarse_label	Blocklist (Data break)	n/a	n/a	n/a	n/a	n/a	n/a	n/a	n/a	n/a	58532.366667
58532.566667	121.266667	29266283	coarse_label	Inactive	n/a	n/a	n/a	n/a	n/a	n/a	n/a	n/a	n/a	58532.566667
58653.833333	0.233333	29326917	coarse_label	Blocklist (Data break)	n/a	n/a	n/a	n/a	n/a	n/a	n/a	n/a	n/a	58653.833333
58654.066667	118.000000	29327033	coarse_label	Computer/phone	n/a	n/a	n/a	n/a	n/a	n/a	n/a	n/a	n/a	58654.066667
58728.908000	1.433333	29364454	reach_onset	n/a	r_wrist	127.641294	-35.432619	203.145723	0.163195	0.305978	0.400000	1.000000	58728.908000	58728.909000
58772.066667	0.133333	29386033	coarse_label	Blocklist (Data break)	n/a	n/a	n/a	n/a	n/a	n/a	n/a	n/a	n/a	58772.066667
58772.200000	120.066667	29386100	coarse_label		n/a	n/a	n/a	n/a	n/a	n/a	n/a	n/a	n/a	58772.200000
58861.598000	2.000000	29430799	reach_onset	n/a	r_wrist	152.645277	151.684398	29.021955	0.299640	0.093793	0.900000	1.000000	58861.598000	58861.599000
58866.498000	4.554000	29433249	nan_segment	n/a	n/a	n/a	n/a	n/a	n/a	n/a	n/a	n/a	n/a	n/a
58890.298000	0.500000	29445149	reach_onset	n/a	r_wrist	11.801038	131.008793	22.568110	0.370020	0.037144	0.000000	0.000000	58890.298000	58890.299000
58892.266667	0.100000	29446133	coarse_label	Blocklist (Data break)	n/a	n/a	n/a	n/a	n/a	n/a	n/a	n/a	n/a	58892.266667
58892.366667	119.833333	29446183	coarse_label		n/a	n/a	n/a	n/a	n/a	n/a	n/a	n/a	n/a	58892.366667
58917.336000	1.433333	29458668	reach_onset	n/a	r_wrist	39.887326	-121.052716	49.363532	0.359622	0.029800	0.000000	0.000000	58917.336000	58917.337000
58952.886000	4.142000	29476443	nan_segment	n/a	n/a	n/a	n/a	n/a	n/a	n/a	n/a	n/a	n/a	n/a
59012.200000	0.166667	29506100	coarse_label	Blocklist (Data break)	n/a	n/a	n/a	n/a	n/a	n/a	n/a	n/a	n/a	59012.200000
59012.366667	120.500000	29506183	coarse_label		n/a	n/a	n/a	n/a	n/a	n/a	n/a	n/a	n/a	59012.366667
59081.890000	1.333333	29540945	reach_onset	n/a	r_wrist	45.332057	-100.746897	34.789388	0.104488	0.027402	0.000000	0.000000	59081.890000	59081.891000
59132.866667	0.066667	29566433	coarse_label	Blocklist (Data break)	n/a	n/a	n/a	n/a	n/a	n/a	n/a	n/a	n/a	59132.866667
59132.933333	119.600000	29566467	coarse_label		n/a	n/a	n/a	n/a	n/a	n/a	n/a	n/a	n/a	59132.933333
59149.328000	7.364000	29574664	nan_segment	n/a	n/a	n/a	n/a	n/a	n/a	n/a	n/a	n/a	n/a	n/a
59154.712000	1.233333	29577356	reach_onset	n/a	r_wrist	112.481191	-45.910999	50.019910	0.104474	0.874839	1.233333	1.000000	59154.712000	59154.712000
59252.533333	0.066667	29626267	coarse_label	Blocklist (Data break)	n/a	n/a	n/a	n/a	n/a	n/a	n/a	n/a	n/a	59252.533333
59252.600000	119.800000	29626300	coarse_label		n/a	n/a	n/a	n/a	n/a	n/a	n/a	n/a	n/a	59252.600000
59366.512000	0.533333	29683256	reach_onset	n/a	r_wrist	78.121705	-7.557234	308.584628	0.178383	0.417573	0.533333	1.000000	59366.512000	59366.512000
59372.400000	0.200000	29686200	coarse_label	Blocklist (Data break)	n/a	n/a	n/a	n/a	n/a	n/a	n/a	n/a	n/a	59372.400000
59372.600000	119.700000	29686300	coarse_label		n/a	n/a	n/a	n/a	n/a	n/a	n/a	n/a	n/a	59372.600000
59427.684000	4.276000	29713842	nan_segment	n/a	n/a	n/a	n/a	n/a	n/a	n/a	n/a	n/a	n/a	n/a
59492.300000	0.266667	29746150	coarse_label	Blocklist (Data break)	n/a	n/a	n/a	n/a	n/a	n/a	n/a	n/a	n/a	59492.300000
59492.566667	119.700000	29746283	coarse_label	Computer/phone	n/a	n/a	n/a	n/a	n/a	n/a	n/a	n/a	n/a	59492.566667
59497.702000	1.033333	29748851	reach_onset	n/a	r_wrist	25.169591	-177.990627	37.891134	0.137771	0.747283	1.000000	1.000000	59497.702000	59497.702000
59612.266667	0.033333	29806133	coarse_label	Blocklist (Data break)	n/a	n/a	n/a	n/a	n/a	n/a	n/a	n/a	n/a	59612.266667
59612.300000	120.700000	29806150	coarse_label		n/a	n/a	n/a	n/a	n/a	n/a	n/a	n/a	n/a	59612.300000
59733.000000	0.066667	29866500	coarse_label	Blocklist (Data break)	n/a	n/a	n/a	n/a	n/a	n/a	n/a	n/a	n/a	59733.000000
59733.066667	118.933333	29866533	coarse_label		n/a	n/a	n/a	n/a	n/a	n/a	n/a	n/a	n/a	59733.066667
59842.406000	4.300000	29921203	nan_segment	n/a	n/a	n/a	n/a	n/a	n/a	n/a	n/a	n/a	n/a	n/a
59852.000000	0.133333	29926000	coarse_label	Blocklist (Data break)	n/a	n/a	n/a	n/a	n/a	n/a	n/a	n/a	n/a	59852.000000
59852.133333	124.933333	29926067	coarse_label		n/a	n/a	n/a	n/a	n/a	n/a	n/a	n/a	n/a	59852.133333
59945.962000	1.633333	29972981	reach_onset	n/a	r_wrist	76.329194	-91.980255	59.651413	0.185482	0.010491	0.000000	0.000000	59945.962000	59945.962000
59953.202000	4.898000	29976601	nan_segment	n/a	n/a	n/a	n/a	n/a	n/a	n/a	n/a	n/a	n/a	n/a
59964.096000	0.666667	29982048	reach_onset	n/a	r_wrist	77.960386	-66.543974	51.085158	0.186027	0.475416	0.400000	1.000000	59964.096000	59964.096000
59966.818000	5.756000	29983409	nan_segment	n/a	n/a	n/a	n/a	n/a	n/a	n/a	n/a	n/a	n/a	n/a
59977.066667	0.066667	29988533	coarse_label	Blocklist (Data break)	n/a	n/a	n/a	n/a	n/a	n/a	n/a	n/a	n/a	59977.066667
59977.133333	115.133333	29988567	coarse_label		n/a	n/a	n/a	n/a	n/a	n/a	n/a	n/a	n/a	59977.133333
60021.286000	1.933333	30010643	reach_onset	n/a	r_wrist	57.586840	-17.540582	65.127108	0.188259	0.873692	1.666667	1.000000	60021.286000	60021.286000
60060.718000	5.342000	30030359	nan_segment	n/a	n/a	n/a	n/a	n/a	n/a	n/a	n/a	n/a	n/a	n/a
60092.266667	0.033333	30046133	coarse_label	Blocklist (Data break)	n/a	n/a	n/a	n/a	n/a	n/a	n/a	n/a	n/a	60092.266667
60092.300000	119.433333	30046150	coarse_label		n/a	n/a	n/a	n/a	n/a	n/a	n/a	n/a	n/a	60092.300000
60211.733333	0.166667	30105867	coarse_label	Blocklist (Data break)	n/a	n/a	n/a	n/a	n/a	n/a	n/a	n/a	n/a	60211.733333
60211.900000	120.600000	30105950	coarse_label		n/a	n/a	n/a	n/a	n/a	n/a	n/a	n/a	n/a	60211.900000
60332.500000	0.033333	30166250	coarse_label	Blocklist (Data break)	n/a	n/a	n/a	n/a	n/a	n/a	n/a	n/a	n/a	60332.500000
60332.533333	119.900000	30166267	coarse_label		n/a	n/a	n/a	n/a	n/a	n/a	n/a	n/a	n/a	60332.533333
60452.433333	0.133333	30226217	coarse_label	Blocklist (Data break)	n/a	n/a	n/a	n/a	n/a	n/a	n/a	n/a	n/a	60452.433333
60452.566667	119.866667	30226283	coarse_label		n/a	n/a	n/a	n/a	n/a	n/a	n/a	n/a	n/a	60452.566667
60572.433333	0.033333	30286217	coarse_label	Blocklist (Data break)	n/a	n/a	n/a	n/a	n/a	n/a	n/a	n/a	n/a	60572.433333
60572.466667	124.300000	30286233	coarse_label		n/a	n/a	n/a	n/a	n/a	n/a	n/a	n/a	n/a	60572.466667
60696.766667	0.066667	30348383	coarse_label	Blocklist (Data break)	n/a	n/a	n/a	n/a	n/a	n/a	n/a	n/a	n/a	60696.766667
60696.833333	115.433333	30348417	coarse_label		n/a	n/a	n/a	n/a	n/a	n/a	n/a	n/a	n/a	60696.833333
60798.612000	5.816000	30399306	nan_segment	n/a	n/a	n/a	n/a	n/a	n/a	n/a	n/a	n/a	n/a	n/a
60799.390000	1.466667	30399695	reach_onset	n/a	r_wrist	19.344819	-140.772869	21.097896	0.187410	0.762126	1.466667	1.000000	60799.390000	60799.390000
60812.266667	0.033333	30406133	coarse_label	Blocklist (Data break)	n/a	n/a	n/a	n/a	n/a	n/a	n/a	n/a	n/a	60812.266667
60812.300000	124.533333	30406150	coarse_label		n/a	n/a	n/a	n/a	n/a	n/a	n/a	n/a	n/a	60812.300000
60936.833333	0.066667	30468417	coarse_label	Blocklist (Data break)	n/a	n/a	n/a	n/a	n/a	n/a	n/a	n/a	n/a	60936.833333
60936.900000	115.066667	30468450	coarse_label		n/a	n/a	n/a	n/a	n/a	n/a	n/a	n/a	n/a	60936.900000
60966.148000	0.933333	30483074	reach_onset	n/a	r_wrist	132.554287	-15.602788	73.827905	0.190802	0.665802	0.933333	1.000000	60966.148000	60966.148000
61023.324000	4.654000	30511662	nan_segment	n/a	n/a	n/a	n/a	n/a	n/a	n/a	n/a	n/a	n/a	n/a
61051.966667	0.100000	30525983	coarse_label	Blocklist (Data break)	n/a	n/a	n/a	n/a	n/a	n/a	n/a	n/a	n/a	61051.966667
61052.066667	120.566667	30526033	coarse_label		n/a	n/a	n/a	n/a	n/a	n/a	n/a	n/a	n/a	61052.066667
61059.892000	1.766667	30529946	reach_onset	n/a	r_wrist	100.262224	-54.244417	13.492506	0.126665	0.924795	1.766667	1.000000	61059.892000	61059.893000
61172.633333	0.066667	30586317	coarse_label	Blocklist (Data break)	n/a	n/a	n/a	n/a	n/a	n/a	n/a	n/a	n/a	61172.633333
61172.700000	119.200000	30586350	coarse_label		n/a	n/a	n/a	n/a	n/a	n/a	n/a	n/a	n/a	61172.700000
61203.420000	7.552000	30601710	nan_segment	n/a	n/a	n/a	n/a	n/a	n/a	n/a	n/a	n/a	n/a	n/a
61214.296000	7.766000	30607148	nan_segment	n/a	n/a	n/a	n/a	n/a	n/a	n/a	n/a	n/a	n/a	n/a
61245.016000	1.833333	30622508	reach_onset	n/a	r_wrist	127.198073	-51.425112	13.303409	0.180951	0.132041	0.200000	1.000000	61245.016000	61245.016000
61252.328000	5.624000	30626164	nan_segment	n/a	n/a	n/a	n/a	n/a	n/a	n/a	n/a	n/a	n/a	n/a
61267.316000	1.500000	30633658	reach_onset	n/a	r_wrist	42.971783	78.266571	63.804839	0.179361	0.006825	0.300000	1.000000	61267.316000	61267.316000
61275.468000	5.804000	30637734	nan_segment	n/a	n/a	n/a	n/a	n/a	n/a	n/a	n/a	n/a	n/a	n/a
61291.900000	0.100000	30645950	coarse_label	Blocklist (Data break)	n/a	n/a	n/a	n/a	n/a	n/a	n/a	n/a	n/a	61291.900000
61292.000000	119.966667	30646000	coarse_label		n/a	n/a	n/a	n/a	n/a	n/a	n/a	n/a	n/a	61292.000000
61314.766000	0.566667	30657383	reach_onset	n/a	r_wrist	59.654650	-77.271575	90.618733	0.164773	0.000000	0.566667	1.000000	61314.766000	61314.766000
61411.966667	0.133333	30705983	coarse_label	Blocklist (Data break)	n/a	n/a	n/a	n/a	n/a	n/a	n/a	n/a	n/a	61411.966667
61412.100000	119.500000	30706050	coarse_label		n/a	n/a	n/a	n/a	n/a	n/a	n/a	n/a	n/a	61412.100000
61531.600000	0.233333	30765800	coarse_label	Blocklist (Data break)	n/a	n/a	n/a	n/a	n/a	n/a	n/a	n/a	n/a	61531.600000
61531.833333	120.166667	30765917	coarse_label		n/a	n/a	n/a	n/a	n/a	n/a	n/a	n/a	n/a	61531.833333
61538.760000	1.200000	30769380	reach_onset	n/a	r_wrist	102.699363	-97.467194	95.959570	0.172243	0.021954	0.000000	1.000000	61538.760000	61538.759000
61652.000000	0.133333	30826000	coarse_label	Blocklist (Data break)	n/a	n/a	n/a	n/a	n/a	n/a	n/a	n/a	n/a	61652.000000
61652.133333	121.266667	30826067	coarse_label		n/a	n/a	n/a	n/a	n/a	n/a	n/a	n/a	n/a	61652.133333
61773.400000	0.133333	30886700	coarse_label	Blocklist (Data break)	n/a	n/a	n/a	n/a	n/a	n/a	n/a	n/a	n/a	61773.400000
61773.533333	118.433333	30886767	coarse_label		n/a	n/a	n/a	n/a	n/a	n/a	n/a	n/a	n/a	61773.533333
61784.688000	16.896000	30892344	nan_segment	n/a	n/a	n/a	n/a	n/a	n/a	n/a	n/a	n/a	n/a	n/a
61891.966667	0.133333	30945983	coarse_label	Blocklist (Data break)	n/a	n/a	n/a	n/a	n/a	n/a	n/a	n/a	n/a	61891.966667
61892.100000	122.566667	30946050	coarse_label		n/a	n/a	n/a	n/a	n/a	n/a	n/a	n/a	n/a	61892.100000
61948.252000	1.233333	30974126	reach_onset	n/a	r_wrist	143.195673	-91.635012	139.131465	0.069379	0.001004	0.000000	0.000000	61948.252000	61948.253000
61964.410000	4.122000	30982205	nan_segment	n/a	n/a	n/a	n/a	n/a	n/a	n/a	n/a	n/a	n/a	n/a
62014.666667	0.100000	31007333	coarse_label	Blocklist (Data break)	n/a	n/a	n/a	n/a	n/a	n/a	n/a	n/a	n/a	62014.666667
62014.766667	117.533333	31007383	coarse_label		n/a	n/a	n/a	n/a	n/a	n/a	n/a	n/a	n/a	62014.766667
62091.508000	1.033333	31045754	reach_onset	n/a	r_wrist	117.560969	117.314319	84.591167	0.103130	0.764585	0.733333	1.000000	62091.508000	62091.508000
62132.300000	0.166667	31066150	coarse_label	Blocklist (Data break)	n/a	n/a	n/a	n/a	n/a	n/a	n/a	n/a	n/a	62132.300000
62132.466667	119.366667	31066233	coarse_label		n/a	n/a	n/a	n/a	n/a	n/a	n/a	n/a	n/a	62132.466667
62148.382000	4.062000	31074191	nan_segment	n/a	n/a	n/a	n/a	n/a	n/a	n/a	n/a	n/a	n/a	n/a
62158.610000	0.900000	31079305	reach_onset	n/a	r_wrist	48.257143	137.649162	17.537067	0.173472	0.016471	0.000000	0.000000	62158.610000	62158.611000
62234.176000	1.033333	31117088	reach_onset	n/a	r_wrist	94.026413	-55.456731	109.507993	0.185311	0.815965	0.966667	1.000000	62234.176000	62234.177000
62251.833333	0.066667	31125917	coarse_label	Blocklist (Data break)	n/a	n/a	n/a	n/a	n/a	n/a	n/a	n/a	n/a	62251.833333
62251.900000	120.000000	31125950	coarse_label		n/a	n/a	n/a	n/a	n/a	n/a	n/a	n/a	n/a	62251.900000
62371.900000	0.066667	31185950	coarse_label	Blocklist (Data break)	n/a	n/a	n/a	n/a	n/a	n/a	n/a	n/a	n/a	62371.900000
62371.966667	133.766667	31185983	coarse_label		n/a	n/a	n/a	n/a	n/a	n/a	n/a	n/a	n/a	62371.966667
62503.286000	4.438000	31251643	nan_segment	n/a	n/a	n/a	n/a	n/a	n/a	n/a	n/a	n/a	n/a	n/a
62505.733333	0.133333	31252867	coarse_label	Blocklist (Data break)	n/a	n/a	n/a	n/a	n/a	n/a	n/a	n/a	n/a	62505.733333
62505.866667	106.166667	31252933	coarse_label		n/a	n/a	n/a	n/a	n/a	n/a	n/a	n/a	n/a	62505.866667
62584.620000	4.316000	31292310	nan_segment	n/a	n/a	n/a	n/a	n/a	n/a	n/a	n/a	n/a	n/a	n/a
62585.916000	1.266667	31292958	reach_onset	n/a	r_wrist	92.462384	-89.185975	98.351202	0.171642	0.008266	0.000000	0.000000	62585.916000	62585.917000
62612.033333	0.133333	31306017	coarse_label	Blocklist (Data break)	n/a	n/a	n/a	n/a	n/a	n/a	n/a	n/a	n/a	62612.033333
62612.166667	119.900000	31306083	coarse_label		n/a	n/a	n/a	n/a	n/a	n/a	n/a	n/a	n/a	62612.166667
62642.856000	1.566667	31321428	reach_onset	n/a	r_wrist	77.043973	86.185881	24.386028	0.155388	0.862643	0.800000	1.000000	62642.856000	62642.857000
62656.890000	1.600000	31328445	reach_onset	n/a	r_wrist	111.669983	112.722416	68.155935	0.140363	0.020945	0.000000	0.000000	62656.890000	62656.890000
62732.066667	0.133333	31366033	coarse_label	Blocklist (Data break)	n/a	n/a	n/a	n/a	n/a	n/a	n/a	n/a	n/a	62732.066667
62732.200000	119.533333	31366100	coarse_label		n/a	n/a	n/a	n/a	n/a	n/a	n/a	n/a	n/a	62732.200000
62794.950000	5.650000	31397475	nan_segment	n/a	n/a	n/a	n/a	n/a	n/a	n/a	n/a	n/a	n/a	n/a
62796.408000	0.933333	31398204	reach_onset	n/a	r_wrist	209.177493	-75.411166	133.678158	0.106798	0.009492	0.000000	1.000000	62796.408000	62796.409000
62851.733333	0.266667	31425867	coarse_label	Blocklist (Data break)	n/a	n/a	n/a	n/a	n/a	n/a	n/a	n/a	n/a	62851.733333
62852.000000	120.300000	31426000	coarse_label		n/a	n/a	n/a	n/a	n/a	n/a	n/a	n/a	n/a	62852.000000
62901.196000	5.530000	31450598	nan_segment	n/a	n/a	n/a	n/a	n/a	n/a	n/a	n/a	n/a	n/a	n/a
62907.388000	4.432000	31453694	nan_segment	n/a	n/a	n/a	n/a	n/a	n/a	n/a	n/a	n/a	n/a	n/a
62972.300000	0.133333	31486150	coarse_label	Blocklist (Data break)	n/a	n/a	n/a	n/a	n/a	n/a	n/a	n/a	n/a	62972.300000
62972.433333	121.300000	31486217	coarse_label		n/a	n/a	n/a	n/a	n/a	n/a	n/a	n/a	n/a	62972.433333
63071.508000	4.748000	31535754	nan_segment	n/a	n/a	n/a	n/a	n/a	n/a	n/a	n/a	n/a	n/a	n/a
63093.733333	0.100000	31546867	coarse_label	Blocklist (Data break)	n/a	n/a	n/a	n/a	n/a	n/a	n/a	n/a	n/a	63093.733333
63093.833333	118.300000	31546917	coarse_label		n/a	n/a	n/a	n/a	n/a	n/a	n/a	n/a	n/a	63093.833333
63187.288000	0.833333	31593644	reach_onset	n/a	r_wrist	18.166857	-143.563635	31.532347	0.187881	0.004375	0.000000	0.000000	63187.288000	63187.289000
63212.133333	0.066667	31606067	coarse_label	Blocklist (Data break)	n/a	n/a	n/a	n/a	n/a	n/a	n/a	n/a	n/a	63212.133333
63212.200000	120.100000	31606100	coarse_label		n/a	n/a	n/a	n/a	n/a	n/a	n/a	n/a	n/a	63212.200000
63279.340000	1.333333	31639670	reach_onset	n/a	r_wrist	27.985652	-164.578931	20.277622	0.209753	0.077475	1.266667	1.000000	63279.340000	63279.340000
63288.806000	1.000000	31644403	reach_onset	n/a	r_wrist	12.338934	-134.001483	17.262520	0.205685	0.229849	0.000000	1.000000	63288.806000	63288.806000
63332.300000	0.033333	31666150	coarse_label	Blocklist (Data break)	n/a	n/a	n/a	n/a	n/a	n/a	n/a	n/a	n/a	63332.300000
63332.333333	119.966667	31666167	coarse_label		n/a	n/a	n/a	n/a	n/a	n/a	n/a	n/a	n/a	63332.333333
63354.094000	1.933333	31677047	reach_onset	n/a	r_wrist	41.796601	-91.466550	15.550918	0.241814	0.934090	1.800000	1.000000	63354.094000	63354.094000
63368.026000	1.233333	31684013	reach_onset	n/a	r_wrist	26.362504	-170.254349	18.308808	0.279043	0.887350	0.966667	1.000000	63368.026000	63368.027000
63371.418000	4.066000	31685709	nan_segment	n/a	n/a	n/a	n/a	n/a	n/a	n/a	n/a	n/a	n/a	n/a
63373.494000	1.066667	31686747	reach_onset	n/a	r_wrist	51.512229	47.548476	35.080749	0.288355	0.537318	0.866667	1.000000	63373.494000	63373.494000
63397.872000	4.436000	31698936	nan_segment	n/a	n/a	n/a	n/a	n/a	n/a	n/a	n/a	n/a	n/a	n/a
63452.300000	0.066667	31726150	coarse_label	Blocklist (Data break)	n/a	n/a	n/a	n/a	n/a	n/a	n/a	n/a	n/a	63452.300000
63452.366667	119.566667	31726183	coarse_label		n/a	n/a	n/a	n/a	n/a	n/a	n/a	n/a	n/a	63452.366667
63533.000000	1.833333	31766500	reach_onset	n/a	r_wrist	66.278404	-172.915782	48.233435	0.223913	0.802706	1.300000	1.000000	63533.000000	63533.000000
63571.933333	0.100000	31785967	coarse_label	Blocklist (Data break)	n/a	n/a	n/a	n/a	n/a	n/a	n/a	n/a	n/a	63571.933333
63572.033333	119.733333	31786017	coarse_label		n/a	n/a	n/a	n/a	n/a	n/a	n/a	n/a	n/a	63572.033333
63654.918000	1.100000	31827459	reach_onset	n/a	r_wrist	151.915884	87.677307	29.010877	0.300062	0.295918	1.100000	1.000000	63654.918000	63654.919000
63655.600000	7.434000	31827800	nan_segment	n/a	n/a	n/a	n/a	n/a	n/a	n/a	n/a	n/a	n/a	n/a
63666.976000	5.242000	31833488	nan_segment	n/a	n/a	n/a	n/a	n/a	n/a	n/a	n/a	n/a	n/a	n/a
63688.788000	4.806000	31844394	nan_segment	n/a	n/a	n/a	n/a	n/a	n/a	n/a	n/a	n/a	n/a	n/a
63691.766667	0.133333	31845883	coarse_label	Blocklist (Data break)	n/a	n/a	n/a	n/a	n/a	n/a	n/a	n/a	n/a	63691.766667
63691.900000	128.466667	31845950	coarse_label		n/a	n/a	n/a	n/a	n/a	n/a	n/a	n/a	n/a	63691.900000
63708.748000	1.300000	31854374	reach_onset	n/a	r_wrist	112.700365	-48.528220	118.256855	0.310387	0.253860	0.766667	1.000000	63708.748000	63708.748000
63725.648000	0.933333	31862824	reach_onset	n/a	r_wrist	15.208802	72.366260	10.558154	0.333495	0.750235	0.633333	1.000000	63725.648000	63725.648000
63820.366667	0.166667	31910183	coarse_label	Blocklist (Data break)	n/a	n/a	n/a	n/a	n/a	n/a	n/a	n/a	n/a	63820.366667
63820.533333	112.000000	31910267	coarse_label		n/a	n/a	n/a	n/a	n/a	n/a	n/a	n/a	n/a	63820.533333
63932.533333	0.033333	31966267	coarse_label	Blocklist (Data break)	n/a	n/a	n/a	n/a	n/a	n/a	n/a	n/a	n/a	63932.533333
63932.566667	122.166667	31966283	coarse_label		n/a	n/a	n/a	n/a	n/a	n/a	n/a	n/a	n/a	63932.566667
63976.022000	1.566667	31988011	reach_onset	n/a	r_wrist	14.077056	-7.181637	25.079763	0.343398	0.194916	0.000000	0.000000	63976.022000	63976.022000
63997.422000	1.300000	31998711	reach_onset	n/a	r_wrist	120.728772	133.167804	29.429716	0.335421	0.680228	1.200000	1.000000	63997.422000	63997.422000
63997.728000	4.196000	31998864	nan_segment	n/a	n/a	n/a	n/a	n/a	n/a	n/a	n/a	n/a	n/a	n/a
64054.733333	0.166667	32027367	coarse_label	Blocklist (Data break)	n/a	n/a	n/a	n/a	n/a	n/a	n/a	n/a	n/a	64054.733333
64054.900000	120.266667	32027450	coarse_label		n/a	n/a	n/a	n/a	n/a	n/a	n/a	n/a	n/a	64054.900000
64058.456000	5.534000	32029228	nan_segment	n/a	n/a	n/a	n/a	n/a	n/a	n/a	n/a	n/a	n/a	n/a
64073.390000	4.860000	32036695	nan_segment	n/a	n/a	n/a	n/a	n/a	n/a	n/a	n/a	n/a	n/a	n/a
64111.206000	4.236000	32055603	nan_segment	n/a	n/a	n/a	n/a	n/a	n/a	n/a	n/a	n/a	n/a	n/a
64129.552000	5.342000	32064776	nan_segment	n/a	n/a	n/a	n/a	n/a	n/a	n/a	n/a	n/a	n/a	n/a
64175.166667	0.166667	32087583	coarse_label	Blocklist (Data break)	n/a	n/a	n/a	n/a	n/a	n/a	n/a	n/a	n/a	64175.166667
64175.333333	117.566667	32087667	coarse_label		n/a	n/a	n/a	n/a	n/a	n/a	n/a	n/a	n/a	64175.333333
64214.738000	0.633333	32107369	reach_onset	n/a	r_wrist	43.570080	-99.784235	67.643958	0.487336	0.514357	0.433333	1.000000	64214.738000	64214.738000
64285.438000	4.974000	32142719	nan_segment	n/a	n/a	n/a	n/a	n/a	n/a	n/a	n/a	n/a	n/a	n/a
64292.900000	0.133333	32146450	coarse_label	Blocklist (Data break)	n/a	n/a	n/a	n/a	n/a	n/a	n/a	n/a	n/a	64292.900000
64293.033333	152.300000	32146517	coarse_label		n/a	n/a	n/a	n/a	n/a	n/a	n/a	n/a	n/a	64293.033333
64305.770000	1.100000	32152885	reach_onset	n/a	r_wrist	248.757006	-74.879488	52.230005	0.469474	0.580872	1.033333	1.000000	64305.770000	64305.769000
64374.668000	1.900000	32187334	reach_onset	n/a	r_wrist	111.946322	-153.313953	61.462398	0.388567	0.393315	1.100000	1.000000	64374.668000	64374.669000
64376.532000	7.778000	32188266	nan_segment	n/a	n/a	n/a	n/a	n/a	n/a	n/a	n/a	n/a	n/a	n/a
64392.172000	18.192000	32196086	nan_segment	n/a	n/a	n/a	n/a	n/a	n/a	n/a	n/a	n/a	n/a	n/a
64445.333333	0.166667	32222667	coarse_label	Blocklist (Data break)	n/a	n/a	n/a	n/a	n/a	n/a	n/a	n/a	n/a	64445.333333
64445.500000	91.466667	32222750	coarse_label		n/a	n/a	n/a	n/a	n/a	n/a	n/a	n/a	n/a	64445.500000
64459.540000	1.233333	32229770	reach_onset	n/a	r_wrist	69.857050	140.057641	79.109255	0.336168	0.825054	1.066667	1.000000	64459.540000	64459.541000
64464.586000	8.290000	32232293	nan_segment	n/a	n/a	n/a	n/a	n/a	n/a	n/a	n/a	n/a	n/a	n/a
64501.772000	7.900000	32250886	nan_segment	n/a	n/a	n/a	n/a	n/a	n/a	n/a	n/a	n/a	n/a	n/a
64536.966667	0.166667	32268483	coarse_label	Blocklist (Data break)	n/a	n/a	n/a	n/a	n/a	n/a	n/a	n/a	n/a	64536.966667
64537.133333	115.766667	32268567	coarse_label		n/a	n/a	n/a	n/a	n/a	n/a	n/a	n/a	n/a	64537.133333
64616.770000	6.976000	32308385	nan_segment	n/a	n/a	n/a	n/a	n/a	n/a	n/a	n/a	n/a	n/a	n/a
64633.108000	5.268000	32316554	nan_segment	n/a	n/a	n/a	n/a	n/a	n/a	n/a	n/a	n/a	n/a	n/a
64652.900000	0.033333	32326450	coarse_label	Blocklist (Data break)	n/a	n/a	n/a	n/a	n/a	n/a	n/a	n/a	n/a	64652.900000
64652.933333	118.900000	32326467	coarse_label		n/a	n/a	n/a	n/a	n/a	n/a	n/a	n/a	n/a	64652.933333
64658.010000	7.912000	32329005	nan_segment	n/a	n/a	n/a	n/a	n/a	n/a	n/a	n/a	n/a	n/a	n/a
64690.798000	7.880000	32345399	nan_segment	n/a	n/a	n/a	n/a	n/a	n/a	n/a	n/a	n/a	n/a	n/a
64771.833333	0.200000	32385917	coarse_label	Blocklist (Data break)	n/a	n/a	n/a	n/a	n/a	n/a	n/a	n/a	n/a	64771.833333
64772.033333	130.300000	32386017	coarse_label		n/a	n/a	n/a	n/a	n/a	n/a	n/a	n/a	n/a	64772.033333
64836.418000	0.966667	32418209	reach_onset	n/a	r_wrist	90.641876	-121.965606	172.520521	0.164368	0.739765	0.966667	1.000000	64836.418000	64836.419000
64878.230000	4.996000	32439115	nan_segment	n/a	n/a	n/a	n/a	n/a	n/a	n/a	n/a	n/a	n/a	n/a
64902.333333	0.166667	32451167	coarse_label	Blocklist (Data break)	n/a	n/a	n/a	n/a	n/a	n/a	n/a	n/a	n/a	64902.333333
64902.500000	109.700000	32451250	coarse_label		n/a	n/a	n/a	n/a	n/a	n/a	n/a	n/a	n/a	64902.500000
65012.200000	0.166667	32506100	coarse_label	Blocklist (Data break)	n/a	n/a	n/a	n/a	n/a	n/a	n/a	n/a	n/a	65012.200000
65012.366667	119.300000	32506183	coarse_label	Computer/phone	n/a	n/a	n/a	n/a	n/a	n/a	n/a	n/a	n/a	65012.366667
65106.324000	1.866667	32553162	reach_onset	n/a	r_wrist	37.818775	101.279619	17.631148	0.122288	0.903495	0.800000	1.000000	65106.324000	65106.325000
65131.666667	0.133333	32565833	coarse_label	Blocklist (Data break)	n/a	n/a	n/a	n/a	n/a	n/a	n/a	n/a	n/a	65131.666667
65131.800000	124.066667	32565900	coarse_label		n/a	n/a	n/a	n/a	n/a	n/a	n/a	n/a	n/a	65131.800000
65163.068000	4.190000	32581534	nan_segment	n/a	n/a	n/a	n/a	n/a	n/a	n/a	n/a	n/a	n/a	n/a
65169.420000	7.642000	32584710	nan_segment	n/a	n/a	n/a	n/a	n/a	n/a	n/a	n/a	n/a	n/a	n/a
65197.122000	6.266000	32598561	nan_segment	n/a	n/a	n/a	n/a	n/a	n/a	n/a	n/a	n/a	n/a	n/a
65255.866667	0.166667	32627933	coarse_label	Blocklist (Data break)	n/a	n/a	n/a	n/a	n/a	n/a	n/a	n/a	n/a	65255.866667
65256.033333	116.066667	32628017	coarse_label		n/a	n/a	n/a	n/a	n/a	n/a	n/a	n/a	n/a	65256.033333
65372.100000	0.100000	32686050	coarse_label	Blocklist (Data break)	n/a	n/a	n/a	n/a	n/a	n/a	n/a	n/a	n/a	65372.100000
65372.200000	119.500000	32686100	coarse_label		n/a	n/a	n/a	n/a	n/a	n/a	n/a	n/a	n/a	65372.200000
65491.700000	0.033333	32745850	coarse_label	Blocklist (Data break)	n/a	n/a	n/a	n/a	n/a	n/a	n/a	n/a	n/a	65491.700000
65491.733333	120.600000	32745867	coarse_label		n/a	n/a	n/a	n/a	n/a	n/a	n/a	n/a	n/a	65491.733333
65612.333333	0.133333	32806167	coarse_label	Blocklist (Data break)	n/a	n/a	n/a	n/a	n/a	n/a	n/a	n/a	n/a	65612.333333
65612.466667	119.666667	32806233	coarse_label		n/a	n/a	n/a	n/a	n/a	n/a	n/a	n/a	n/a	65612.466667
65732.133333	0.100000	32866067	coarse_label	Blocklist (Data break)	n/a	n/a	n/a	n/a	n/a	n/a	n/a	n/a	n/a	65732.133333
65732.233333	120.066667	32866117	coarse_label		n/a	n/a	n/a	n/a	n/a	n/a	n/a	n/a	n/a	65732.233333
65852.300000	0.066667	32926150	coarse_label	Blocklist (Data break)	n/a	n/a	n/a	n/a	n/a	n/a	n/a	n/a	n/a	65852.300000
65852.366667	119.900000	32926183	coarse_label		n/a	n/a	n/a	n/a	n/a	n/a	n/a	n/a	n/a	65852.366667
65972.266667	0.066667	32986133	coarse_label	Blocklist (Data break)	n/a	n/a	n/a	n/a	n/a	n/a	n/a	n/a	n/a	65972.266667
65972.333333	119.200000	32986167	coarse_label		n/a	n/a	n/a	n/a	n/a	n/a	n/a	n/a	n/a	65972.333333
66091.533333	0.166667	33045767	coarse_label	Blocklist (Data break)	n/a	n/a	n/a	n/a	n/a	n/a	n/a	n/a	n/a	66091.533333
66091.700000	120.500000	33045850	coarse_label		n/a	n/a	n/a	n/a	n/a	n/a	n/a	n/a	n/a	66091.700000
66212.200000	0.200000	33106100	coarse_label	Blocklist (Data break)	n/a	n/a	n/a	n/a	n/a	n/a	n/a	n/a	n/a	66212.200000
66212.400000	121.333333	33106200	coarse_label		n/a	n/a	n/a	n/a	n/a	n/a	n/a	n/a	n/a	66212.400000
66333.733333	0.066667	33166867	coarse_label	Blocklist (Data break)	n/a	n/a	n/a	n/a	n/a	n/a	n/a	n/a	n/a	66333.733333
66333.800000	122.466667	33166900	coarse_label		n/a	n/a	n/a	n/a	n/a	n/a	n/a	n/a	n/a	66333.800000
66456.266667	0.133333	33228133	coarse_label	Blocklist (Data break)	n/a	n/a	n/a	n/a	n/a	n/a	n/a	n/a	n/a	66456.266667
66456.400000	117.033333	33228200	coarse_label		n/a	n/a	n/a	n/a	n/a	n/a	n/a	n/a	n/a	66456.400000
66493.060000	1.100000	33246530	reach_onset	n/a	r_wrist	29.798973	-163.903478	30.104559	0.199077	0.754184	1.100000	1.000000	66493.060000	66493.060000
66573.433333	0.166667	33286717	coarse_label	Blocklist (Data break)	n/a	n/a	n/a	n/a	n/a	n/a	n/a	n/a	n/a	66573.433333
66573.600000	118.266667	33286800	coarse_label		n/a	n/a	n/a	n/a	n/a	n/a	n/a	n/a	n/a	66573.600000
66683.120000	4.118000	33341560	nan_segment	n/a	n/a	n/a	n/a	n/a	n/a	n/a	n/a	n/a	n/a	n/a
66691.866667	0.200000	33345933	coarse_label	Blocklist (Data break)	n/a	n/a	n/a	n/a	n/a	n/a	n/a	n/a	n/a	66691.866667
66692.066667	120.200000	33346033	coarse_label		n/a	n/a	n/a	n/a	n/a	n/a	n/a	n/a	n/a	66692.066667
66739.730000	15.910000	33369865	nan_segment	n/a	n/a	n/a	n/a	n/a	n/a	n/a	n/a	n/a	n/a	n/a
66755.866000	4.876000	33377933	nan_segment	n/a	n/a	n/a	n/a	n/a	n/a	n/a	n/a	n/a	n/a	n/a
66808.630000	4.026000	33404315	nan_segment	n/a	n/a	n/a	n/a	n/a	n/a	n/a	n/a	n/a	n/a	n/a
66812.266667	0.200000	33406133	coarse_label	Blocklist (Data break)	n/a	n/a	n/a	n/a	n/a	n/a	n/a	n/a	n/a	66812.266667
66812.466667	121.700000	33406233	coarse_label		n/a	n/a	n/a	n/a	n/a	n/a	n/a	n/a	n/a	66812.466667
66872.700000	1.900000	33436350	reach_onset	n/a	r_wrist	36.734813	97.941531	68.563040	0.171414	0.509822	1.900000	1.000000	66872.700000	66872.700000
66934.166667	0.133333	33467083	coarse_label	Blocklist (Data break)	n/a	n/a	n/a	n/a	n/a	n/a	n/a	n/a	n/a	66934.166667
66934.300000	119.366667	33467150	coarse_label		n/a	n/a	n/a	n/a	n/a	n/a	n/a	n/a	n/a	66934.300000
66939.842000	4.350000	33469921	nan_segment	n/a	n/a	n/a	n/a	n/a	n/a	n/a	n/a	n/a	n/a	n/a
67053.666667	0.166667	33526833	coarse_label	Blocklist (Data break)	n/a	n/a	n/a	n/a	n/a	n/a	n/a	n/a	n/a	67053.666667
67053.833333	117.666667	33526917	coarse_label		n/a	n/a	n/a	n/a	n/a	n/a	n/a	n/a	n/a	67053.833333
67171.500000	0.233333	33585750	coarse_label	Blocklist (Data break)	n/a	n/a	n/a	n/a	n/a	n/a	n/a	n/a	n/a	67171.500000
67171.733333	131.566667	33585867	coarse_label		n/a	n/a	n/a	n/a	n/a	n/a	n/a	n/a	n/a	67171.733333
67260.358000	2.200000	33630179	reach_onset	n/a	r_wrist	92.785555	66.100729	26.945774	0.149498	0.238013	2.200000	1.000000	67260.358000	67260.358000
67303.300000	0.133333	33651650	coarse_label	Blocklist (Data break)	n/a	n/a	n/a	n/a	n/a	n/a	n/a	n/a	n/a	67303.300000
67303.433333	109.666667	33651717	coarse_label		n/a	n/a	n/a	n/a	n/a	n/a	n/a	n/a	n/a	67303.433333
67372.246000	1.400000	33686123	reach_onset	n/a	r_wrist	87.592682	11.981860	64.819020	0.128151	0.543272	0.933333	1.000000	67372.246000	67372.246000
67412.538000	5.280000	33706269	nan_segment	n/a	n/a	n/a	n/a	n/a	n/a	n/a	n/a	n/a	n/a	n/a
67413.100000	0.166667	33706550	coarse_label	Blocklist (Data break)	n/a	n/a	n/a	n/a	n/a	n/a	n/a	n/a	n/a	67413.100000
67413.266667	118.966667	33706633	coarse_label		n/a	n/a	n/a	n/a	n/a	n/a	n/a	n/a	n/a	67413.266667
67488.650000	3.166667	33744325	reach_onset	n/a	r_wrist	65.278978	6.859493	45.643759	0.069358	0.217130	2.533333	1.000000	67488.650000	67488.651000
67532.233333	0.066667	33766117	coarse_label	Blocklist (Data break)	n/a	n/a	n/a	n/a	n/a	n/a	n/a	n/a	n/a	67532.233333
67532.300000	119.600000	33766150	coarse_label		n/a	n/a	n/a	n/a	n/a	n/a	n/a	n/a	n/a	67532.300000
67590.614000	4.350000	33795307	nan_segment	n/a	n/a	n/a	n/a	n/a	n/a	n/a	n/a	n/a	n/a	n/a
67651.900000	0.266667	33825950	coarse_label	Blocklist (Data break)	n/a	n/a	n/a	n/a	n/a	n/a	n/a	n/a	n/a	67651.900000
67652.166667	120.700000	33826083	coarse_label		n/a	n/a	n/a	n/a	n/a	n/a	n/a	n/a	n/a	67652.166667
67772.866667	0.066667	33886433	coarse_label	Blocklist (Data break)	n/a	n/a	n/a	n/a	n/a	n/a	n/a	n/a	n/a	67772.866667
67772.933333	118.733333	33886467	coarse_label		n/a	n/a	n/a	n/a	n/a	n/a	n/a	n/a	n/a	67772.933333
67891.666667	0.066667	33945833	coarse_label	Blocklist (Data break)	n/a	n/a	n/a	n/a	n/a	n/a	n/a	n/a	n/a	67891.666667
67891.733333	120.733333	33945867	coarse_label		n/a	n/a	n/a	n/a	n/a	n/a	n/a	n/a	n/a	67891.733333
68012.466667	0.100000	34006233	coarse_label	Blocklist (Data break)	n/a	n/a	n/a	n/a	n/a	n/a	n/a	n/a	n/a	68012.466667
68012.566667	119.200000	34006283	coarse_label	Computer/phone	n/a	n/a	n/a	n/a	n/a	n/a	n/a	n/a	n/a	68012.566667
68131.766667	0.066667	34065883	coarse_label	Blocklist (Data break)	n/a	n/a	n/a	n/a	n/a	n/a	n/a	n/a	n/a	68131.766667
68131.833333	120.300000	34065917	coarse_label		n/a	n/a	n/a	n/a	n/a	n/a	n/a	n/a	n/a	68131.833333
68217.036000	4.116000	34108518	nan_segment	n/a	n/a	n/a	n/a	n/a	n/a	n/a	n/a	n/a	n/a	n/a
68252.133333	0.200000	34126067	coarse_label	Blocklist (Data break)	n/a	n/a	n/a	n/a	n/a	n/a	n/a	n/a	n/a	68252.133333
68252.333333	119.400000	34126167	coarse_label		n/a	n/a	n/a	n/a	n/a	n/a	n/a	n/a	n/a	68252.333333
68355.294000	4.268000	34177647	nan_segment	n/a	n/a	n/a	n/a	n/a	n/a	n/a	n/a	n/a	n/a	n/a
68365.912000	4.132000	34182956	nan_segment	n/a	n/a	n/a	n/a	n/a	n/a	n/a	n/a	n/a	n/a	n/a
68371.733333	0.233333	34185867	coarse_label	Blocklist (Data break)	n/a	n/a	n/a	n/a	n/a	n/a	n/a	n/a	n/a	68371.733333
68371.966667	120.566667	34185983	coarse_label		n/a	n/a	n/a	n/a	n/a	n/a	n/a	n/a	n/a	68371.966667
68492.533333	0.066667	34246267	coarse_label	Blocklist (Data break)	n/a	n/a	n/a	n/a	n/a	n/a	n/a	n/a	n/a	68492.533333
68492.600000	119.666667	34246300	coarse_label		n/a	n/a	n/a	n/a	n/a	n/a	n/a	n/a	n/a	68492.600000
68612.266667	0.100000	34306133	coarse_label	Blocklist (Data break)	n/a	n/a	n/a	n/a	n/a	n/a	n/a	n/a	n/a	68612.266667
68612.366667	120.900000	34306183	coarse_label		n/a	n/a	n/a	n/a	n/a	n/a	n/a	n/a	n/a	68612.366667
68679.918000	7.282000	34339959	nan_segment	n/a	n/a	n/a	n/a	n/a	n/a	n/a	n/a	n/a	n/a	n/a
68733.266667	0.100000	34366633	coarse_label	Blocklist (Data break)	n/a	n/a	n/a	n/a	n/a	n/a	n/a	n/a	n/a	68733.266667
68733.366667	118.900000	34366683	coarse_label		n/a	n/a	n/a	n/a	n/a	n/a	n/a	n/a	n/a	68733.366667
68818.638000	4.332000	34409319	nan_segment	n/a	n/a	n/a	n/a	n/a	n/a	n/a	n/a	n/a	n/a	n/a
68852.266667	0.033333	34426133	coarse_label	Blocklist (Data break)	n/a	n/a	n/a	n/a	n/a	n/a	n/a	n/a	n/a	68852.266667
68852.300000	119.800000	34426150	coarse_label		n/a	n/a	n/a	n/a	n/a	n/a	n/a	n/a	n/a	68852.300000
68943.624000	1.000000	34471812	reach_onset	n/a	r_wrist	81.107827	-147.200358	31.863026	0.254240	0.009029	0.000000	0.000000	68943.624000	68943.624000
68951.190000	1.200000	34475595	reach_onset	n/a	r_wrist	53.199333	-143.495485	31.994003	0.252808	0.323078	0.800000	1.000000	68951.190000	68951.191000
68972.100000	0.233333	34486050	coarse_label	Blocklist (Data break)	n/a	n/a	n/a	n/a	n/a	n/a	n/a	n/a	n/a	68972.100000
68972.333333	119.833333	34486167	coarse_label		n/a	n/a	n/a	n/a	n/a	n/a	n/a	n/a	n/a	68972.333333
68992.376000	1.566667	34496188	reach_onset	n/a	r_wrist	57.490926	-152.179726	74.411813	0.255883	0.097928	0.533333	1.000000	68992.376000	68992.377000
69046.110000	1.566667	34523055	reach_onset	n/a	r_wrist	89.429759	19.923440	46.694821	0.214851	0.123452	1.300000	1.000000	69046.110000	69046.110000
69092.166667	0.033333	34546083	coarse_label	Blocklist (Data break)	n/a	n/a	n/a	n/a	n/a	n/a	n/a	n/a	n/a	69092.166667
69092.200000	122.366667	34546100	coarse_label		n/a	n/a	n/a	n/a	n/a	n/a	n/a	n/a	n/a	69092.200000
69096.050000	4.714000	34548025	nan_segment	n/a	n/a	n/a	n/a	n/a	n/a	n/a	n/a	n/a	n/a	n/a
69214.566667	0.166667	34607283	coarse_label	Blocklist (Data break)	n/a	n/a	n/a	n/a	n/a	n/a	n/a	n/a	n/a	69214.566667
69214.733333	117.733333	34607367	coarse_label		n/a	n/a	n/a	n/a	n/a	n/a	n/a	n/a	n/a	69214.733333
69332.466667	0.166667	34666233	coarse_label	Blocklist (Data break)	n/a	n/a	n/a	n/a	n/a	n/a	n/a	n/a	n/a	69332.466667
69332.633333	121.966667	34666317	coarse_label		n/a	n/a	n/a	n/a	n/a	n/a	n/a	n/a	n/a	69332.633333
69454.600000	0.100000	34727300	coarse_label	Blocklist (Data break)	n/a	n/a	n/a	n/a	n/a	n/a	n/a	n/a	n/a	69454.600000
69454.700000	117.700000	34727350	coarse_label		n/a	n/a	n/a	n/a	n/a	n/a	n/a	n/a	n/a	69454.700000
69549.650000	5.552000	34774825	nan_segment	n/a	n/a	n/a	n/a	n/a	n/a	n/a	n/a	n/a	n/a	n/a
69572.400000	0.066667	34786200	coarse_label	Blocklist (Data break)	n/a	n/a	n/a	n/a	n/a	n/a	n/a	n/a	n/a	69572.400000
69572.466667	119.700000	34786233	coarse_label		n/a	n/a	n/a	n/a	n/a	n/a	n/a	n/a	n/a	69572.466667
69692.166667	0.266667	34846083	coarse_label	Blocklist (Data break)	n/a	n/a	n/a	n/a	n/a	n/a	n/a	n/a	n/a	69692.166667
69692.433333	119.900000	34846217	coarse_label		n/a	n/a	n/a	n/a	n/a	n/a	n/a	n/a	n/a	69692.433333
69695.786000	4.982000	34847893	nan_segment	n/a	n/a	n/a	n/a	n/a	n/a	n/a	n/a	n/a	n/a	n/a
69696.182000	1.066667	34848091	reach_onset	n/a	r_wrist	93.650002	24.398555	99.628686	0.165874	0.201541	1.066667	1.000000	69696.182000	69696.182000
69807.418000	6.276000	34903709	nan_segment	n/a	n/a	n/a	n/a	n/a	n/a	n/a	n/a	n/a	n/a	n/a
69812.333333	0.166667	34906167	coarse_label	Blocklist (Data break)	n/a	n/a	n/a	n/a	n/a	n/a	n/a	n/a	n/a	69812.333333
69812.500000	121.266667	34906250	coarse_label		n/a	n/a	n/a	n/a	n/a	n/a	n/a	n/a	n/a	69812.500000
69816.886000	7.714000	34908443	nan_segment	n/a	n/a	n/a	n/a	n/a	n/a	n/a	n/a	n/a	n/a	n/a
69845.880000	6.646000	34922940	nan_segment	n/a	n/a	n/a	n/a	n/a	n/a	n/a	n/a	n/a	n/a	n/a
69862.194000	7.580000	34931097	nan_segment	n/a	n/a	n/a	n/a	n/a	n/a	n/a	n/a	n/a	n/a	n/a
69933.766667	0.066667	34966883	coarse_label	Blocklist (Data break)	n/a	n/a	n/a	n/a	n/a	n/a	n/a	n/a	n/a	69933.766667
69933.833333	118.266667	34966917	coarse_label	Blocklist (Private time)	n/a	n/a	n/a	n/a	n/a	n/a	n/a	n/a	n/a	69933.833333
69946.226000	6.682000	34973113	nan_segment	n/a	n/a	n/a	n/a	n/a	n/a	n/a	n/a	n/a	n/a	n/a
69954.330000	12.920000	34977165	nan_segment	n/a	n/a	n/a	n/a	n/a	n/a	n/a	n/a	n/a	n/a	n/a
70030.334000	12.958000	35015167	nan_segment	n/a	n/a	n/a	n/a	n/a	n/a	n/a	n/a	n/a	n/a	n/a
70044.118000	4.402000	35022059	nan_segment	n/a	n/a	n/a	n/a	n/a	n/a	n/a	n/a	n/a	n/a	n/a
70052.100000	0.133333	35026050	coarse_label	Blocklist (Data break)	n/a	n/a	n/a	n/a	n/a	n/a	n/a	n/a	n/a	70052.100000
70052.233333	119.800000	35026117	coarse_label		n/a	n/a	n/a	n/a	n/a	n/a	n/a	n/a	n/a	70052.233333
70172.033333	0.300000	35086017	coarse_label	Blocklist (Data break)	n/a	n/a	n/a	n/a	n/a	n/a	n/a	n/a	n/a	70172.033333
70172.333333	120.033333	35086167	coarse_label		n/a	n/a	n/a	n/a	n/a	n/a	n/a	n/a	n/a	70172.333333
70292.366667	0.200000	35146183	coarse_label	Blocklist (Data break)	n/a	n/a	n/a	n/a	n/a	n/a	n/a	n/a	n/a	70292.366667
70292.566667	120.333333	35146283	coarse_label		n/a	n/a	n/a	n/a	n/a	n/a	n/a	n/a	n/a	70292.566667
70412.900000	0.100000	35206450	coarse_label	Blocklist (Data break)	n/a	n/a	n/a	n/a	n/a	n/a	n/a	n/a	n/a	70412.900000
70413.000000	121.300000	35206500	coarse_label		n/a	n/a	n/a	n/a	n/a	n/a	n/a	n/a	n/a	70413.000000
70527.636000	5.242000	35263818	nan_segment	n/a	n/a	n/a	n/a	n/a	n/a	n/a	n/a	n/a	n/a	n/a
70534.300000	0.166667	35267150	coarse_label	Blocklist (Data break)	n/a	n/a	n/a	n/a	n/a	n/a	n/a	n/a	n/a	70534.300000
70534.466667	116.966667	35267233	coarse_label		n/a	n/a	n/a	n/a	n/a	n/a	n/a	n/a	n/a	70534.466667
70619.212000	5.268000	35309606	nan_segment	n/a	n/a	n/a	n/a	n/a	n/a	n/a	n/a	n/a	n/a	n/a
70651.433333	0.233333	35325717	coarse_label	Blocklist (Data break)	n/a	n/a	n/a	n/a	n/a	n/a	n/a	n/a	n/a	70651.433333
70651.666667	120.500000	35325833	coarse_label		n/a	n/a	n/a	n/a	n/a	n/a	n/a	n/a	n/a	70651.666667
70772.166667	0.266667	35386083	coarse_label	Blocklist (Data break)	n/a	n/a	n/a	n/a	n/a	n/a	n/a	n/a	n/a	70772.166667
70772.433333	119.500000	35386217	coarse_label		n/a	n/a	n/a	n/a	n/a	n/a	n/a	n/a	n/a	70772.433333
70827.164000	10.736000	35413582	nan_segment	n/a	n/a	n/a	n/a	n/a	n/a	n/a	n/a	n/a	n/a	n/a
70828.228000	1.066667	35414114	reach_onset	n/a	r_wrist	16.634218	-149.646205	10.990801	0.232490	0.695028	0.300000	1.000000	70828.228000	70828.228000
70891.933333	0.166667	35445967	coarse_label	Blocklist (Data break)	n/a	n/a	n/a	n/a	n/a	n/a	n/a	n/a	n/a	70891.933333
70892.100000	120.200000	35446050	coarse_label		n/a	n/a	n/a	n/a	n/a	n/a	n/a	n/a	n/a	70892.100000
70932.772000	4.740000	35466386	nan_segment	n/a	n/a	n/a	n/a	n/a	n/a	n/a	n/a	n/a	n/a	n/a
70997.736000	5.620000	35498868	nan_segment	n/a	n/a	n/a	n/a	n/a	n/a	n/a	n/a	n/a	n/a	n/a
71012.300000	0.100000	35506150	coarse_label	Blocklist (Data break)	n/a	n/a	n/a	n/a	n/a	n/a	n/a	n/a	n/a	71012.300000
71012.400000	119.333333	35506200	coarse_label		n/a	n/a	n/a	n/a	n/a	n/a	n/a	n/a	n/a	71012.400000
71131.733333	0.133333	35565867	coarse_label	Blocklist (Data break)	n/a	n/a	n/a	n/a	n/a	n/a	n/a	n/a	n/a	71131.733333
71131.866667	120.400000	35565933	coarse_label		n/a	n/a	n/a	n/a	n/a	n/a	n/a	n/a	n/a	71131.866667
71243.062000	4.736000	35621531	nan_segment	n/a	n/a	n/a	n/a	n/a	n/a	n/a	n/a	n/a	n/a	n/a
71252.266667	0.166667	35626133	coarse_label	Blocklist (Data break)	n/a	n/a	n/a	n/a	n/a	n/a	n/a	n/a	n/a	71252.266667
71252.433333	119.366667	35626217	coarse_label		n/a	n/a	n/a	n/a	n/a	n/a	n/a	n/a	n/a	71252.433333
71371.800000	0.166667	35685900	coarse_label	Blocklist (Data break)	n/a	n/a	n/a	n/a	n/a	n/a	n/a	n/a	n/a	71371.800000
71371.966667	120.600000	35685983	coarse_label		n/a	n/a	n/a	n/a	n/a	n/a	n/a	n/a	n/a	71371.966667
71472.082000	5.182000	35736041	nan_segment	n/a	n/a	n/a	n/a	n/a	n/a	n/a	n/a	n/a	n/a	n/a
71492.566667	0.133333	35746283	coarse_label	Blocklist (Data break)	n/a	n/a	n/a	n/a	n/a	n/a	n/a	n/a	n/a	71492.566667
71492.700000	120.033333	35746350	coarse_label		n/a	n/a	n/a	n/a	n/a	n/a	n/a	n/a	n/a	71492.700000
71612.733333	0.100000	35806367	coarse_label	Blocklist (Data break)	n/a	n/a	n/a	n/a	n/a	n/a	n/a	n/a	n/a	71612.733333
71612.833333	121.900000	35806417	coarse_label		n/a	n/a	n/a	n/a	n/a	n/a	n/a	n/a	n/a	71612.833333
71734.733333	0.133333	35867367	coarse_label	Blocklist (Data break)	n/a	n/a	n/a	n/a	n/a	n/a	n/a	n/a	n/a	71734.733333
71734.866667	119.700000	35867433	coarse_label		n/a	n/a	n/a	n/a	n/a	n/a	n/a	n/a	n/a	71734.866667
71854.566667	0.166667	35927283	coarse_label	Blocklist (Data break)	n/a	n/a	n/a	n/a	n/a	n/a	n/a	n/a	n/a	71854.566667
71854.733333	117.566667	35927367	coarse_label	Talk, Computer/phone	n/a	n/a	n/a	n/a	n/a	n/a	n/a	n/a	n/a	71854.733333
71972.300000	0.133333	35986150	coarse_label	Blocklist (Data break)	n/a	n/a	n/a	n/a	n/a	n/a	n/a	n/a	n/a	71972.300000
71972.433333	120.133333	35986217	coarse_label		n/a	n/a	n/a	n/a	n/a	n/a	n/a	n/a	n/a	71972.433333
72092.566667	0.100000	36046283	coarse_label	Blocklist (Data break)	n/a	n/a	n/a	n/a	n/a	n/a	n/a	n/a	n/a	72092.566667
72092.666667	120.966667	36046333	coarse_label		n/a	n/a	n/a	n/a	n/a	n/a	n/a	n/a	n/a	72092.666667
72213.633333	0.166667	36106817	coarse_label	Blocklist (Data break)	n/a	n/a	n/a	n/a	n/a	n/a	n/a	n/a	n/a	72213.633333
72213.800000	118.933333	36106900	coarse_label		n/a	n/a	n/a	n/a	n/a	n/a	n/a	n/a	n/a	72213.800000
72332.733333	0.100000	36166367	coarse_label	Blocklist (Data break)	n/a	n/a	n/a	n/a	n/a	n/a	n/a	n/a	n/a	72332.733333
72332.833333	119.266667	36166417	coarse_label		n/a	n/a	n/a	n/a	n/a	n/a	n/a	n/a	n/a	72332.833333
72452.100000	0.133333	36226050	coarse_label	Blocklist (Data break)	n/a	n/a	n/a	n/a	n/a	n/a	n/a	n/a	n/a	72452.100000
72452.233333	120.733333	36226117	coarse_label		n/a	n/a	n/a	n/a	n/a	n/a	n/a	n/a	n/a	72452.233333
72551.086000	0.600000	36275543	reach_onset	n/a	r_wrist	16.709000	-99.559858	29.144055	0.190573	0.735761	0.600000	1.000000	72551.086000	72551.086000
72572.966667	0.200000	36286483	coarse_label	Blocklist (Data break)	n/a	n/a	n/a	n/a	n/a	n/a	n/a	n/a	n/a	72572.966667
72573.166667	118.700000	36286583	coarse_label		n/a	n/a	n/a	n/a	n/a	n/a	n/a	n/a	n/a	72573.166667
72691.866667	0.066667	36345933	coarse_label	Blocklist (Data break)	n/a	n/a	n/a	n/a	n/a	n/a	n/a	n/a	n/a	72691.866667
72691.933333	119.933333	36345967	coarse_label		n/a	n/a	n/a	n/a	n/a	n/a	n/a	n/a	n/a	72691.933333
72811.866667	0.133333	36405933	coarse_label	Blocklist (Data break)	n/a	n/a	n/a	n/a	n/a	n/a	n/a	n/a	n/a	72811.866667
72812.000000	124.500000	36406000	coarse_label		n/a	n/a	n/a	n/a	n/a	n/a	n/a	n/a	n/a	72812.000000
72837.750000	7.450000	36418875	nan_segment	n/a	n/a	n/a	n/a	n/a	n/a	n/a	n/a	n/a	n/a	n/a
72839.800000	0.833333	36419900	reach_onset	n/a	r_wrist	54.289574	31.895727	26.851564	0.163742	0.482838	0.833333	1.000000	72839.800000	72839.799000
72854.966000	1.333333	36427483	reach_onset	n/a	r_wrist	29.163739	54.187413	6.095995	0.163640	0.741255	0.266667	1.000000	72854.966000	72854.966000
72907.840000	7.190000	36453920	nan_segment	n/a	n/a	n/a	n/a	n/a	n/a	n/a	n/a	n/a	n/a	n/a
72929.348000	4.254000	36464674	nan_segment	n/a	n/a	n/a	n/a	n/a	n/a	n/a	n/a	n/a	n/a	n/a
72936.500000	0.166667	36468250	coarse_label	Blocklist (Data break)	n/a	n/a	n/a	n/a	n/a	n/a	n/a	n/a	n/a	72936.500000
72936.666667	115.000000	36468333	coarse_label		n/a	n/a	n/a	n/a	n/a	n/a	n/a	n/a	n/a	72936.666667
73051.666667	0.200000	36525833	coarse_label	Blocklist (Data break)	n/a	n/a	n/a	n/a	n/a	n/a	n/a	n/a	n/a	73051.666667
73051.866667	120.166667	36525933	coarse_label		n/a	n/a	n/a	n/a	n/a	n/a	n/a	n/a	n/a	73051.866667
73172.033333	0.133333	36586017	coarse_label	Blocklist (Data break)	n/a	n/a	n/a	n/a	n/a	n/a	n/a	n/a	n/a	73172.033333
73172.166667	119.666667	36586083	coarse_label		n/a	n/a	n/a	n/a	n/a	n/a	n/a	n/a	n/a	73172.166667
73291.833333	0.233333	36645917	coarse_label	Blocklist (Data break)	n/a	n/a	n/a	n/a	n/a	n/a	n/a	n/a	n/a	73291.833333
73292.066667	122.233333	36646033	coarse_label		n/a	n/a	n/a	n/a	n/a	n/a	n/a	n/a	n/a	73292.066667
73296.584000	5.994000	36648292	nan_segment	n/a	n/a	n/a	n/a	n/a	n/a	n/a	n/a	n/a	n/a	n/a
73298.612000	1.533333	36649306	reach_onset	n/a	r_wrist	102.746327	123.480695	48.447442	0.092870	0.759092	1.500000	1.000000	73298.612000	73298.613000
73364.512000	1.200000	36682256	reach_onset	n/a	r_wrist	122.533709	-66.735130	99.205001	0.090782	0.298159	1.200000	1.000000	73364.512000	73364.513000
73414.300000	0.133333	36707150	coarse_label	Blocklist (Data break)	n/a	n/a	n/a	n/a	n/a	n/a	n/a	n/a	n/a	73414.300000
73414.433333	116.966667	36707217	coarse_label		n/a	n/a	n/a	n/a	n/a	n/a	n/a	n/a	n/a	73414.433333
73451.050000	4.370000	36725525	nan_segment	n/a	n/a	n/a	n/a	n/a	n/a	n/a	n/a	n/a	n/a	n/a
73463.574000	4.354000	36731787	nan_segment	n/a	n/a	n/a	n/a	n/a	n/a	n/a	n/a	n/a	n/a	n/a
73498.982000	0.766667	36749491	reach_onset	n/a	r_wrist	69.771085	-139.260443	84.416193	0.110969	0.218166	0.666667	1.000000	73498.982000	73498.983000
73511.748000	0.933333	36755874	reach_onset	n/a	r_wrist	15.518897	-141.449355	14.197307	0.117129	0.421512	0.400000	1.000000	73511.748000	73511.749000
73513.520000	5.088000	36756760	nan_segment	n/a	n/a	n/a	n/a	n/a	n/a	n/a	n/a	n/a	n/a	n/a
73526.082000	1.300000	36763041	reach_onset	n/a	r_wrist	43.253959	63.636565	22.617489	0.127777	0.334560	0.766667	1.000000	73526.082000	73526.083000
73531.400000	0.166667	36765700	coarse_label	Blocklist (Data break)	n/a	n/a	n/a	n/a	n/a	n/a	n/a	n/a	n/a	73531.400000
73531.566667	120.100000	36765783	coarse_label		n/a	n/a	n/a	n/a	n/a	n/a	n/a	n/a	n/a	73531.566667
73554.600000	1.800000	36777300	reach_onset	n/a	r_wrist	38.163672	82.726384	70.659837	0.159913	0.156699	1.300000	1.000000	73554.600000	73554.599000
73610.998000	0.666667	36805499	reach_onset	n/a	r_wrist	35.896373	-122.870934	78.859648	0.284434	0.246844	0.466667	1.000000	73610.998000	73610.999000
73634.608000	7.582000	36817304	nan_segment	n/a	n/a	n/a	n/a	n/a	n/a	n/a	n/a	n/a	n/a	n/a
73651.666667	0.133333	36825833	coarse_label	Blocklist (Data break)	n/a	n/a	n/a	n/a	n/a	n/a	n/a	n/a	n/a	73651.666667
73651.800000	121.533333	36825900	coarse_label		n/a	n/a	n/a	n/a	n/a	n/a	n/a	n/a	n/a	73651.800000
73682.452000	1.600000	36841226	reach_onset	n/a	r_wrist	137.700489	85.658157	183.782251	0.307776	0.076423	1.533333	1.000000	73682.452000	73682.453000
73773.333333	0.200000	36886667	coarse_label	Blocklist (Data break)	n/a	n/a	n/a	n/a	n/a	n/a	n/a	n/a	n/a	73773.333333
73773.533333	117.833333	36886767	coarse_label		n/a	n/a	n/a	n/a	n/a	n/a	n/a	n/a	n/a	73773.533333
73825.008000	1.333333	36912504	reach_onset	n/a	r_wrist	88.403342	97.243479	54.817224	0.380803	0.009551	0.000000	0.000000	73825.008000	73825.008000
73867.540000	2.100000	36933770	reach_onset	n/a	r_wrist	191.285153	144.240462	384.341086	0.366898	0.012441	0.000000	0.000000	73867.540000	73867.541000
73891.366667	0.200000	36945683	coarse_label	Blocklist (Data break)	n/a	n/a	n/a	n/a	n/a	n/a	n/a	n/a	n/a	73891.366667
73891.566667	121.933333	36945783	coarse_label		n/a	n/a	n/a	n/a	n/a	n/a	n/a	n/a	n/a	73891.566667
73959.060000	1.866667	36979530	reach_onset	n/a	r_wrist	211.460486	-4.026611	139.139295	0.480082	0.004494	0.000000	0.000000	73959.060000	73959.060000
74000.492000	3.133333	37000246	reach_onset	n/a	r_wrist	167.244649	77.488544	50.555914	0.475968	0.005425	1.833333	1.000000	74000.492000	74000.493000
74013.500000	0.100000	37006750	coarse_label	Blocklist (Data break)	n/a	n/a	n/a	n/a	n/a	n/a	n/a	n/a	n/a	74013.500000
74013.600000	118.300000	37006800	coarse_label		n/a	n/a	n/a	n/a	n/a	n/a	n/a	n/a	n/a	74013.600000
74023.798000	0.766667	37011899	reach_onset	n/a	r_wrist	101.359689	139.720074	208.967378	0.469796	0.104312	0.000000	0.000000	74023.798000	74023.799000
74034.866000	0.833333	37017433	reach_onset	n/a	r_wrist	163.505077	-77.187437	84.090258	0.456913	0.081427	0.333333	1.000000	74034.866000	74034.866000
74131.900000	0.133333	37065950	coarse_label	Blocklist (Data break)	n/a	n/a	n/a	n/a	n/a	n/a	n/a	n/a	n/a	74131.900000
74132.033333	119.300000	37066017	coarse_label		n/a	n/a	n/a	n/a	n/a	n/a	n/a	n/a	n/a	74132.033333
74145.676000	2.200000	37072838	reach_onset	n/a	r_wrist	127.746407	60.189035	55.324737	0.169700	0.043142	1.000000	1.000000	74145.676000	74145.676000
74251.333333	0.233333	37125667	coarse_label	Blocklist (Data break)	n/a	n/a	n/a	n/a	n/a	n/a	n/a	n/a	n/a	74251.333333
74251.566667	121.033333	37125783	coarse_label		n/a	n/a	n/a	n/a	n/a	n/a	n/a	n/a	n/a	74251.566667
74372.600000	0.066667	37186300	coarse_label	Blocklist (Data break)	n/a	n/a	n/a	n/a	n/a	n/a	n/a	n/a	n/a	74372.600000
74372.666667	120.033333	37186333	coarse_label		n/a	n/a	n/a	n/a	n/a	n/a	n/a	n/a	n/a	74372.666667
74492.700000	0.133333	37246350	coarse_label	Blocklist (Data break)	n/a	n/a	n/a	n/a	n/a	n/a	n/a	n/a	n/a	74492.700000
74492.833333	118.933333	37246417	coarse_label		n/a	n/a	n/a	n/a	n/a	n/a	n/a	n/a	n/a	74492.833333
74611.766667	0.066667	37305883	coarse_label	Blocklist (Data break)	n/a	n/a	n/a	n/a	n/a	n/a	n/a	n/a	n/a	74611.766667
74611.833333	119.800000	37305917	coarse_label		n/a	n/a	n/a	n/a	n/a	n/a	n/a	n/a	n/a	74611.833333
74730.422000	1.033333	37365211	reach_onset	n/a	r_wrist	29.034610	135.042537	57.307050	0.115658	0.339788	0.000000	0.000000	74730.422000	74730.423000
74731.633333	0.233333	37365817	coarse_label	Blocklist (Data break)	n/a	n/a	n/a	n/a	n/a	n/a	n/a	n/a	n/a	74731.633333
74731.866667	116.866667	37365933	coarse_label		n/a	n/a	n/a	n/a	n/a	n/a	n/a	n/a	n/a	74731.866667
74779.296000	8.548000	37389648	nan_segment	n/a	n/a	n/a	n/a	n/a	n/a	n/a	n/a	n/a	n/a	n/a
74844.602000	1.100000	37422301	reach_onset	n/a	r_wrist	49.104978	76.738440	21.107872	0.110084	0.695927	0.933333	1.000000	74844.602000	74844.602000
74848.733333	4.766667	37424367	coarse_label	Blocklist (Data break)	n/a	n/a	n/a	n/a	n/a	n/a	n/a	n/a	n/a	74848.733333
74853.500000	120.766667	37426750	coarse_label		n/a	n/a	n/a	n/a	n/a	n/a	n/a	n/a	n/a	74853.500000
74921.316000	0.833333	37460658	reach_onset	n/a	r_wrist	41.799805	45.202259	37.417151	0.218759	0.011285	0.000000	0.000000	74921.316000	74921.317000
74974.266667	0.100000	37487133	coarse_label	Blocklist (Data break)	n/a	n/a	n/a	n/a	n/a	n/a	n/a	n/a	n/a	74974.266667
74974.366667	119.400000	37487183	coarse_label		n/a	n/a	n/a	n/a	n/a	n/a	n/a	n/a	n/a	74974.366667
74995.964000	1.833333	37497982	reach_onset	n/a	r_wrist	31.202262	56.567561	64.937055	0.511512	0.010847	0.000000	0.000000	74995.964000	74995.965000
75004.432000	1.800000	37502216	reach_onset	n/a	r_wrist	19.110189	-111.549203	10.284268	0.544125	0.056849	0.000000	0.000000	75004.432000	75004.432000
75093.766667	0.100000	37546883	coarse_label	Blocklist (Data break)	n/a	n/a	n/a	n/a	n/a	n/a	n/a	n/a	n/a	75093.766667
75093.866667	119.400000	37546933	coarse_label		n/a	n/a	n/a	n/a	n/a	n/a	n/a	n/a	n/a	75093.866667
75213.266667	0.200000	37606633	coarse_label	Blocklist (Data break)	n/a	n/a	n/a	n/a	n/a	n/a	n/a	n/a	n/a	75213.266667
75213.466667	120.533333	37606733	coarse_label		n/a	n/a	n/a	n/a	n/a	n/a	n/a	n/a	n/a	75213.466667
75280.836000	1.066667	37640418	reach_onset	n/a	r_wrist	28.075620	55.228506	12.917238	0.143354	0.021434	0.000000	0.000000	75280.836000	75280.837000
75293.170000	1.133333	37646585	reach_onset	n/a	r_wrist	83.945888	88.762864	61.107720	0.148443	0.006367	0.000000	0.000000	75293.170000	75293.170000
75318.204000	1.266667	37659102	reach_onset	n/a	r_wrist	69.445979	-85.459137	137.788788	0.147235	0.002543	0.000000	0.000000	75318.204000	75318.204000
75328.836000	0.733333	37664418	reach_onset	n/a	r_wrist	31.815048	71.933806	59.117152	0.141287	0.006406	0.000000	0.000000	75328.836000	75328.837000
75334.000000	0.166667	37667000	coarse_label	Blocklist (Data break)	n/a	n/a	n/a	n/a	n/a	n/a	n/a	n/a	n/a	75334.000000
75334.166667	119.433333	37667083	coarse_label		n/a	n/a	n/a	n/a	n/a	n/a	n/a	n/a	n/a	75334.166667
75400.274000	5.648000	37700137	nan_segment	n/a	n/a	n/a	n/a	n/a	n/a	n/a	n/a	n/a	n/a	n/a
75453.600000	0.066667	37726800	coarse_label	Blocklist (Data break)	n/a	n/a	n/a	n/a	n/a	n/a	n/a	n/a	n/a	75453.600000
75453.666667	120.433333	37726833	coarse_label		n/a	n/a	n/a	n/a	n/a	n/a	n/a	n/a	n/a	75453.666667
75548.752000	4.902000	37774376	nan_segment	n/a	n/a	n/a	n/a	n/a	n/a	n/a	n/a	n/a	n/a	n/a
75557.684000	9.046000	37778842	nan_segment	n/a	n/a	n/a	n/a	n/a	n/a	n/a	n/a	n/a	n/a	n/a
75574.100000	0.100000	37787050	coarse_label	Blocklist (Data break)	n/a	n/a	n/a	n/a	n/a	n/a	n/a	n/a	n/a	75574.100000
75574.200000	119.033333	37787100	coarse_label	Other activity	n/a	n/a	n/a	n/a	n/a	n/a	n/a	n/a	n/a	75574.200000
75663.514000	4.314000	37831757	nan_segment	n/a	n/a	n/a	n/a	n/a	n/a	n/a	n/a	n/a	n/a	n/a
75683.970000	4.312000	37841985	nan_segment	n/a	n/a	n/a	n/a	n/a	n/a	n/a	n/a	n/a	n/a	n/a
75689.392000	4.298000	37844696	nan_segment	n/a	n/a	n/a	n/a	n/a	n/a	n/a	n/a	n/a	n/a	n/a
75693.233333	0.166667	37846617	coarse_label	Blocklist (Data break)	n/a	n/a	n/a	n/a	n/a	n/a	n/a	n/a	n/a	75693.233333
75693.400000	120.066667	37846700	coarse_label	Computer/phone	n/a	n/a	n/a	n/a	n/a	n/a	n/a	n/a	n/a	75693.400000
75747.070000	6.514000	37873535	nan_segment	n/a	n/a	n/a	n/a	n/a	n/a	n/a	n/a	n/a	n/a	n/a
75782.466000	1.266667	37891233	reach_onset	n/a	r_wrist	15.124627	28.194745	17.645246	0.117361	0.091727	0.100000	1.000000	75782.466000	75782.467000
75813.466667	0.133333	37906733	coarse_label	Blocklist (Data break)	n/a	n/a	n/a	n/a	n/a	n/a	n/a	n/a	n/a	75813.466667
75813.600000	119.766667	37906800	coarse_label	Computer/phone	n/a	n/a	n/a	n/a	n/a	n/a	n/a	n/a	n/a	75813.600000
75876.954000	6.782000	37938477	nan_segment	n/a	n/a	n/a	n/a	n/a	n/a	n/a	n/a	n/a	n/a	n/a
75888.158000	6.452000	37944079	nan_segment	n/a	n/a	n/a	n/a	n/a	n/a	n/a	n/a	n/a	n/a	n/a
75912.236000	7.716000	37956118	nan_segment	n/a	n/a	n/a	n/a	n/a	n/a	n/a	n/a	n/a	n/a	n/a
75933.366667	0.300000	37966683	coarse_label	Blocklist (Data break)	n/a	n/a	n/a	n/a	n/a	n/a	n/a	n/a	n/a	75933.366667
75933.666667	119.500000	37966833	coarse_label	Sleep/rest	n/a	n/a	n/a	n/a	n/a	n/a	n/a	n/a	n/a	75933.666667
76053.166667	0.200000	38026583	coarse_label	Blocklist (Data break)	n/a	n/a	n/a	n/a	n/a	n/a	n/a	n/a	n/a	76053.166667
76053.366667	120.600000	38026683	coarse_label	Sleep/rest	n/a	n/a	n/a	n/a	n/a	n/a	n/a	n/a	n/a	76053.366667
76173.966667	0.266667	38086983	coarse_label	Blocklist (Data break)	n/a	n/a	n/a	n/a	n/a	n/a	n/a	n/a	n/a	76173.966667
76174.233333	122.000000	38087117	coarse_label	Sleep/rest	n/a	n/a	n/a	n/a	n/a	n/a	n/a	n/a	n/a	76174.233333
76296.233333	0.166667	38148117	coarse_label	Blocklist (Data break)	n/a	n/a	n/a	n/a	n/a	n/a	n/a	n/a	n/a	76296.233333
76296.400000	117.333333	38148200	coarse_label	Sleep/rest	n/a	n/a	n/a	n/a	n/a	n/a	n/a	n/a	n/a	76296.400000
76413.733333	0.266667	38206867	coarse_label	Blocklist (Data break)	n/a	n/a	n/a	n/a	n/a	n/a	n/a	n/a	n/a	76413.733333
76414.000000	119.766667	38207000	coarse_label	Sleep/rest	n/a	n/a	n/a	n/a	n/a	n/a	n/a	n/a	n/a	76414.000000
76492.970000	5.280000	38246485	nan_segment	n/a	n/a	n/a	n/a	n/a	n/a	n/a	n/a	n/a	n/a	n/a
76533.766667	0.233333	38266883	coarse_label	Blocklist (Data break)	n/a	n/a	n/a	n/a	n/a	n/a	n/a	n/a	n/a	76533.766667
76534.000000	122.133333	38267000	coarse_label	Sleep/rest	n/a	n/a	n/a	n/a	n/a	n/a	n/a	n/a	n/a	76534.000000
76656.133333	0.233333	38328067	coarse_label	Blocklist (Data break)	n/a	n/a	n/a	n/a	n/a	n/a	n/a	n/a	n/a	76656.133333
76656.366667	118.666667	38328183	coarse_label	Sleep/rest	n/a	n/a	n/a	n/a	n/a	n/a	n/a	n/a	n/a	76656.366667
76775.033333	0.133333	38387517	coarse_label	Blocklist (Data break)	n/a	n/a	n/a	n/a	n/a	n/a	n/a	n/a	n/a	76775.033333
76775.166667	118.766667	38387583	coarse_label	Sleep/rest	n/a	n/a	n/a	n/a	n/a	n/a	n/a	n/a	n/a	76775.166667
76814.558000	4.698000	38407279	nan_segment	n/a	n/a	n/a	n/a	n/a	n/a	n/a	n/a	n/a	n/a	n/a
76893.933333	0.200000	38446967	coarse_label	Blocklist (Data break)	n/a	n/a	n/a	n/a	n/a	n/a	n/a	n/a	n/a	76893.933333
76894.133333	120.900000	38447067	coarse_label	Sleep/rest	n/a	n/a	n/a	n/a	n/a	n/a	n/a	n/a	n/a	76894.133333
77015.033333	0.100000	38507517	coarse_label	Blocklist (Data break)	n/a	n/a	n/a	n/a	n/a	n/a	n/a	n/a	n/a	77015.033333
77015.133333	118.833333	38507567	coarse_label	Sleep/rest	n/a	n/a	n/a	n/a	n/a	n/a	n/a	n/a	n/a	77015.133333
77040.888000	4.248000	38520444	nan_segment	n/a	n/a	n/a	n/a	n/a	n/a	n/a	n/a	n/a	n/a	n/a
77072.374000	4.198000	38536187	nan_segment	n/a	n/a	n/a	n/a	n/a	n/a	n/a	n/a	n/a	n/a	n/a
77133.966667	0.166667	38566983	coarse_label	Blocklist (Data break)	n/a	n/a	n/a	n/a	n/a	n/a	n/a	n/a	n/a	77133.966667
77134.133333	119.333333	38567067	coarse_label	Talk, TV	n/a	n/a	n/a	n/a	n/a	n/a	n/a	n/a	n/a	77134.133333
77142.506000	4.300000	38571253	nan_segment	n/a	n/a	n/a	n/a	n/a	n/a	n/a	n/a	n/a	n/a	n/a
77143.774000	0.433333	38571887	reach_onset	n/a	r_wrist	16.727344	-48.070701	44.613643	0.245408	0.000000	0.433333	1.000000	77143.774000	77143.774000
77168.592000	4.066000	38584296	nan_segment	n/a	n/a	n/a	n/a	n/a	n/a	n/a	n/a	n/a	n/a	n/a
77208.342000	4.214000	38604171	nan_segment	n/a	n/a	n/a	n/a	n/a	n/a	n/a	n/a	n/a	n/a	n/a
77253.466667	0.233333	38626733	coarse_label	Blocklist (Data break)	n/a	n/a	n/a	n/a	n/a	n/a	n/a	n/a	n/a	77253.466667
77253.700000	119.800000	38626850	coarse_label		n/a	n/a	n/a	n/a	n/a	n/a	n/a	n/a	n/a	77253.700000
77373.500000	0.200000	38686750	coarse_label	Blocklist (Data break)	n/a	n/a	n/a	n/a	n/a	n/a	n/a	n/a	n/a	77373.500000
77373.700000	119.633333	38686850	coarse_label		n/a	n/a	n/a	n/a	n/a	n/a	n/a	n/a	n/a	77373.700000
77493.333333	0.100000	38746667	coarse_label	Blocklist (Data break)	n/a	n/a	n/a	n/a	n/a	n/a	n/a	n/a	n/a	77493.333333
77493.433333	120.133333	38746717	coarse_label	Other activity	n/a	n/a	n/a	n/a	n/a	n/a	n/a	n/a	n/a	77493.433333
77541.252000	1.266667	38770626	reach_onset	n/a	r_wrist	65.003157	135.350478	52.207488	0.430837	0.035802	0.000000	0.000000	77541.252000	77541.251000
77550.184000	0.933333	38775092	reach_onset	n/a	r_wrist	63.281913	137.162660	86.356400	0.409269	0.046311	0.000000	0.000000	77550.184000	77550.185000
77553.650000	0.700000	38776825	reach_onset	n/a	r_wrist	68.386302	-152.326025	79.382209	0.401130	0.007807	0.000000	0.000000	77553.650000	77553.651000
77553.982000	8.990000	38776991	nan_segment	n/a	n/a	n/a	n/a	n/a	n/a	n/a	n/a	n/a	n/a	n/a
77613.566667	0.133333	38806783	coarse_label	Blocklist (Data break)	n/a	n/a	n/a	n/a	n/a	n/a	n/a	n/a	n/a	77613.566667
77613.700000	120.000000	38806850	coarse_label	Sleep/rest	n/a	n/a	n/a	n/a	n/a	n/a	n/a	n/a	n/a	77613.700000
77733.700000	0.233333	38866850	coarse_label	Blocklist (Data break)	n/a	n/a	n/a	n/a	n/a	n/a	n/a	n/a	n/a	77733.700000
77733.933333	120.133333	38866967	coarse_label	Sleep/rest	n/a	n/a	n/a	n/a	n/a	n/a	n/a	n/a	n/a	77733.933333
77854.066667	0.300000	38927033	coarse_label	Blocklist (Data break)	n/a	n/a	n/a	n/a	n/a	n/a	n/a	n/a	n/a	77854.066667
77854.366667	118.566667	38927183	coarse_label	Other activity	n/a	n/a	n/a	n/a	n/a	n/a	n/a	n/a	n/a	77854.366667
77969.848000	4.242000	38984924	nan_segment	n/a	n/a	n/a	n/a	n/a	n/a	n/a	n/a	n/a	n/a	n/a
77972.933333	0.266667	38986467	coarse_label	Blocklist (Data break)	n/a	n/a	n/a	n/a	n/a	n/a	n/a	n/a	n/a	77972.933333
77973.200000	120.533333	38986600	coarse_label	Computer/phone	n/a	n/a	n/a	n/a	n/a	n/a	n/a	n/a	n/a	77973.200000
77985.232000	13.940000	38992616	nan_segment	n/a	n/a	n/a	n/a	n/a	n/a	n/a	n/a	n/a	n/a	n/a
78003.414000	6.284000	39001707	nan_segment	n/a	n/a	n/a	n/a	n/a	n/a	n/a	n/a	n/a	n/a	n/a
78013.176000	6.352000	39006588	nan_segment	n/a	n/a	n/a	n/a	n/a	n/a	n/a	n/a	n/a	n/a	n/a
78093.733333	0.200000	39046867	coarse_label	Blocklist (Data break)	n/a	n/a	n/a	n/a	n/a	n/a	n/a	n/a	n/a	78093.733333
78093.933333	119.533333	39046967	coarse_label	Computer/phone	n/a	n/a	n/a	n/a	n/a	n/a	n/a	n/a	n/a	78093.933333
78213.466667	0.200000	39106733	coarse_label	Blocklist (Data break)	n/a	n/a	n/a	n/a	n/a	n/a	n/a	n/a	n/a	78213.466667
78213.666667	119.566667	39106833	coarse_label	Computer/phone	n/a	n/a	n/a	n/a	n/a	n/a	n/a	n/a	n/a	78213.666667
78333.233333	0.166667	39166617	coarse_label	Blocklist (Data break)	n/a	n/a	n/a	n/a	n/a	n/a	n/a	n/a	n/a	78333.233333
78333.400000	119.700000	39166700	coarse_label	Computer/phone	n/a	n/a	n/a	n/a	n/a	n/a	n/a	n/a	n/a	78333.400000
78453.100000	0.100000	39226550	coarse_label	Blocklist (Data break)	n/a	n/a	n/a	n/a	n/a	n/a	n/a	n/a	n/a	78453.100000
78453.200000	119.900000	39226600	coarse_label	Computer/phone	n/a	n/a	n/a	n/a	n/a	n/a	n/a	n/a	n/a	78453.200000
78573.100000	0.133333	39286550	coarse_label	Blocklist (Data break)	n/a	n/a	n/a	n/a	n/a	n/a	n/a	n/a	n/a	78573.100000
78573.233333	120.000000	39286617	coarse_label	Sleep/rest	n/a	n/a	n/a	n/a	n/a	n/a	n/a	n/a	n/a	78573.233333
78675.818000	4.808000	39337909	nan_segment	n/a	n/a	n/a	n/a	n/a	n/a	n/a	n/a	n/a	n/a	n/a
78693.233333	0.133333	39346617	coarse_label	Blocklist (Data break)	n/a	n/a	n/a	n/a	n/a	n/a	n/a	n/a	n/a	78693.233333
78693.366667	125.700000	39346683	coarse_label	Sleep/rest	n/a	n/a	n/a	n/a	n/a	n/a	n/a	n/a	n/a	78693.366667
78819.066667	0.166667	39409533	coarse_label	Blocklist (Data break)	n/a	n/a	n/a	n/a	n/a	n/a	n/a	n/a	n/a	78819.066667
78819.233333	114.800000	39409617	coarse_label	Sleep/rest	n/a	n/a	n/a	n/a	n/a	n/a	n/a	n/a	n/a	78819.233333
78934.033333	0.266667	39467017	coarse_label	Blocklist (Data break)	n/a	n/a	n/a	n/a	n/a	n/a	n/a	n/a	n/a	78934.033333
78934.300000	118.633333	39467150	coarse_label	Sleep/rest	n/a	n/a	n/a	n/a	n/a	n/a	n/a	n/a	n/a	78934.300000
79023.814000	9.850000	39511907	nan_segment	n/a	n/a	n/a	n/a	n/a	n/a	n/a	n/a	n/a	n/a	n/a
79052.933333	0.233333	39526467	coarse_label	Blocklist (Data break)	n/a	n/a	n/a	n/a	n/a	n/a	n/a	n/a	n/a	79052.933333
79053.166667	139.866667	39526583	coarse_label	Sleep/rest	n/a	n/a	n/a	n/a	n/a	n/a	n/a	n/a	n/a	79053.166667
79171.772000	4.100000	39585886	nan_segment	n/a	n/a	n/a	n/a	n/a	n/a	n/a	n/a	n/a	n/a	n/a
79193.033333	0.233333	39596517	coarse_label	Blocklist (Data break)	n/a	n/a	n/a	n/a	n/a	n/a	n/a	n/a	n/a	79193.033333
79193.266667	100.433333	39596633	coarse_label	Sleep/rest	n/a	n/a	n/a	n/a	n/a	n/a	n/a	n/a	n/a	79193.266667
79293.700000	0.266667	39646850	coarse_label	Blocklist (Data break)	n/a	n/a	n/a	n/a	n/a	n/a	n/a	n/a	n/a	79293.700000
79293.966667	121.733333	39646983	coarse_label	Sleep/rest	n/a	n/a	n/a	n/a	n/a	n/a	n/a	n/a	n/a	79293.966667
79415.700000	0.266667	39707850	coarse_label	Blocklist (Data break)	n/a	n/a	n/a	n/a	n/a	n/a	n/a	n/a	n/a	79415.700000
79415.966667	118.766667	39707983	coarse_label	Computer/phone	n/a	n/a	n/a	n/a	n/a	n/a	n/a	n/a	n/a	79415.966667
79502.326000	1.466667	39751163	reach_onset	n/a	r_wrist	157.954504	-142.562555	9.524124	0.207507	0.070738	0.433333	1.000000	79502.326000	79502.326000
79516.538000	4.508000	39758269	nan_segment	n/a	n/a	n/a	n/a	n/a	n/a	n/a	n/a	n/a	n/a	n/a
79534.733333	0.266667	39767367	coarse_label	Blocklist (Data break)	n/a	n/a	n/a	n/a	n/a	n/a	n/a	n/a	n/a	79534.733333
79535.000000	119.766667	39767500	coarse_label	Computer/phone	n/a	n/a	n/a	n/a	n/a	n/a	n/a	n/a	n/a	79535.000000
79654.766667	0.233333	39827383	coarse_label	Blocklist (Data break)	n/a	n/a	n/a	n/a	n/a	n/a	n/a	n/a	n/a	79654.766667
79655.000000	118.433333	39827500	coarse_label	Computer/phone	n/a	n/a	n/a	n/a	n/a	n/a	n/a	n/a	n/a	79655.000000
79773.433333	0.233333	39886717	coarse_label	Blocklist (Data break)	n/a	n/a	n/a	n/a	n/a	n/a	n/a	n/a	n/a	79773.433333
79773.666667	119.766667	39886833	coarse_label	Computer/phone	n/a	n/a	n/a	n/a	n/a	n/a	n/a	n/a	n/a	79773.666667
79837.116000	1.466667	39918558	reach_onset	n/a	r_wrist	145.213336	146.037121	34.478793	0.113119	0.291651	1.366667	1.000000	79837.116000	79837.116000
79893.433333	0.133333	39946717	coarse_label	Blocklist (Data break)	n/a	n/a	n/a	n/a	n/a	n/a	n/a	n/a	n/a	79893.433333
79893.566667	119.633333	39946783	coarse_label	Computer/phone	n/a	n/a	n/a	n/a	n/a	n/a	n/a	n/a	n/a	79893.566667
80013.200000	0.166667	40006600	coarse_label	Blocklist (Data break)	n/a	n/a	n/a	n/a	n/a	n/a	n/a	n/a	n/a	80013.200000
80013.366667	120.766667	40006683	coarse_label	Computer/phone	n/a	n/a	n/a	n/a	n/a	n/a	n/a	n/a	n/a	80013.366667
80134.133333	0.233333	40067067	coarse_label	Blocklist (Data break)	n/a	n/a	n/a	n/a	n/a	n/a	n/a	n/a	n/a	80134.133333
80134.366667	118.566667	40067183	coarse_label	Sleep/rest	n/a	n/a	n/a	n/a	n/a	n/a	n/a	n/a	n/a	80134.366667
80252.933333	0.200000	40126467	coarse_label	Blocklist (Data break)	n/a	n/a	n/a	n/a	n/a	n/a	n/a	n/a	n/a	80252.933333
80253.133333	120.900000	40126567	coarse_label	Sleep/rest	n/a	n/a	n/a	n/a	n/a	n/a	n/a	n/a	n/a	80253.133333
80374.033333	0.266667	40187017	coarse_label	Blocklist (Data break)	n/a	n/a	n/a	n/a	n/a	n/a	n/a	n/a	n/a	80374.033333
80374.300000	118.866667	40187150	coarse_label	Other activity	n/a	n/a	n/a	n/a	n/a	n/a	n/a	n/a	n/a	80374.300000
80493.166667	0.100000	40246583	coarse_label	Blocklist (Data break)	n/a	n/a	n/a	n/a	n/a	n/a	n/a	n/a	n/a	80493.166667
80493.266667	120.066667	40246633	coarse_label	Sleep/rest	n/a	n/a	n/a	n/a	n/a	n/a	n/a	n/a	n/a	80493.266667
80507.256000	3.998000	40253628	nan_segment	n/a	n/a	n/a	n/a	n/a	n/a	n/a	n/a	n/a	n/a	n/a
80537.866000	6.020000	40268933	nan_segment	n/a	n/a	n/a	n/a	n/a	n/a	n/a	n/a	n/a	n/a	n/a
80546.198000	6.038000	40273099	nan_segment	n/a	n/a	n/a	n/a	n/a	n/a	n/a	n/a	n/a	n/a	n/a
80613.333333	0.133333	40306667	coarse_label	Blocklist (Data break)	n/a	n/a	n/a	n/a	n/a	n/a	n/a	n/a	n/a	80613.333333
80613.466667	120.133333	40306733	coarse_label	Sleep/rest	n/a	n/a	n/a	n/a	n/a	n/a	n/a	n/a	n/a	80613.466667
80733.600000	0.233333	40366800	coarse_label	Blocklist (Data break)	n/a	n/a	n/a	n/a	n/a	n/a	n/a	n/a	n/a	80733.600000
80733.833333	120.200000	40366917	coarse_label	Sleep/rest	n/a	n/a	n/a	n/a	n/a	n/a	n/a	n/a	n/a	80733.833333
80854.033333	0.166667	40427017	coarse_label	Blocklist (Data break)	n/a	n/a	n/a	n/a	n/a	n/a	n/a	n/a	n/a	80854.033333
80854.200000	125.000000	40427100	coarse_label	Sleep/rest	n/a	n/a	n/a	n/a	n/a	n/a	n/a	n/a	n/a	80854.200000
80979.200000	0.233333	40489600	coarse_label	Blocklist (Data break)	n/a	n/a	n/a	n/a	n/a	n/a	n/a	n/a	n/a	80979.200000
80979.433333	114.033333	40489717	coarse_label	Sleep/rest	n/a	n/a	n/a	n/a	n/a	n/a	n/a	n/a	n/a	80979.433333
81093.466667	0.266667	40546733	coarse_label	Blocklist (Data break)	n/a	n/a	n/a	n/a	n/a	n/a	n/a	n/a	n/a	81093.466667
81093.733333	126.033333	40546867	coarse_label	Sleep/rest	n/a	n/a	n/a	n/a	n/a	n/a	n/a	n/a	n/a	81093.733333
81219.766667	0.233333	40609883	coarse_label	Blocklist (Data break)	n/a	n/a	n/a	n/a	n/a	n/a	n/a	n/a	n/a	81219.766667
81220.000000	114.033333	40610000	coarse_label	Sleep/rest	n/a	n/a	n/a	n/a	n/a	n/a	n/a	n/a	n/a	81220.000000
81334.033333	0.233333	40667017	coarse_label	Blocklist (Data break)	n/a	n/a	n/a	n/a	n/a	n/a	n/a	n/a	n/a	81334.033333
81334.266667	118.966667	40667133	coarse_label	Sleep/rest	n/a	n/a	n/a	n/a	n/a	n/a	n/a	n/a	n/a	81334.266667
81453.233333	0.133333	40726617	coarse_label	Blocklist (Data break)	n/a	n/a	n/a	n/a	n/a	n/a	n/a	n/a	n/a	81453.233333
81453.366667	120.033333	40726683	coarse_label	Sleep/rest	n/a	n/a	n/a	n/a	n/a	n/a	n/a	n/a	n/a	81453.366667
81573.400000	0.300000	40786700	coarse_label	Blocklist (Data break)	n/a	n/a	n/a	n/a	n/a	n/a	n/a	n/a	n/a	81573.400000
81573.700000	120.166667	40786850	coarse_label	Sleep/rest	n/a	n/a	n/a	n/a	n/a	n/a	n/a	n/a	n/a	81573.700000
81693.866667	0.133333	40846933	coarse_label	Blocklist (Data break)	n/a	n/a	n/a	n/a	n/a	n/a	n/a	n/a	n/a	81693.866667
81694.000000	129.900000	40847000	coarse_label	Sleep/rest	n/a	n/a	n/a	n/a	n/a	n/a	n/a	n/a	n/a	81694.000000
81823.900000	0.200000	40911950	coarse_label	Blocklist (Data break)	n/a	n/a	n/a	n/a	n/a	n/a	n/a	n/a	n/a	81823.900000
81824.100000	110.733333	40912050	coarse_label	Sleep/rest	n/a	n/a	n/a	n/a	n/a	n/a	n/a	n/a	n/a	81824.100000
81934.833333	0.200000	40967417	coarse_label	Blocklist (Data break)	n/a	n/a	n/a	n/a	n/a	n/a	n/a	n/a	n/a	81934.833333
81935.033333	120.266667	40967517	coarse_label	Sleep/rest	n/a	n/a	n/a	n/a	n/a	n/a	n/a	n/a	n/a	81935.033333
82055.300000	0.133333	41027650	coarse_label	Blocklist (Data break)	n/a	n/a	n/a	n/a	n/a	n/a	n/a	n/a	n/a	82055.300000
82055.433333	117.833333	41027717	coarse_label	Sleep/rest	n/a	n/a	n/a	n/a	n/a	n/a	n/a	n/a	n/a	82055.433333
82173.266667	0.200000	41086633	coarse_label	Blocklist (Data break)	n/a	n/a	n/a	n/a	n/a	n/a	n/a	n/a	n/a	82173.266667
82173.466667	120.266667	41086733	coarse_label	Sleep/rest	n/a	n/a	n/a	n/a	n/a	n/a	n/a	n/a	n/a	82173.466667
82293.733333	0.166667	41146867	coarse_label	Blocklist (Data break)	n/a	n/a	n/a	n/a	n/a	n/a	n/a	n/a	n/a	82293.733333
82293.900000	118.933333	41146950	coarse_label	Sleep/rest	n/a	n/a	n/a	n/a	n/a	n/a	n/a	n/a	n/a	82293.900000
82412.833333	0.300000	41206417	coarse_label	Blocklist (Data break)	n/a	n/a	n/a	n/a	n/a	n/a	n/a	n/a	n/a	82412.833333
82413.133333	120.300000	41206567	coarse_label	Sleep/rest	n/a	n/a	n/a	n/a	n/a	n/a	n/a	n/a	n/a	82413.133333
82533.433333	0.100000	41266717	coarse_label	Blocklist (Data break)	n/a	n/a	n/a	n/a	n/a	n/a	n/a	n/a	n/a	82533.433333
82533.533333	120.166667	41266767	coarse_label	Sleep/rest	n/a	n/a	n/a	n/a	n/a	n/a	n/a	n/a	n/a	82533.533333
82653.700000	0.233333	41326850	coarse_label	Blocklist (Data break)	n/a	n/a	n/a	n/a	n/a	n/a	n/a	n/a	n/a	82653.700000
82653.933333	120.266667	41326967	coarse_label	Sleep/rest	n/a	n/a	n/a	n/a	n/a	n/a	n/a	n/a	n/a	82653.933333
82774.200000	0.133333	41387100	coarse_label	Blocklist (Data break)	n/a	n/a	n/a	n/a	n/a	n/a	n/a	n/a	n/a	82774.200000
82774.333333	120.133333	41387167	coarse_label	Sleep/rest	n/a	n/a	n/a	n/a	n/a	n/a	n/a	n/a	n/a	82774.333333
82894.466667	0.300000	41447233	coarse_label	Blocklist (Data break)	n/a	n/a	n/a	n/a	n/a	n/a	n/a	n/a	n/a	82894.466667
82894.766667	118.933333	41447383	coarse_label	Sleep/rest	n/a	n/a	n/a	n/a	n/a	n/a	n/a	n/a	n/a	82894.766667
83013.700000	0.233333	41506850	coarse_label	Blocklist (Data break)	n/a	n/a	n/a	n/a	n/a	n/a	n/a	n/a	n/a	83013.700000
83013.933333	120.100000	41506967	coarse_label	Sleep/rest	n/a	n/a	n/a	n/a	n/a	n/a	n/a	n/a	n/a	83013.933333
83134.033333	0.300000	41567017	coarse_label	Blocklist (Data break)	n/a	n/a	n/a	n/a	n/a	n/a	n/a	n/a	n/a	83134.033333
83134.333333	120.100000	41567167	coarse_label	Sleep/rest	n/a	n/a	n/a	n/a	n/a	n/a	n/a	n/a	n/a	83134.333333
83254.433333	0.266667	41627217	coarse_label	Blocklist (Data break)	n/a	n/a	n/a	n/a	n/a	n/a	n/a	n/a	n/a	83254.433333
83254.700000	119.033333	41627350	coarse_label	Sleep/rest	n/a	n/a	n/a	n/a	n/a	n/a	n/a	n/a	n/a	83254.700000
83373.733333	0.200000	41686867	coarse_label	Blocklist (Data break)	n/a	n/a	n/a	n/a	n/a	n/a	n/a	n/a	n/a	83373.733333
83373.933333	119.100000	41686967	coarse_label	Sleep/rest	n/a	n/a	n/a	n/a	n/a	n/a	n/a	n/a	n/a	83373.933333
83493.033333	0.166667	41746517	coarse_label	Blocklist (Data break)	n/a	n/a	n/a	n/a	n/a	n/a	n/a	n/a	n/a	83493.033333
83493.200000	120.333333	41746600	coarse_label	Sleep/rest	n/a	n/a	n/a	n/a	n/a	n/a	n/a	n/a	n/a	83493.200000
83613.533333	0.166667	41806767	coarse_label	Blocklist (Data break)	n/a	n/a	n/a	n/a	n/a	n/a	n/a	n/a	n/a	83613.533333
83613.700000	120.300000	41806850	coarse_label	Sleep/rest	n/a	n/a	n/a	n/a	n/a	n/a	n/a	n/a	n/a	83613.700000
83734.000000	0.133333	41867000	coarse_label	Blocklist (Data break)	n/a	n/a	n/a	n/a	n/a	n/a	n/a	n/a	n/a	83734.000000
83734.133333	121.500000	41867067	coarse_label	Sleep/rest	n/a	n/a	n/a	n/a	n/a	n/a	n/a	n/a	n/a	83734.133333
83855.633333	0.200000	41927817	coarse_label	Blocklist (Data break)	n/a	n/a	n/a	n/a	n/a	n/a	n/a	n/a	n/a	83855.633333
83855.833333	117.866667	41927917	coarse_label	Sleep/rest	n/a	n/a	n/a	n/a	n/a	n/a	n/a	n/a	n/a	83855.833333
83973.700000	0.100000	41986850	coarse_label	Blocklist (Data break)	n/a	n/a	n/a	n/a	n/a	n/a	n/a	n/a	n/a	83973.700000
83973.800000	131.033333	41986900	coarse_label	Sleep/rest	n/a	n/a	n/a	n/a	n/a	n/a	n/a	n/a	n/a	83973.800000
84104.833333	0.233333	42052417	coarse_label	Blocklist (Data break)	n/a	n/a	n/a	n/a	n/a	n/a	n/a	n/a	n/a	84104.833333
84105.066667	108.200000	42052533	coarse_label	Sleep/rest	n/a	n/a	n/a	n/a	n/a	n/a	n/a	n/a	n/a	84105.066667
84213.266667	0.133333	42106633	coarse_label	Blocklist (Data break)	n/a	n/a	n/a	n/a	n/a	n/a	n/a	n/a	n/a	84213.266667
84213.400000	120.266667	42106700	coarse_label	Sleep/rest	n/a	n/a	n/a	n/a	n/a	n/a	n/a	n/a	n/a	84213.400000
84333.666667	0.166667	42166833	coarse_label	Blocklist (Data break)	n/a	n/a	n/a	n/a	n/a	n/a	n/a	n/a	n/a	84333.666667
84333.833333	120.266667	42166917	coarse_label	Sleep/rest	n/a	n/a	n/a	n/a	n/a	n/a	n/a	n/a	n/a	84333.833333
84454.100000	0.100000	42227050	coarse_label	Blocklist (Data break)	n/a	n/a	n/a	n/a	n/a	n/a	n/a	n/a	n/a	84454.100000
84454.200000	119.000000	42227100	coarse_label	Sleep/rest	n/a	n/a	n/a	n/a	n/a	n/a	n/a	n/a	n/a	84454.200000
84573.200000	0.233333	42286600	coarse_label	Blocklist (Data break)	n/a	n/a	n/a	n/a	n/a	n/a	n/a	n/a	n/a	84573.200000
84573.433333	120.133333	42286717	coarse_label	Sleep/rest	n/a	n/a	n/a	n/a	n/a	n/a	n/a	n/a	n/a	84573.433333
84693.566667	0.300000	42346783	coarse_label	Blocklist (Data break)	n/a	n/a	n/a	n/a	n/a	n/a	n/a	n/a	n/a	84693.566667
84693.866667	120.233333	42346933	coarse_label	Sleep/rest	n/a	n/a	n/a	n/a	n/a	n/a	n/a	n/a	n/a	84693.866667
84814.100000	0.166667	42407050	coarse_label	Blocklist (Data break)	n/a	n/a	n/a	n/a	n/a	n/a	n/a	n/a	n/a	84814.100000
84814.266667	119.100000	42407133	coarse_label	Sleep/rest	n/a	n/a	n/a	n/a	n/a	n/a	n/a	n/a	n/a	84814.266667
84933.366667	0.100000	42466683	coarse_label	Blocklist (Data break)	n/a	n/a	n/a	n/a	n/a	n/a	n/a	n/a	n/a	84933.366667
84933.466667	120.133333	42466733	coarse_label	Sleep/rest	n/a	n/a	n/a	n/a	n/a	n/a	n/a	n/a	n/a	84933.466667
85053.600000	0.300000	42526800	coarse_label	Blocklist (Data break)	n/a	n/a	n/a	n/a	n/a	n/a	n/a	n/a	n/a	85053.600000
85053.900000	119.100000	42526950	coarse_label	Sleep/rest	n/a	n/a	n/a	n/a	n/a	n/a	n/a	n/a	n/a	85053.900000
85173.000000	0.166667	42586500	coarse_label	Blocklist (Data break)	n/a	n/a	n/a	n/a	n/a	n/a	n/a	n/a	n/a	85173.000000
85173.166667	120.200000	42586583	coarse_label	Sleep/rest	n/a	n/a	n/a	n/a	n/a	n/a	n/a	n/a	n/a	85173.166667
85293.366667	0.200000	42646683	coarse_label	Blocklist (Data break)	n/a	n/a	n/a	n/a	n/a	n/a	n/a	n/a	n/a	85293.366667
85293.566667	120.233333	42646783	coarse_label	Sleep/rest	n/a	n/a	n/a	n/a	n/a	n/a	n/a	n/a	n/a	85293.566667
85413.800000	0.133333	42706900	coarse_label	Blocklist (Data break)	n/a	n/a	n/a	n/a	n/a	n/a	n/a	n/a	n/a	85413.800000
85413.933333	119.000000	42706967	coarse_label	Sleep/rest	n/a	n/a	n/a	n/a	n/a	n/a	n/a	n/a	n/a	85413.933333
85532.933333	0.233333	42766467	coarse_label	Blocklist (Data break)	n/a	n/a	n/a	n/a	n/a	n/a	n/a	n/a	n/a	85532.933333
85533.166667	119.866667	42766583	coarse_label	Sleep/rest	n/a	n/a	n/a	n/a	n/a	n/a	n/a	n/a	n/a	85533.166667
85653.033333	0.133333	42826517	coarse_label	Blocklist (Data break)	n/a	n/a	n/a	n/a	n/a	n/a	n/a	n/a	n/a	85653.033333
85653.166667	119.833333	42826583	coarse_label	Sleep/rest	n/a	n/a	n/a	n/a	n/a	n/a	n/a	n/a	n/a	85653.166667
85773.000000	0.166667	42886500	coarse_label	Blocklist (Data break)	n/a	n/a	n/a	n/a	n/a	n/a	n/a	n/a	n/a	85773.000000
85773.166667	119.700000	42886583	coarse_label	Sleep/rest	n/a	n/a	n/a	n/a	n/a	n/a	n/a	n/a	n/a	85773.166667
85892.866667	0.300000	42946433	coarse_label	Blocklist (Data break)	n/a	n/a	n/a	n/a	n/a	n/a	n/a	n/a	n/a	85892.866667
85893.166667	119.833333	42946583	coarse_label	Sleep/rest	n/a	n/a	n/a	n/a	n/a	n/a	n/a	n/a	n/a	85893.166667
86013.000000	0.166667	43006500	coarse_label	Blocklist (Data break)	n/a	n/a	n/a	n/a	n/a	n/a	n/a	n/a	n/a	86013.000000
86013.166667	119.733333	43006583	coarse_label	Sleep/rest	n/a	n/a	n/a	n/a	n/a	n/a	n/a	n/a	n/a	86013.166667
86132.900000	0.266667	43066450	coarse_label	Blocklist (Data break)	n/a	n/a	n/a	n/a	n/a	n/a	n/a	n/a	n/a	86132.900000
86133.166667	119.866667	43066583	coarse_label	Sleep/rest	n/a	n/a	n/a	n/a	n/a	n/a	n/a	n/a	n/a	86133.166667
86253.033333	0.133333	43126517	coarse_label	Blocklist (Data break)	n/a	n/a	n/a	n/a	n/a	n/a	n/a	n/a	n/a	86253.033333
86253.166667	119.800000	43126583	coarse_label	Sleep/rest	n/a	n/a	n/a	n/a	n/a	n/a	n/a	n/a	n/a	86253.166667
86372.966667	27.033333	43186483	coarse_label	Blocklist (Data break)	n/a	n/a	n/a	n/a	n/a	n/a	n/a	n/a	n/a	86372.966667
